Date,Message,Image Link,Likes,Comments,Shares,Link Clicks,Engagements,Reach,Organic Reach,Impressions
2023-01-04,"#totc2023 is about educating the global drinks community. But, at TOTCF, we're also acting as a catalyst to advance + support all of the communities we touch. Join us in this mission through the 2023 philanthropy and development grant program!✨

The 2023 grant process is focused on bartender welfare & well-being. We're now accepting submissions for projects that improve the lives of bartenders and hospitality workers in the areas of:

👉 Equity,
👉 Advocacy,
👉 Healthcare,
👉 Mental health,
👉 Education,
👉 Workplace safety,
👉 And more!

 The grant portal will close on February 3, 2023. Submit your proposal here: https://bit.ly/3gCHC1o

#totcf

Cointreau | Edrington Americas | Bulleit",https://scontent-fra3-2.xx.fbcdn.net/v/t39.30808-6/323408090_1302579247202850_8863857074014036096_n.jpg?stp=dst-jpg_p720x720&_nc_cat=111&ccb=1-7&_nc_sid=127cfc&_nc_ohc=p9RQQMnsiqQQ7kNvgFTtEA_&_nc_ht=scontent-fra3-2.xx&edm=AKIiGfEEAAAA&oh=00_AYAx0p0dvmxG6_mqEkS7Y6kbV5p144tZtrN9rvAd8JVmzw&oe=66F64FAA,1,0,0,0,1,632,829,829
2023-01-05,"We're selecting bartenders from around the globe to be a part of the new class of Cocktail Apprentices — Are you ready to be a 2023 CAP Red Coat❓🎓

Our Red Coats receive world-class education & mentorship by working alongside some of the best in the drinks industry during Tales of the Cocktail 2023! Be a part of the 15th anniversary CAP class and apply here: https://bit.ly/3G1c51I

#CAPRedCoat2023  #CAP2023 #TalesoftheCocktail2023 #totc2023 #totcf",https://scontent-fra5-1.xx.fbcdn.net/v/t39.30808-6/324270444_1103203197015230_7828784959628572024_n.jpg?stp=dst-jpg_p720x720&_nc_cat=102&ccb=1-7&_nc_sid=127cfc&_nc_ohc=wRzcDbxm8rQQ7kNvgFF_rX1&_nc_ht=scontent-fra5-1.xx&edm=AKIiGfEEAAAA&oh=00_AYDSDNJM-LwTGy__mZt-8DQmOQz9ohZLyceitRfp9IQnXA&oe=66F65426,5,0,4,36,5,1995,3450,3711
2023-01-06,"Checking-in to Tales of the Cocktail 2023?🧳 Book your stay at The Ritz-Carlton, New Orleans!✨

Event attendees are invited to secure their luxury hotel suites early, as the last day to book is Monday, June 26, 2023 (pending availability).  Find yourself only floors above the July 23 - 28 global cocktail conference by booking your stay here: https://bit.ly/3LFYYVv

#totc2023 #totc #TalesoftheCocktail2023 #totcf #ritzcarltonneworleans",https://scontent-fra3-1.xx.fbcdn.net/v/t15.5256-10/319681774_834554887646831_616396028031839126_n.jpg?_nc_cat=101&ccb=1-7&_nc_sid=7965db&_nc_ohc=DreIq0PBMe0Q7kNvgFNf5m5&_nc_ht=scontent-fra3-1.xx&edm=AKIiGfEEAAAA&oh=00_AYDFDrr3yN_0SQKJdn5eCAS31wJqwlkUxXDVqjC3Lt0EOA&oe=66F658EE,9,0,2,11,9,770,1314,1400
2023-01-07,"Craving something refreshing? Something soothing? It sounds like we're on the same 'wavelength!'😉 Enjoy the 🔉Mr. McIntosh🔉 from The Wild in Denver, CO ⬇️

🔉 Rye whiskey
🔉 Pasubio amaro
🔉 Spiced apple cider
🔉 Lemon
🔉 Cardamom

TOTCF aims to support the worldwide cocktail community by sharing bartenders' creative concoctions & innovative recipes. Submit yours for an opportunity to be featured on our channels here: https://forms.gle/PjDunJWdgnEt7QnS9

#totcf",https://scontent-fra5-1.xx.fbcdn.net/v/t39.30808-6/322134967_495629076057056_5118549348308531443_n.jpg?stp=dst-jpg_p720x720&_nc_cat=100&ccb=1-7&_nc_sid=127cfc&_nc_ohc=_wmCemLp2ngQ7kNvgFz4xsX&_nc_ht=scontent-fra5-1.xx&edm=AKIiGfEEAAAA&oh=00_AYAzHmCHPDuWjY27Mam3HbMB2XZez1xPRDJbkw13sVapcA&oe=66F66048,2,0,0,0,2,1721,2014,2050
2023-01-08,"The holiday season may be over, but this festive, wintery cocktail is still guaranteed to make you melt!😍 Try the 🍫White Chocolate Oolong 🍫 from the Silverleaf cocktail bar in London! ⬇️

🍫 Nikka Days Whisky⁠
🍫 Salted egg yolk⁠
🍫 Oolong⁠
🍫 White chocolate⁠

TOTCF aims to support the worldwide cocktail community by sharing bartenders' creative concoctions & innovative recipes. Submit yours for an opportunity to be featured on our channels here: https://forms.gle/PjDunJWdgnEt7QnS9

#totcf",https://scontent-fra5-1.xx.fbcdn.net/v/t39.30808-6/323906504_3441683312755173_1583121978027235330_n.jpg?stp=dst-jpg_p720x720&_nc_cat=100&ccb=1-7&_nc_sid=127cfc&_nc_ohc=1M1MRH7rlX8Q7kNvgGPro6_&_nc_ht=scontent-fra5-1.xx&edm=AKIiGfEEAAAA&oh=00_AYDIbFQrncQtDG_DzLQ-H3ia0VdwRWXHkT68mniLKffpwA&oe=66F65967,10,0,0,0,10,2464,2788,2829
2023-01-09,"There are countless complex issues that our drinks community members face everyday. Below are several previous stories we highlighted in order to educate on adversities faced based on race, sexuality, and gender, and to celebrate the progress made for these diverse communities to achieve equity & equality over the last 20 years in our industry ⬇️

1️⃣ For #BlackHistoryMonth, Chanta Hunter retold her story as a black female bartender and the moment she realized she wasn't A Bartender, but The Bartender.
2️⃣ For #WomensHistoryMonth, Allison Parc of Brenne Whisky retold her story as a woman whisky founder and reflects on the past, present and future of the industry by talking with other women on what 20 years of progress looks like to them.
3️⃣ For #AAPIHeritageMonth, Kevin Diedrich of Pacific Cocktail Haven and Kona Street Market Bar talked about his self-discovery as a Filipino bartender who identifies as that and so much more.
4️⃣ For #PrideMonth, Chelsea Gregoire reflected on what 20 years of progress within the spirits industry has looked like to them and how Pride Month is a great time to meditate on the idea of where we've been, and where we're going.

Follow the link to our blog and explore each of their stories: https://bit.ly/3W2JAaU

#totcf #totc2022heritagemonthseries",https://scontent-fra5-2.xx.fbcdn.net/v/t39.30808-6/324754727_1929909497353529_8738810528134450982_n.jpg?stp=dst-jpg_p720x720&_nc_cat=109&ccb=1-7&_nc_sid=127cfc&_nc_ohc=z7sbzUvE_XoQ7kNvgFf2nCZ&_nc_ht=scontent-fra5-2.xx&edm=AKIiGfEEAAAA&oh=00_AYBvLhDbgROoaPlsFgjkSS-KpMWXzpO690iVaddesDw6yA&oe=66F6700F,1,0,0,0,1,393,631,651
2023-01-11,"Why celebrate #HotToddyDay with just 1️⃣ Hot Toddy, when you could celebrate with the 🤜Fistful of Toddies🤛 from Chris Hewes at Nella Kitchen & Bar? Enjoy the recipe below ⬇️

🤜 The Real McCoy 12-year Rum
🤜 Tempus Fugit Crème de Cacao
🤜 Lemon Juice
🤜 Amaro Nonino
🤜 Black Walnut Bitters
🤜 Blackberry Elderflower Vegan Foam
🤜 Dash of Seasonal Spices

TOTCF aims to support the worldwide cocktail community by sharing bartenders' creative concoctions & innovative recipes. Submit yours for an opportunity to be featured on our channels here: https://forms.gle/PjDunJWdgnEt7QnS9

#totcf",https://scontent-fra5-1.xx.fbcdn.net/v/t39.30808-6/324929812_411885444458633_156011826919876930_n.jpg?stp=dst-jpg_s720x720&_nc_cat=102&ccb=1-7&_nc_sid=127cfc&_nc_ohc=s2CEO7BCUNUQ7kNvgF38D4T&_nc_ht=scontent-fra5-1.xx&edm=AKIiGfEEAAAA&oh=00_AYCbEhUYRvzCy4lE3cvASjGkc3mfKfBQLVnQyJin4NAlTA&oe=66F66516,9,0,0,1,9,2001,2325,2355
2023-01-13,"At Tales of the Cocktail, we explore themes beyond traditional spirits education. We invite the entire drinks community to take an educational + supportive journey with us... Beyond the Bar!✨

Beyond the Bar is the physical and creative space for TOTCF’s global community to join together and address challenges and opportunities within the global drinks industry, including; mental and physical health, intersectionality, substance use, sexual harassment, diversity, equity, and sustainability.

From dedicated education workshops to events and webinars to facilitate discourse, explore our recent Beyond the Bar programming here: https://bit.ly/3yFjguC

#totcf #BeyondTheBar",https://scontent-fra5-1.xx.fbcdn.net/v/t39.30808-6/325498035_1207952013428864_6823169430692027883_n.jpg?stp=dst-jpg_s1080x2048&_nc_cat=100&ccb=1-7&_nc_sid=127cfc&_nc_ohc=sYWyqoenv78Q7kNvgHx0Eaf&_nc_ht=scontent-fra5-1.xx&edm=AKIiGfEEAAAA&oh=00_AYBTtYsF86kDENR0enriSadFV6Th1s4eAFhddZ8Ylzlz8g&oe=66F66E19,2,0,1,0,4,1578,1917,2351
2023-01-15,"We'd like to make this one our 'mane' squeeze! Try the 🦁Lion Heart🦁 from The Green Room! ⬇️

🦁 Mezcal
🦁 Galliano Apéritif
🦁 Papaya Juice
🦁 Lemon

TOTCF aims to support the worldwide cocktail community by sharing bartenders' creative concoctions & innovative recipes. Submit yours for an opportunity to be featured on our channels here: https://forms.gle/PjDunJWdgnEt7QnS9

#totcf",https://scontent-fra5-1.xx.fbcdn.net/v/t39.30808-6/325281835_1262116161315929_7513090351795972616_n.jpg?stp=dst-jpg_s720x720&_nc_cat=102&ccb=1-7&_nc_sid=127cfc&_nc_ohc=JKIvfm7NZyUQ7kNvgENPjJ3&_nc_ht=scontent-fra5-1.xx&edm=AKIiGfEEAAAA&oh=00_AYDpDE7BKSaWZGf_2t86L7R91MlQu4C_qpBrB1j1ljZYTA&oe=66F657F6,13,0,1,2,13,2285,2704,2778
2023-01-17,"Diversity within our drinks community, whether it be unique traditions or customs, define the history and future of our industry. Below are several more stories we previously highlighted in order to educate on adversities faced because of race and culture, and to celebrate the progress made for these diverse communities to achieve equity & equality over the last 20 years in our industry ⬇️

➡️ For #LatinHeritageMonth, Anthony Mixology, Bar Manager at DOYA, reflected on interconnection of latin cultures, the nostalgia & tradition in his bar program, and what it means to him to be Latin American.
➡️ For #NativeAmericanHeritageMonth, Chockie Tom, Co-founder of Doommersive and⁠ Indigenous Hospitality Activist, touched on the Indigenous contributions to the drink space and highlighted Indigenous people changing the landscape of our industry today.⁠
➡️ For #Juneteenth, Tiffanie Barriere recounts the history of the holiday, her childhood experiences on it, and speaks to the Red Drink being a solid symbol of liberation, happiness and recognition of her ancestors.

Explore each of their stories here: https://bit.ly/3W2JAaU

#totcf #totc2022heritagemonthseries",https://scontent-fra3-1.xx.fbcdn.net/v/t39.30808-6/325952848_449009343981327_4251049182759248875_n.jpg?stp=dst-jpg_p720x720&_nc_cat=108&ccb=1-7&_nc_sid=127cfc&_nc_ohc=OEsbquj-EIcQ7kNvgHx6G62&_nc_ht=scontent-fra3-1.xx&edm=AKIiGfEEAAAA&oh=00_AYD5ll7rwBKegnxzezGLRX6k0cuGj_n60z3U1fp_7bnj-A&oe=66F6829E,2,0,0,0,4,873,1193,1298
2023-01-18,"A delicious cocktail + An excellent literary reference = 'Grapeness' achieved!🥇 Check out the 🍇Grapes of Wrath🍇 recipe from Jesse Cyr (@cocktailsbyjesse)! ⬇️

🍇 Hennessy VS
🍇 Orgeat
🍇 Lemon
🍇 Giffard Apricot
🍇 Angostura

TOTCF aims to support the worldwide cocktail community by sharing bartenders' creative concoctions & innovative recipes. Submit yours for an opportunity to be featured on our channels here: https://forms.gle/PjDunJWdgnEt7QnS9

#totcf",https://scontent-fra5-2.xx.fbcdn.net/v/t39.30808-6/326011730_724080775961043_313100923173410500_n.jpg?stp=dst-jpg_p720x720&_nc_cat=106&ccb=1-7&_nc_sid=127cfc&_nc_ohc=JS_bk7Yc7u4Q7kNvgGjxp5X&_nc_ht=scontent-fra5-2.xx&edm=AKIiGfEEAAAA&oh=00_AYBUkXwVhOJz6FkziRBuXZs-Ce8_9uRYO16nVitNN746XA&oe=66F65E4B,10,0,0,1,11,2749,3274,3308
2023-01-25,"Happy #IrishCoffeeDay!☕️ We're celebrating with the the Lords of the Beans themselves, Bushmills Irish Whiskey & Dead Rabbit NYC! Check out the photo + recipe from their #TOTC2022 event — ""The Dead Rabbit Comes to Nola!"" ⬇️⁠

☕️ Bushmills Original
☕️ Demerara 
☕️ Aromatic Coffee 
☕️ Freshly Whipped Cream

📸: Bryan Tarnowski

TOTCF aims to support the worldwide cocktail community by sharing bartenders' creative concoctions & innovative recipes. Submit yours for an opportunity to be featured on our channels here: https://forms.gle/PjDunJWdgnEt7QnS9

#totcf",https://scontent-fra3-1.xx.fbcdn.net/v/t39.30808-6/327354890_3608580126036761_2219666613481041359_n.jpg?stp=dst-jpg_p720x720&_nc_cat=105&ccb=1-7&_nc_sid=127cfc&_nc_ohc=jq_jN51jwx4Q7kNvgExaQVH&_nc_ht=scontent-fra3-1.xx&edm=AKIiGfEEAAAA&oh=00_AYCDSYneVj6sMA_OzrhU6D2UgUFFcC-gYXNaTqdGLrS2nQ&oe=66F659C3,11,0,1,2,13,2144,2984,3045
2023-01-26,"We'd travel all the way to the savanna for this recipe — After all, it's 'wine' in a million!✨ Enjoy the 🦓Zebra Wine🦓 from Lauren Mote (@laurenmote)! ⬇️

🦓 Cascara Tea
🦓 Rhythmic Red NA Vermouth
🦓 Strawberry Shrub
🦓 Bittered Sling Arabica Coffee Bitters

📸: Jonathan C.

TOTCF aims to support the worldwide cocktail community by sharing bartenders' creative concoctions & innovative recipes. Submit yours for an opportunity to be featured on our channels here:

#totcf",https://scontent-fra3-1.xx.fbcdn.net/v/t39.30808-6/327556325_711596667412408_4513885701178281121_n.jpg?stp=dst-jpg_p720x720&_nc_cat=101&ccb=1-7&_nc_sid=127cfc&_nc_ohc=5cPJQiSk5cwQ7kNvgHGzoqx&_nc_ht=scontent-fra3-1.xx&edm=AKIiGfEEAAAA&oh=00_AYCKi8J5brR4sXOKNHqnE1puTvuIh47LDD5OciPxiVJHPg&oe=66F683F4,6,0,1,0,6,1885,2298,2339
2023-01-27,"There's still time to advocate for the welfare + well being of bartenders and hospitality workers everywhere.✨ Join in our mission by submitting a 2023 grant proposal! 

We're accepting submissions for projects that improve the lives of bartenders and hospitality workers in the areas of equity, mental health and more! The grant portal will close 1️⃣ week from today — February 3, 2023. Learn more about the process and submit here: https://bit.ly/3gCHC1o

#totcf #TOTCFGrant2023

Cointreau | Edrington Americas  | Bulleit",https://scontent-fra3-1.xx.fbcdn.net/v/t39.30808-6/327800290_1246622829223946_4369295726277716304_n.jpg?stp=dst-jpg_p720x720&_nc_cat=103&ccb=1-7&_nc_sid=127cfc&_nc_ohc=qtU8JfNFxs4Q7kNvgGU15B4&_nc_ht=scontent-fra3-1.xx&edm=AKIiGfEEAAAA&_nc_gid=AI__dgZBalaFAdCOgi_kh84&oh=00_AYDKt8iaXxielEmh4Ru8SV_kDC8K7Wo-xfo2WVKDBRPJ0g&oe=66F661D9,0,0,0,0,0,526,740,762
2023-01-28,"May we suggest a bloody brilliant 🍹Bloody Mary🍹 to spice up your Saturday? Enjoy this recipe from Remy Savage at abstract! ⬇️

🍹 50ml Marmite Monochrome
🍹 10ml Lemon
🍹 10ml Tomato Ponzu
🍹 100ml Tomato Juice
🍹 5ml Worcestershire
🍹 2.5ml Horseradish
🍹 2.5ml Wasabi
🍹 3dash Chilli Tincture

TOTCF aims to support the worldwide cocktail community by sharing bartenders' creative concoctions & innovative recipes. Submit yours for an opportunity to be featured on our channels here: https://forms.gle/PjDunJWdgnEt7QnS9

#totcf",https://scontent-fra5-2.xx.fbcdn.net/v/t39.30808-6/327894284_5211871388914969_4655675970348228339_n.jpg?stp=dst-jpg_p720x720&_nc_cat=107&ccb=1-7&_nc_sid=127cfc&_nc_ohc=goWI2Jq8j8YQ7kNvgFRSxCS&_nc_ht=scontent-fra5-2.xx&edm=AKIiGfEEAAAA&_nc_gid=AI__dgZBalaFAdCOgi_kh84&oh=00_AYBH9Qs_qiiKHbmYdV5lbLiy-m-AK4OjPkGJRWLusY-Geg&oe=66F65D15,6,2,1,1,6,2815,3138,3138
2023-01-29,"Since 2008, more than 4️⃣0️⃣0️⃣ cocktail apprentices have gained extensive experience working and managing large-scale, high-volume events while providing an invaluable service to TOTCF and the industry as a whole — Now, you can join the ranks as a 2023 CAP Red Coat!🎓

There's 1️⃣ week left to apply, and receive world-class education & mentorship at #TOTC2023. Apply to become a CAP Red Coat now ➡️ https://bit.ly/3G1c51I

#CAPRedCoat2023  #CAP2023 #TalesoftheCocktail2023 #totc2023 #totcf",https://scontent-fra3-1.xx.fbcdn.net/v/t39.30808-6/327883027_716279140157174_2856570779750850646_n.jpg?stp=dst-jpg_p720x720&_nc_cat=101&ccb=1-7&_nc_sid=127cfc&_nc_ohc=tTJdyaUdVAwQ7kNvgGug_Mc&_nc_ht=scontent-fra3-1.xx&edm=AKIiGfEEAAAA&_nc_gid=AI__dgZBalaFAdCOgi_kh84&oh=00_AYCszad2FG55mHFFBQeNxJyVt4rbhLy5xgIX_XACMNQEIA&oe=66F6604D,4,0,0,7,5,2138,2408,2517
2023-01-30,"We're teaming up with Singapore Tourism Board to bring their high energy, high class cocktail culture to the U.S. — Spirited Awards Presents ATLAS!🥂✨

On February 6th, Forbes on 5th in New York City will be temporarily transformed into one of Singapore's most renowned bars and 2020 Spirited Award Winner for World’s Best Cocktail Menu, ATLAS! This event will bring ATLAS’ renowned bar program to life, right in the middle of Manhattan.💃🕺 

Learn more about the first in a series of Singapore pop-ups in 2023, 'Spirited Awards Presents ATLAS', here: http://bit.ly/3Y3eQam

#singaporextales 

ATLAS Singapore | Libbey | Woodford Reserve Bourbon Distillery | Cocktail Kingdom",https://scontent-fra3-1.xx.fbcdn.net/v/t15.5256-10/326079715_575262440854253_2326346102410408053_n.jpg?_nc_cat=108&ccb=1-7&_nc_sid=7965db&_nc_ohc=mJofFNzxy_IQ7kNvgHhE4XC&_nc_ht=scontent-fra3-1.xx&edm=AKIiGfEEAAAA&_nc_gid=AI__dgZBalaFAdCOgi_kh84&oh=00_AYDe7T3DPubi01xKPg5G114yy9iYsBYKtBugmuoUSOBVRw&oe=66F685B1,16,0,2,1,16,588,1021,1063
2023-01-31,"Let it be... let it be #BrandyAlexanderDay!✨  Enjoy John Lennon's favorite cocktail using this recipe from Liquor Studio ⬇️

🍫 50ml Cognac
🍫 20ml White Cacao Liqueur
🍫 5ml Sugar Syrup
🍫 20ml Cream

🍫 Shake it up with ice, strain into a frozen stemmed glass & top with grated nutmeg or chocolate

TOTCF aims to support the worldwide cocktail community by sharing bartenders' creative concoctions & innovative recipes. Submit yours for an opportunity to be featured on our channels here: https://forms.gle/PjDunJWdgnEt7QnS9

#totcf",https://scontent-fra3-1.xx.fbcdn.net/v/t39.30808-6/328147540_486767306984979_8500255548948174592_n.jpg?stp=dst-jpg_p720x720&_nc_cat=101&ccb=1-7&_nc_sid=127cfc&_nc_ohc=zEEYTv-iy6kQ7kNvgFfN-NG&_nc_ht=scontent-fra3-1.xx&edm=AKIiGfEEAAAA&_nc_gid=AI__dgZBalaFAdCOgi_kh84&oh=00_AYBGgImF1TCRigFH3wxg1D9KXtMLCRArOmZ5KBFzZG7cKQ&oe=66F68346,25,0,5,1,29,3014,3690,3724
2023-02-01,"Nominations for the 17th annual Spirited Awards are open!🏆🍹 As one of the industry’s highest achievements, Spirited Awards® spotlight a range of talent from bartenders, journalists, and brand ambassadors, to brands and media, to ensure each aspect of the industry is well represented and recognized for its contributions.

The 17th annual Spirited Awards® will return with an open-call nomination period for the “Establishments,” “People,” and “Writing & Media” categories, February 1-22, 2023. It only takes ONE nomination to be considered for a 2023 Spirited Award® and self-nominations are both accepted and encouraged!

Learn more about the Spirited Awards and submit your nomination here: http://bit.ly/3Fgfkli

Special thanks to Forbes, the Official Media Partner of the 2023 Spirited Awards.

#2023SpiritedAwards #SA2023 #SpiritedAwards #totc2023 #totc #TalesoftheCocktail2023 #totcf",https://scontent-fra3-1.xx.fbcdn.net/v/t39.30808-6/328229372_577179487323089_8109432592571727647_n.jpg?stp=dst-jpg_p720x720&_nc_cat=105&ccb=1-7&_nc_sid=127cfc&_nc_ohc=21XTxiTawA4Q7kNvgEJ0AD_&_nc_ht=scontent-fra3-1.xx&edm=AKIiGfEEAAAA&_nc_gid=AI__dgZBalaFAdCOgi_kh84&oh=00_AYBhCIiqx7DVetXSyGss_nhSm3XfHnlS7GVKcwKx0w68xg&oe=66F659FE,1,0,0,0,1,872,1112,1159
2023-02-01,"Nominations for the 17th annual Spirited Awards are open!🏆🍹 As one of the industry’s highest achievements, Spirited Awards® spotlight a range of talent from bartenders, journalists, and brand ambassadors, to brands and media, to ensure each aspect of the industry is well represented and recognized for its contributions.

The 17th annual Spirited Awards® will return with an open-call nomination period for the “Establishments,” “People,” and “Writing & Media” categories, February 1-22, 2023. It only takes ONE nomination to be considered for a 2023 Spirited Award® and self-nominations are both accepted and encouraged!

Learn more about the Spirited Awards and submit your nomination here: http://bit.ly/3Fgfkli

Special thanks to Forbes, the Official Media Partner of the 2023 Spirited Awards.

#2023SpiritedAwards #SA2023 #SpiritedAwards #totc2023 #totc #TalesoftheCocktail2023 #totcf",https://scontent-fra3-2.xx.fbcdn.net/v/t15.5256-10/321940176_1503877537101719_7333257316461005491_n.jpg?_nc_cat=111&ccb=1-7&_nc_sid=7965db&_nc_ohc=OwNzMpmJ9Z4Q7kNvgHa2INU&_nc_ht=scontent-fra3-2.xx&edm=AKIiGfEEAAAA&_nc_gid=AI__dgZBalaFAdCOgi_kh84&oh=00_AYCMiKRYp335IbqFKdssY1G3FBHzgXhC8_vBD1hpXPplOg&oe=66F67A2E,9,0,0,4,10,517,945,1002
2023-02-02,"Tomorrow is your last opportunity to join us in advancing + supporting our global drinks community through the 2023 philanthropy and development grant program!✨

The TOTCF 2023 grant process is focused on bartender welfare & well-being. If you have a project that could improve the lives of hospitality workers, submit your proposal by end of day on 2/2 here: https://bit.ly/3gCHC1o

#totcf #TOTCFGrant2023

Cointreau | Edrington Americas | Bulleit",https://scontent-fra5-2.xx.fbcdn.net/v/t39.30808-6/329008324_5839220359492016_7015237155000808173_n.jpg?stp=dst-jpg_p720x720&_nc_cat=109&ccb=1-7&_nc_sid=127cfc&_nc_ohc=-VxcM_uAVNUQ7kNvgHF8AMQ&_nc_ht=scontent-fra5-2.xx&edm=AKIiGfEEAAAA&_nc_gid=AI__dgZBalaFAdCOgi_kh84&oh=00_AYCQwBFLurts7Iqg7YH__WLVWh0M7bMgkM-Ax0rWuVBJ7w&oe=66F67639,1,0,0,1,1,651,814,838
2023-02-03,"Discover ATLAS — The lobby bar on the ground floor of Singapore’s iconic Budis neighborhood building, Parkview Square. It features distinctive architecture which is inspired by the glamorous Art Deco skyscrapers of Europe and New York City. ✨

While its appearance may lead you in one direction, ATLAS' rambunctious 1920s spirit soon takes over and you'll find yourself at Singapore’s most lavish party. It is for this uniqueness that Atlas has won Spirited Awards for Best International Cocktail Bar, World's Best Spirits Selection, and World's Best Cocktail Menu. It is also for this reason that we selected ATLAS to celebrate the nomination period for the 2023 Spirited Awards in New York!🥂🏙

Learn more about the event and other ways TOTCF is teaming up with Singapore Tourism Board here: https://talesofthecocktail.org/get-involved/singapore-x-tales/

Entrance is limited for this event. All guests must register to attend.

#SingaporexTales #SpiritedAwards #2023SpiritedAwards #SA2023

ATLAS Singapore | Libbey | Woodford Reserve Bourbon Distillery | Cocktail Kingdom",https://scontent-fra3-1.xx.fbcdn.net/v/t15.5256-10/327814599_949581919391787_2293070466718485133_n.jpg?_nc_cat=108&ccb=1-7&_nc_sid=7965db&_nc_ohc=p8N3hN2t2IIQ7kNvgGZV_kD&_nc_ht=scontent-fra3-1.xx&edm=AKIiGfEEAAAA&_nc_gid=AI__dgZBalaFAdCOgi_kh84&oh=00_AYCvRB95ov_jt8cRIIKN9fccm2ReFy1b2ezSOwGnPZCPXQ&oe=66F662BA,5,0,2,1,7,486,940,993
2023-02-03,"Princess Johnson (IG: @yopjay) at Allegory in Washington D.C. (@allegory_dc) really has im-peck-able taste in ingredients!🐦 Enjoy her recipe for the 🪶Crow from Tobago🪶 below! ⬇️

🪶 Hapusa Gin
🪶 Michter's Rye Whiskey
🪶 Trinidadian Curry
🪶 Fermented Carrots
🪶 Mango
🪶 Lime
🪶 Cacao

TOTCF aims to support the worldwide cocktail community by sharing bartenders' creative concoctions & innovative recipes. Submit yours for an opportunity to be featured on our channels here: https://forms.gle/PjDunJWdgnEt7QnS9

#totcf",https://scontent-fra3-1.xx.fbcdn.net/v/t39.30808-6/329249281_1902331483447637_2111150797439181928_n.jpg?stp=dst-jpg_p720x720&_nc_cat=105&ccb=1-7&_nc_sid=127cfc&_nc_ohc=gS_3p1Vz3-8Q7kNvgH9CBqK&_nc_ht=scontent-fra3-1.xx&edm=AKIiGfEEAAAA&_nc_gid=AI__dgZBalaFAdCOgi_kh84&oh=00_AYC4fk0c91IQ_frcWQ-ZpNBKVXghjq1aqM1G6AW3qub77Q&oe=66F683DC,15,0,0,0,19,3136,3477,3536
2023-02-04,"Tomorrow is your last day to apply to become a 2023 CAP Red Coat! 🎓

Don't miss your chance to be part of the 15th anniversary CAP class and receive world-class education from some of the best in the drinks industry at Tales of the Cocktail 2023! Applications close at the end of day, find it here: https://bit.ly/3G1c51I

#CAPRedCoat2023  #CAP2023 #TalesoftheCocktail2023 #totc2023 #totcf",https://scontent-fra3-1.xx.fbcdn.net/v/t15.5256-10/329209186_541338304641656_6679293018069817479_n.jpg?_nc_cat=108&ccb=1-7&_nc_sid=7965db&_nc_ohc=bPARZfhHOUMQ7kNvgFzmDaD&_nc_ht=scontent-fra3-1.xx&edm=AKIiGfEEAAAA&_nc_gid=AI__dgZBalaFAdCOgi_kh84&oh=00_AYANsS-JmqjiG5KlSwKMy-4eBu_-tMb8GR01irijvhMsNg&oe=66F65AFB,6,0,0,6,6,731,1294,1376
2023-02-05,"We 'Loki' love a Norse Mythology reference!😉 Enjoy the 🏛Valhalla Garden Gimlet🏛 from Jean Vital (IG: @cocktailcircus_)! ⬇️

🏛 45 ml Aquavit
🏛 20 ml Lime juice
🏛 20 ml Elderflower Cordial
🏛 3 Drops of Chili Bitters or a muddled slice of thick Red Chili.

🏛 Shake and Double Strain over ice cubes in a Tajin spice rimmed rock glass.

TOTCF aims to support the worldwide cocktail community by sharing bartenders' creative concoctions & innovative recipes. Submit yours for an opportunity to be featured on our channels here: https://forms.gle/PjDunJWdgnEt7QnS9

#totcf",https://scontent-fra5-1.xx.fbcdn.net/v/t39.30808-6/328868360_714725963583652_5601184489866208042_n.jpg?_nc_cat=102&ccb=1-7&_nc_sid=127cfc&_nc_ohc=LsTLnwYMsxwQ7kNvgFZJUqa&_nc_ht=scontent-fra5-1.xx&edm=AKIiGfEEAAAA&_nc_gid=AI__dgZBalaFAdCOgi_kh84&oh=00_AYCkWAnJ9YnNfMnIP2kZZPKCa89JURMNMH4Gq9EXt8hgFQ&oe=66F653DD,3,0,0,0,3,2022,2297,2297
2023-02-07,"The exchanging of business ideas, tactics, innovations, and products has always been a Tales of the Cocktail opportunity!🗣 

Year after year, TOTC Business Seminars cover topics ranging from:

🔮 The digital future of bar education,
🔊 To the future landscape of design and sound within hospitality,
💸 And even the importance of redefining compensation, recruitment, and retention for the industry as a whole!
 
What started as an annual walking tour of New Orleans bars has now become the global idea exchange for the drinks industry. Learn more about TOTC Business Seminars, and what attendees might expect from them at #totc2023 here: http://bit.ly/3LFYYVv

#TalesoftheCocktail2023 #totc #totcf",https://scontent-fra5-2.xx.fbcdn.net/v/t39.30808-6/329166866_504343314969380_79004337998899784_n.jpg?stp=dst-jpg_s1080x2048&_nc_cat=109&ccb=1-7&_nc_sid=127cfc&_nc_ohc=OJA7pVUOYawQ7kNvgHk3ZGV&_nc_ht=scontent-fra5-2.xx&edm=AKIiGfEEAAAA&_nc_gid=AI__dgZBalaFAdCOgi_kh84&oh=00_AYAS3vTXP-nZkltTN4jF4RXi8yXSp-Zy-xiw8X4aUr0nBA&oe=66F67858,10,0,0,10,10,3045,3412,4028
2023-02-09,"Don't get us 'tarted' on this tangerine dream — Enjoy the 🍊Satsuma Smash🍋 from Alexandria Bowler (IG: @tincture_bell) at Emeril's! ⬇️

🍊 1.5 oz Bourbon
🍋 .75 oz Cocktail and Sons Mint and Lemon Verbena Syrup
🍊 .75 oz Acid-adjusted Satsuma Juice

📸: Katherine Kimball (@katkimballphoto)

TOTCF aims to support the worldwide cocktail community by sharing bartenders' creative concoctions & innovative recipes. Submit yours for an opportunity to be featured on our channels here: https://forms.gle/PjDunJWdgnEt7QnS9

#totcf",https://scontent-fra3-1.xx.fbcdn.net/v/t39.30808-6/329639716_5733980833379815_1849396498335734354_n.jpg?stp=dst-jpg_s720x720&_nc_cat=103&ccb=1-7&_nc_sid=127cfc&_nc_ohc=TxEHFAAn8ZcQ7kNvgGrNM8O&_nc_ht=scontent-fra3-1.xx&edm=AKIiGfEEAAAA&_nc_gid=AI__dgZBalaFAdCOgi_kh84&oh=00_AYA0Dbf-E2CXY7Ilevg4tXywCdWbRMZRN0OyzQX0m5c5wA&oe=66F667AB,10,0,1,0,10,1910,2796,2797
2023-02-10,"Join us in recognizing #BlackHistoryMonth, celebrating DC's 2017 Cocktail Queen, Kapri Robinson (IG: @kapri.possible), and trying her ✨We Don't Need Roads✨ cocktail!
As a bartender, educator, event organizer, and president & founder of Chocolate City's Best (CCB), Kapri has been acknowledged on multiple media platforms. In her new editorial, ""Back To The Future: Analyzing our growth in the past to be better for the future,"" she explores a history of the drinks industry's record in recognizing diversity, the present need to create safe workspaces for people of color, and the work ahead for the industry to truly contribute to the community.
Read the full editorial here: http://bit.ly/3JZUpaC
#BHM #totcf #totc2023heritagemonthseries",https://scontent-fra3-1.xx.fbcdn.net/v/t39.30808-6/329683945_1180373075998225_2851866847771230536_n.jpg?stp=dst-jpg_p720x720&_nc_cat=105&ccb=1-7&_nc_sid=127cfc&_nc_ohc=0PVvjb3hDlcQ7kNvgHFIHFC&_nc_ht=scontent-fra3-1.xx&edm=AKIiGfEEAAAA&_nc_gid=AI__dgZBalaFAdCOgi_kh84&oh=00_AYA_E2d2rLXeWb1LvZQkUj9bG_WPkzYxIJIla5_-afe2_g&oe=66F65CB6,1,0,0,0,3,1406,1661,1748
2023-02-11,"It should be ill-eagle for a drink to look this cute!🥺 Check out the 🐣Baby Bird🐣 from Kyle Plecas at Supergeil in Detroit, MI! ⬇️

🐥 Two James Spirits Brown Butter-Washed Rum
🐥 Bitter Orange Liqueur
🐥 Falernum
🐥 Cider Reduction

TOTCF aims to support the worldwide cocktail community by sharing bartenders' creative concoctions & innovative recipes. Submit yours for an opportunity to be featured on our channels here: https://forms.gle/PjDunJWdgnEt7QnS9

#totcf",https://scontent-fra3-1.xx.fbcdn.net/v/t39.30808-6/329910309_511312344418941_6027426269711206267_n.jpg?stp=dst-jpg_p720x720&_nc_cat=101&ccb=1-7&_nc_sid=127cfc&_nc_ohc=g28Tj_wrquQQ7kNvgEZXYH6&_nc_ht=scontent-fra3-1.xx&edm=AKIiGfEEAAAA&_nc_gid=AI__dgZBalaFAdCOgi_kh84&oh=00_AYAzidtnB0nChit3bKDFed14KnGZWSaBoBFD1KkqkusnNA&oe=66F65C22,11,4,5,1,15,4827,6718,6985
2023-02-12,"What started as an initiative with Focus on Health and Lush Life Productions to bring voices of all service-related communities together for COVID-19 relief efforts evolved into so much more!✨

In 2021 and 2022, our Full Hands In/Full Hands Out series highlighted heritage stories and professional development mentoring from leaders in the industry, with topics including how to negotiate like a pro and bringing more humanity back into hospitality.

Find all previous episodes here: http://bit.ly/3yFjguC

#TOTCF #FHIFHO2022 #FOH",https://scontent-fra5-2.xx.fbcdn.net/v/t39.30808-6/329928874_704776637851893_3724461466949117975_n.jpg?stp=dst-jpg_p720x720&_nc_cat=109&ccb=1-7&_nc_sid=127cfc&_nc_ohc=oG11F3ujf9MQ7kNvgHFN2qB&_nc_ht=scontent-fra5-2.xx&edm=AKIiGfEEAAAA&_nc_gid=AI__dgZBalaFAdCOgi_kh84&oh=00_AYC0Gr9zkgHSytVUHAGvhBu_KjwdGsSp2zN4nCShL2_E5g&oe=66F66307,2,0,0,0,2,750,993,1080
2023-02-14,"This combination of flavors just makes 'scents'. 🙌 Check out this recipe for the 🕯Vesuvian Candle🕯 from Yolan at The Joseph, a Luxury Collection Hotel, Nashville! ⬇️

🕯 Smith & Cross Rum
🕯 Pedro Ximénez Sherry
🕯 Amaro Nardini
🕯 Rivers Royale Grenadian Rum

TOTCF aims to support the worldwide cocktail community by sharing bartenders' creative concoctions & innovative recipes. Submit yours for an opportunity to be featured on our channels here: https://forms.gle/PjDunJWdgnEt7QnS9

#totcf",https://scontent-fra5-1.xx.fbcdn.net/v/t39.30808-6/330909112_3618443211773223_8905952234862216482_n.jpg?stp=dst-jpg_p720x720&_nc_cat=102&ccb=1-7&_nc_sid=127cfc&_nc_ohc=fHvx1uoX-lcQ7kNvgFT_gme&_nc_ht=scontent-fra5-1.xx&edm=AKIiGfEEAAAA&_nc_gid=AI__dgZBalaFAdCOgi_kh84&oh=00_AYA5vmHB2NYt5CPx8GzRK-u8K0Dkz5JJDSD4jdxYC4Datw&oe=66F66FAE,9,0,1,2,9,2689,3045,3158
2023-02-15,"You only have 1️⃣ week left to submit your nominations for the 17th Annual Spirited Awards. That means it's time for a Spirited Awards 1️⃣0️⃣1️⃣! Here are quick facts regarding the nomination process for 2023:

➡️ Categories open for public nomination are NOT based on the volume of nominations submitted - You can recognize a bar professional, establishment, ingredient and/or media.
➡️ It only takes ONE nomination to be considered for a 2023 Spirited Award® - Self-nominations are both accepted and encouraged.
➡️ Anyone can nominate for a Spirited Award, even yourself!

Submit your nomination here: http://bit.ly/3Fgfkli

Special thanks to Forbes, the Official Media Partner of the 2023 Spirited Awards.

#2023SpiritedAwards #SA2023 #SpiritedAwards #totc2023 #totc #TalesoftheCocktail2023 #totcf",https://scontent-fra5-1.xx.fbcdn.net/v/t39.30808-6/331021925_5677224679070092_2392449307203425311_n.jpg?stp=dst-jpg_p720x720&_nc_cat=102&ccb=1-7&_nc_sid=127cfc&_nc_ohc=XR3Dr0-efyYQ7kNvgGOSAvd&_nc_ht=scontent-fra5-1.xx&edm=AKIiGfEEAAAA&_nc_gid=AI__dgZBalaFAdCOgi_kh84&oh=00_AYAAgaQ395_Lb0T7_4_qUaajlNL_7OEfz_NtGWBYovM2gA&oe=66F67F5E,1,0,1,4,1,953,1236,1301
2023-02-16,"The ✨Brisingamen✨ is just as brilliant as the golden necklace it's named after! Enjoy this North Sea Tiki popup (IG: @nine_worlds_popup) recipe from Shawn Newman (@socksorneat), Robert Mercier (@bobbybevnaps) and Pete Hannah (@bringinthepete)! ⬇️

⚡️ Strawberry Lemongrass Vodka
⚡️ Swedish Punsch
⚡️ Cloudberry
⚡️ Crab Apple Verjus.

⚡️ Garnish with Strawberry Leather

📸: James Hand (@jimijam)

TOTCF aims to support the worldwide cocktail community by sharing bartenders' creative concoctions & innovative recipes. Submit yours for an opportunity to be featured on our channels here: https://forms.gle/PjDunJWdgnEt7QnS9

#totcf",https://scontent-fra3-1.xx.fbcdn.net/v/t39.30808-6/331324628_1571243490022182_6667876842339969986_n.jpg?stp=dst-jpg_s720x720&_nc_cat=101&ccb=1-7&_nc_sid=127cfc&_nc_ohc=9wBnsq4V2swQ7kNvgEeEThP&_nc_ht=scontent-fra3-1.xx&edm=AKIiGfEEAAAA&_nc_gid=AI__dgZBalaFAdCOgi_kh84&oh=00_AYAB5-pfNuQ-Gc4VePwOWkQhW6xgx1tS6jUVyX2MNcB4Eg&oe=66F66C3D,4,1,1,0,6,2099,2815,2969
2023-02-17,"We're continuing to celebrate #BlackHistoryMonth through 2️⃣ informative & enlightening Full Hands In/Full Hands Out episodes from 2020 — Both centered on the Black experience in the drinks industry:

🔘 ""Cheers to Black-Owned Spirits"" — Do It For The Cocktail Culture‘s (IG: @forthecocktailculture) LaShana Daniels and Will Drink For Travel‘s (@willdrinkfortravel) Ashlee Tuck met with Black producers to discuss the processes, barriers, and innovations behind black-owned brands.
🔘 ""Black. Queer. And Still Here."" — TOTCF Grants Advisory Committee Member Chris Cabrera (@chrscab) hosts a panel discussion with six prominent LGBTQ+ Black bartenders to discuss the obstacles they have faced when finding their place in an industry that doesn't seem diverse at first glance.

Find both episodes here: http://bit.ly/3yFjguC

#BHM #TOTCF #FHIFHO2022 #FOH",https://scontent-fra5-2.xx.fbcdn.net/v/t39.30808-6/331557807_961118675267615_8901899191859692658_n.jpg?stp=dst-jpg_p720x720&_nc_cat=107&ccb=1-7&_nc_sid=127cfc&_nc_ohc=rz4l2Hj9fHcQ7kNvgHYUufU&_nc_ht=scontent-fra5-2.xx&edm=AKIiGfEEAAAA&_nc_gid=AI__dgZBalaFAdCOgi_kh84&oh=00_AYCpwapGtYcozipN8FlkiHqrZmS32uJbNNFGiOnU54xZFw&oe=66F676D4,1,0,0,0,2,428,592,634
2023-02-18,"Cabernet? More like caber-yay — It's #DrinkWineDay!🎉 Check out this recipe for the 🍷Nectar of the Goddess🍷 from Ebby Kurian (IG: @ebbydranks) at The Plaid Rabbit at Culture ETX! ⬇️

🍷 2 oz Reposado Tequila (IG: @bluenectartequila)
🍷 1 oz Lime Juice
🍷 0.75 oz Agave Syrup
🍷 Egg White
🍷 1.5 oz Cabernet Sauvignon (IG: @coppolawine)

TOTCF aims to support the worldwide cocktail community by sharing bartenders' creative concoctions & innovative recipes. Submit yours for an opportunity to be featured on our channels here: https://forms.gle/PjDunJWdgnEt7QnS9

#totcf",https://scontent-fra3-1.xx.fbcdn.net/v/t39.30808-6/331528684_896943268215787_273604778309660800_n.jpg?stp=dst-jpg_p720x720&_nc_cat=108&ccb=1-7&_nc_sid=127cfc&_nc_ohc=uzKZNWw6WTIQ7kNvgHXMIvq&_nc_ht=scontent-fra3-1.xx&edm=AKIiGfEEAAAA&_nc_gid=AI__dgZBalaFAdCOgi_kh84&oh=00_AYANWaYYkVLK86wUo5tHtnzxQWiUrSvtgSMcWiKFSWnmfQ&oe=66F66C4B,22,1,1,1,25,4105,4505,4651
2023-02-20,"Congratulations to the 2023 Most Imaginative Bartender, Peter Hannah (IG:@bringinthepete)! Peter Hannah of Orlando, FL has been named the winner of TOTCF & Bombay Sapphire’s competition centered around bartenders' creative passions and how they’re inspired behind and beyond the bar.  

Pete will receive a $20,000 creative grant towards his Canvas Project concept Late Nite LTD, a consultancy to design hospitality residencies that showcase underrepresented heritages of local communities to create educational and immersive experiences. Check out @nine_worlds_popup on Instagram to see the first iteration! Congrats Pete!

#MIB2023 #bombaysapphire",https://scontent-fra5-2.xx.fbcdn.net/v/t39.30808-6/332394475_1132254220780257_8946919507802570127_n.jpg?stp=dst-jpg_s1080x2048&_nc_cat=107&ccb=1-7&_nc_sid=127cfc&_nc_ohc=Wywkx_gF9oYQ7kNvgGmLabW&_nc_ht=scontent-fra5-2.xx&edm=AKIiGfEEAAAA&_nc_gid=AI__dgZBalaFAdCOgi_kh84&oh=00_AYCopaO8FYTUvRRlk-4bEkugAoBcDSif89RhXmdluyhdkA&oe=66F67D2D,87,7,1,0,121,8129,10093,10496
2023-02-20,"Haven't had a chance to nominate your favorite bartender, journalist or brand ambassador for a 2023 Spirited Award? Don't worry — You have 4️⃣8️⃣ hours left!🏆⏰

The 17th annual Spirited Awards® have an open-call nomination period for the “Establishments,” “People,” and “Writing & Media” categories. It only takes ONE nomination to be considered for a 2023 Spirited Award® and self-nominations are both accepted and encouraged!

The nomination period ends on February 22nd. Learn more about the Spirited Awards and submit your nomination here: http://bit.ly/3Fgfkli

Special thanks to Forbes, the Official Media Partner of the 2023 Spirited Awards.

#2023SpiritedAwards #SA2023 #SpiritedAwards #totc2023 #totc #TalesoftheCocktail2023 #totcf",https://scontent-fra5-2.xx.fbcdn.net/v/t39.30808-6/332325063_714706856818862_2396931039462436700_n.jpg?stp=dst-jpg_p720x720&_nc_cat=109&ccb=1-7&_nc_sid=127cfc&_nc_ohc=mSF9Qdim_j0Q7kNvgHxF5uD&_nc_ht=scontent-fra5-2.xx&edm=AKIiGfEEAAAA&_nc_gid=AI__dgZBalaFAdCOgi_kh84&oh=00_AYCS6y3YSz-KWTccJairn2VK7Eh3NCEIn8Rl814WE9w3vQ&oe=66F6700D,2,0,5,6,3,1282,2077,2126
2023-02-21,"Happy #MardiGras!🎉 While it's just Tuesday to many others, today we're celebrating our kinship with the city of New Orleans– the home of Tales of the Cocktail– with a recipe to help you create the 🎊Perfect Mardi Gras!🎊 ⬇️ 

✨ Indulge in the revelry, community, and culture. 
✨ Be authentically you. 
✨ Be unapologetically you.
✨ And finally, vitalize — Celebrate the vibrancy, adaptability, and unmatched kinetic energy that you and those around you hold. 

This is our recipe for a perfectly shared Mardi Gras experience. We can't wait to celebrate with everyone again in July!

#totcf",https://scontent-fra5-1.xx.fbcdn.net/v/t39.30808-6/332757624_1830057630684271_8791996938638338605_n.jpg?stp=dst-jpg_s1080x2048&_nc_cat=100&ccb=1-7&_nc_sid=127cfc&_nc_ohc=PAVWy2XNF08Q7kNvgGBiJzI&_nc_ht=scontent-fra5-1.xx&edm=AKIiGfEEAAAA&_nc_gid=AI__dgZBalaFAdCOgi_kh84&oh=00_AYBMlgOKleZQqREVa4GuYJNENnVVsFRMNIJgnjY9vCyZOw&oe=66F651C6,11,0,0,0,16,3391,3783,3847
2023-02-22,"Marg' our words, this cocktail is a keeper!🤩 Celebrate #MargaritaDay with the 🍹Sea Salt Margarita🍹 from Walid Merhi (IG: @willis_766) at Megumi Almaza (@megumialmaza)! ⬇️

🍹 Tequila
🍹 Orange Curaçao
🍹 Native Lime (Banzahir)
🍹 Salted Beer Air

TOTCF aims to support the worldwide cocktail community by sharing bartenders' creative concoctions & innovative recipes. Submit yours for an opportunity to be featured on our channels here: https://forms.gle/PjDunJWdgnEt7QnS9

#totcf",https://scontent-fra3-2.xx.fbcdn.net/v/t39.30808-6/332796621_3425461207723669_6922095334057737414_n.jpg?stp=dst-jpg_s720x720&_nc_cat=111&ccb=1-7&_nc_sid=127cfc&_nc_ohc=8E3Q0IknmyUQ7kNvgEtgQGl&_nc_ht=scontent-fra3-2.xx&edm=AKIiGfEEAAAA&_nc_gid=AI__dgZBalaFAdCOgi_kh84&oh=00_AYAHQIO73IxjcZhZ8Z9wqo4C9JVaVJaZu-AosMbYyDcyaA&oe=66F66983,3,1,0,0,3,1857,2138,2165
2023-02-22,"The nomination period for the 17th Annual Spirited Awards has closed!🏆

Thank you for your submissions, and keep your eyes open for our announcement of the 2023 Spirited Awards' Top 10 Honorees on April 24, 2023!🔮

Special thanks to Forbes, the Official Media Partner of the 2023 Spirited Awards.

#2023SpiritedAwards #SA2023 #SpiritedAwards #totc2023 #totc #TalesoftheCocktail2023 #totcf",https://scontent-fra5-1.xx.fbcdn.net/v/t39.30808-6/332911006_721908116002698_3581503219974408714_n.jpg?stp=dst-jpg_p720x720&_nc_cat=100&ccb=1-7&_nc_sid=127cfc&_nc_ohc=c7MTdN76fQ4Q7kNvgGoyI0i&_nc_ht=scontent-fra5-1.xx&edm=AKIiGfEEAAAA&_nc_gid=AI__dgZBalaFAdCOgi_kh84&oh=00_AYCnAekQ7KqHRlPXfnXWQFPQC4wyW02u5jHjHXilG2Ls5w&oe=66F6584B,8,0,0,0,8,1253,1507,1527
2023-02-23,"You won't need Google Maps to find the world's largest drinks industry conference, just the elevator! Book your Tales of the Cocktail 2023 stay at The Ritz-Carlton, New Orleans today!📍✨

Event attendees are invited to secure their luxury hotel suites early, as the last day to book is Monday, June 26, 2023 (pending availability).  Book your stay floors above the July 23 - 28 conference action here: https://bit.ly/3LFYYVv

#totc2023 #totc #TalesoftheCocktail2023 #totcf #ritzcarltonneworleans",https://scontent-fra5-2.xx.fbcdn.net/v/t39.30808-6/333033870_651480350115995_7975661218640253924_n.jpg?_nc_cat=107&ccb=1-7&_nc_sid=127cfc&_nc_ohc=w4lJbjtZk5gQ7kNvgHxFkVV&_nc_ht=scontent-fra5-2.xx&edm=AKIiGfEEAAAA&_nc_gid=AI__dgZBalaFAdCOgi_kh84&oh=00_AYAYZbcX0F6gZGUUpjFZFUSUCkUaFHmvvJwvB3ut0005gg&oe=66F68603,8,1,0,3,9,1857,2099,2156
2023-02-24,"Happy #WorldBartenderDay to our global family! Today we celebrate your innovation, your enthusiasm, and our shared love for drinks. We're doing so with Daniel Hammer (IG: @daniel__hammer) at Hanse Lounge (@hanse_lounge) and the 🥜Peanut Butter & Banana🍌 cocktail! ⬇️

🍌 Plantation Xaymaca Rum
🥜 Peanut Butter
🍌 Banana Oleo Saccharum
🥜 Salt Saline 10%

TOTCF aims to support the worldwide cocktail community by sharing bartenders' creative concoctions & innovative recipes. Submit yours for an opportunity to be featured on our channels here: https://forms.gle/PjDunJWdgnEt7QnS9

#totcf #BartenderDay",https://scontent-fra3-1.xx.fbcdn.net/v/t39.30808-6/333261156_753635436009583_4310999797607657713_n.jpg?_nc_cat=103&ccb=1-7&_nc_sid=127cfc&_nc_ohc=MQMCCUgRfd8Q7kNvgH-itEy&_nc_ht=scontent-fra3-1.xx&edm=AKIiGfEEAAAA&_nc_gid=AI__dgZBalaFAdCOgi_kh84&oh=00_AYA0RpybrydSx_bylYDLFwo-uh_pt60ZJTne5zGoItZSxQ&oe=66F66D8D,6,0,0,0,6,1309,1550,1560
2023-02-25,"In Tales of the Cocktail Culture Seminars, attendees can uncover the past, celebrate the present and envision the future of the drinks industry.🍹✨

From an exploration of the earliest distillation books to frozen drinks and blended whiskey workshops, TOTC Culture Seminars have educated conference-goers on the shifting & evolving atmosphere of our industry for countless years!
 
What started as an annual walking tour of New Orleans bars has now become the global idea exchange for the drinks industry. Learn more about TOTC Culture Seminars, and what attendees might expect from them at #totc2023 here: http://bit.ly/3LFYYVv

#TalesoftheCocktail2023 #totc #totcf",https://scontent-fra5-1.xx.fbcdn.net/v/t39.30808-6/333176640_149226111314507_9083874673679178358_n.jpg?stp=dst-jpg_s1080x2048&_nc_cat=102&ccb=1-7&_nc_sid=127cfc&_nc_ohc=QFzH04Aj7AIQ7kNvgFFYOdo&_nc_ht=scontent-fra5-1.xx&edm=AKIiGfEEAAAA&_nc_gid=AI__dgZBalaFAdCOgi_kh84&oh=00_AYDLnbt_1QAmzaV-H57jKd65BPUT9FGrZck3f3sB-7CXvg&oe=66F66040,11,0,1,10,15,4980,5664,6377
2023-02-26,"Wondering whether or not you should celebrate #KahluaDay? Just brew it!☕️ Enjoy the iconic coffee liqueur with this Espresso Martini from Duemani in Aspen, CO (IG: @duemani.aspen)! ⬇️

☕️ Stoli Vanilla Vodka
☕️ Baileys
☕️ Kahlua
☕️ Lavazza Espresso

TOTCF aims to support the worldwide cocktail community by sharing bartenders' creative concoctions & innovative recipes. Submit yours for an opportunity to be featured on our channels here: https://forms.gle/PjDunJWdgnEt7QnS9

#totcf",https://scontent-fra3-1.xx.fbcdn.net/v/t39.30808-6/333426883_1193698741511704_8738342911351690898_n.jpg?_nc_cat=103&ccb=1-7&_nc_sid=127cfc&_nc_ohc=ZNb_otOAr9UQ7kNvgGTEFqj&_nc_ht=scontent-fra3-1.xx&edm=AKIiGfEEAAAA&_nc_gid=AI__dgZBalaFAdCOgi_kh84&oh=00_AYBceqj0C4buiomuc7VLgcgXxfubUcZA-2YhKA786TynYA&oe=66F67036,3,0,0,0,3,1584,1845,1911
2023-03-03,"Dame Hall of Fame is now the Tales of the Cocktail Catalyst Luncheon!✨

Founded in 2012, Dame Hall of Fame created an opportunity for women in the industry to come together and celebrate accomplishments not commonly recognized by other bar awards. While this intention has not changed, it has been broadened to divest from the gender binary so as to be inclusive of all genders, including people who are non-binary and trans. 

The reframe has been several years in the making and is based on feedback from the collective of past inductees who hope to make this a supportive space for all current and future members. By introducing the Catalyst Luncheon, the group has not only positioned itself as a collective of diverse changemakers but also as a catalyst for the industry to continue inspiring their peers!

Learn more about the Tales of the Cocktail Catalyst Luncheon, previous Tales Catalysts, and more here: http://bit.ly/3ty2F8y",https://scontent-fra3-2.xx.fbcdn.net/v/t39.30808-6/330364806_512896721005693_7637282239176156618_n.jpg?stp=dst-jpg_p720x720&_nc_cat=111&ccb=1-7&_nc_sid=127cfc&_nc_ohc=4OffO-AL9roQ7kNvgFXhAcY&_nc_ht=scontent-fra3-2.xx&edm=AKIiGfEEAAAA&_nc_gid=AI__dgZBalaFAdCOgi_kh84&oh=00_AYATA4BuaKhAgRs33bbKmCpxm81V4ufljuz2Xg6G9ZPEjg&oe=66F67C71,2,0,0,1,2,657,876,1076
2023-03-04,"In the inspiring words of Brian Fantana, ""It stings the nostrils. In a good way."" Enjoy this recipe for the 🐈‍⬛Sex Panther🐈‍⬛ from Dragonfly Detroit (IG: @dragonflydetroit)! ⬇️

🐈‍⬛ Monkey Shoulder
🐈‍⬛ Yellow Chartreuse
🐈‍⬛ Banane Du Brasil
🐈‍⬛ Peanut
🐈‍⬛ Chamomile
🐈‍⬛ Lemon

TOTCF aims to support the worldwide cocktail community by sharing bartenders' creative concoctions & innovative recipes. Submit yours for an opportunity to be featured on our channels here: https://forms.gle/PjDunJWdgnEt7QnS9

#totcf",https://scontent-fra3-1.xx.fbcdn.net/v/t39.30808-6/329758946_3155121661452374_3318726933338034689_n.jpg?stp=dst-jpg_p720x720&_nc_cat=101&ccb=1-7&_nc_sid=127cfc&_nc_ohc=d_7N54gNL7YQ7kNvgHxd-4F&_nc_ht=scontent-fra3-1.xx&edm=AKIiGfEEAAAA&_nc_gid=AI__dgZBalaFAdCOgi_kh84&oh=00_AYCkSUKR0WgKIQKjIUVz29ORekOMCqDDWFgyJUEpH4DeZg&oe=66F658A3,11,0,0,0,14,822,1078,1102
2023-03-05,"We couldn't have said it better ourselves — Celebrate #AbsintheDay with the recipe for 🧡Absinthe Makes The Heart Grow Fonder🧡 from Tony Andretti of Home Bar Culture (IG: @homebarculture)! ⬇️

🧡 45ml Tarquin’s Cornish Dry Gin
🧡 5ml La Fée Parisienne Absinthe
🧡 10ml Luxardo Maraschino Liqueur
🧡 5ml Cherry Heering
🧡 5ml Campari
🧡 25ml Pink Grapefruit Juice
🧡 5ml Simple Syrup
🧡 10ml Chilled Water

🧡Garnish with Grapefruit Twist

TOTCF aims to support the worldwide cocktail community by sharing bartenders' creative concoctions & innovative recipes. Submit yours for an opportunity to be featured on our channels here: https://forms.gle/PjDunJWdgnEt7QnS9

#totcf",https://scontent-fra5-1.xx.fbcdn.net/v/t39.30808-6/330773711_756356589212394_1875438099188408067_n.jpg?stp=dst-jpg_p720x720&_nc_cat=102&ccb=1-7&_nc_sid=127cfc&_nc_ohc=qzPtzmEWqcoQ7kNvgEgAj2C&_nc_ht=scontent-fra5-1.xx&edm=AKIiGfEEAAAA&_nc_gid=AI__dgZBalaFAdCOgi_kh84&oh=00_AYCxWAhMnzSiR9HC1s0znUlKCtZrce98qsXWrXbmxPl0HA&oe=66F6861C,11,1,3,0,11,2022,2609,2636
2023-03-06,"Gathering with us in the heart of the French Quarter for Tales of the Cocktail 2023?🥂 Book your stay using one of our hotel blocks: 

📍 Hyatt Centric French Quarter,
📍 Courtyard Marriott Iberville,
📍 Four Seasons,
📍 Royal Sonesta,
📍Virgin Hotels
📍 And JW Marriott!

Event attendees are invited to secure their stay early for the July 23 - 28 global cocktail conference. Learn more about our hotel blocks here: http://bit.ly/3LFYYVv

#totc2023 #totc #TalesoftheCocktail2023 #totcf",https://scontent-fra5-2.xx.fbcdn.net/v/t39.30808-6/334973254_2465598450255846_1417920911401593382_n.jpg?stp=dst-jpg_s720x720&_nc_cat=109&ccb=1-7&_nc_sid=127cfc&_nc_ohc=G7JuYGIgrw0Q7kNvgFLTyH6&_nc_ht=scontent-fra5-2.xx&edm=AKIiGfEEAAAA&_nc_gid=AI__dgZBalaFAdCOgi_kh84&oh=00_AYAxrDNjAxqX-0-2hTi3OQk_7P9sfQ_j5U7SaOhzi9fHbg&oe=66F656C3,2,0,0,2,2,671,893,905
2023-03-06,"We're teaming up with Singapore Tourism Board to celebrate the multifaceted culture and talent within the island nation. Explore the culture, trade and history of Singapore’s Little India with The Elephant Room Singapore!🥂
 
Elephant Room’s menu of vibrant cocktails, ferments, and jellies is inspired by ingredients. An often under-documented culture is spread to the world with their ingredients freshly sourced from Tekka Market and a selection of spirits sourced from India. Each of its bar team shares the responsibility of operating; not only creating recipes for both bar and cuisine but also working between the floor, kitchen, and bar!

Learn more about Elephant Room and other ways TOTCF is teaming up with Singapore Tourism Board here: http://bit.ly/3Y3eQam

#SingaporexTales #visitsingapore #totc2023 #TalesoftheCocktail2023 #totc #totcf",https://scontent-fra5-1.xx.fbcdn.net/v/t39.30808-6/330755865_1936326216708629_3411865919186498451_n.jpg?stp=dst-jpg_s1080x2048&_nc_cat=110&ccb=1-7&_nc_sid=127cfc&_nc_ohc=W7n-3ckTXHAQ7kNvgHnvxX9&_nc_ht=scontent-fra5-1.xx&edm=AKIiGfEEAAAA&_nc_gid=AI__dgZBalaFAdCOgi_kh84&oh=00_AYC9UnokZIHaIXaj8UhxlBtOsS-bu0gSWBixfVm_fuLyNA&oe=66F65B36,8,0,0,2,9,2971,3376,3407
2023-03-07,"Great Scotland Yard! This is extraordinary!🔎 Check out the recipe for the 🕵️Tintin🕵️ from @Le Salon Cocktail Bar & Lounge (IG: @lesaloncocktailbar) in Tribeca, NYC! ⬇️

🕵️ Chrysanthemum Vodka
🕵️ Pineapple
🕵️ Black Fig

🕵️ Garnish with Cassis. Brie & Honey on the side.

TOTCF aims to support the worldwide cocktail community by sharing bartenders' creative concoctions & innovative recipes. Submit yours for an opportunity to be featured on our channels here: https://forms.gle/PjDunJWdgnEt7QnS9

#totcf",https://scontent-fra5-2.xx.fbcdn.net/v/t39.30808-6/335064940_166143726221517_2521046819968813776_n.jpg?stp=dst-jpg_p720x720&_nc_cat=107&ccb=1-7&_nc_sid=127cfc&_nc_ohc=MOqG9KxardAQ7kNvgEXK81u&_nc_ht=scontent-fra5-2.xx&edm=AKIiGfEEAAAA&_nc_gid=AI__dgZBalaFAdCOgi_kh84&oh=00_AYCMAnGkaSH3EBBGTC1_rmXUQ1H0otoVQm4AXQSfGWAG_g&oe=66F64EFF,6,0,1,0,7,1808,2124,2141
2023-03-08,"Did you further your career at a Tales of the Cocktail event?🧑‍🍳 Did you make a personal connection that impacted your life?🤝 Did you discover a life-changing technique or recipe?🍹 We want to know!
 
We're preparing for #TalesoftheCocktail2023's seminars, tastings, and special events and we want to hear about your past experiences with all of the above! Give us your best #totc stories from years past for a chance to be featured on our pages leading up to #totc2023! Submit your answers here: https://forms.gle/KbW4nmSGst5jJj2k6

#MeetatTales #MeetatTales2023  #totcf",https://scontent-fra3-1.xx.fbcdn.net/v/t39.30808-6/335208538_517224730561275_3905837125131581441_n.jpg?stp=dst-jpg_s1080x2048&_nc_cat=101&ccb=1-7&_nc_sid=127cfc&_nc_ohc=knuwOm02tRIQ7kNvgElpJt0&_nc_ht=scontent-fra3-1.xx&edm=AKIiGfEEAAAA&_nc_gid=AI__dgZBalaFAdCOgi_kh84&oh=00_AYAxUDFeYMIGgqR3Wd0yuMzXDSXQlSuW_qDVnT1y-Pg4Xw&oe=66F64F04,14,1,2,4,16,2993,3954,3967
2023-03-09,"Fashion changes, but style endures, and this cocktail has style!✨ Be sure to try the 💃Coco Chanel💃 from James Coleby (IG: @jcoleby) at The Rabbit Hutch (@rbt_hutch) in Verbier, Switzerland! ⬇️

💃 Washing Campari with Coconut
💃 Antica Formula
💃 John Robert's Botanic Request Gin (@thebotanicrequest)

TOTCF aims to support the worldwide cocktail community by sharing bartenders' creative concoctions & innovative recipes. Submit yours for an opportunity to be featured on our channels here: https://forms.gle/PjDunJWdgnEt7QnS9

#totcf",https://scontent-fra5-1.xx.fbcdn.net/v/t39.30808-6/335425884_957419715621234_5539249206278533701_n.jpg?_nc_cat=102&ccb=1-7&_nc_sid=127cfc&_nc_ohc=Oe4uUoVSApoQ7kNvgGWsT6k&_nc_ht=scontent-fra5-1.xx&edm=AKIiGfEEAAAA&_nc_gid=AI__dgZBalaFAdCOgi_kh84&oh=00_AYDooNP168fHuGOyf2m1k4-c2UZZ7y66oRw85YOitinW4Q&oe=66F6853A,8,0,0,0,8,1784,2090,2136
2023-03-11,"Getting 'figgy' with it this Saturday night?🍾 Get the night started with a recipe for the 🕺Vadouvan Fig Club🕺 from Devil's Botany (IG: @devilsbotany) at Coupette  (@coupettelondon)! ⬇️

🕺 @devilsbotany Absinthe Regalis
🕺 Vadouvan Syrup
🕺 Super Figs
🕺 Egg White
🕺 Lemon

TOTCF aims to support the worldwide cocktail community by sharing bartenders' creative concoctions & innovative recipes. Submit yours for an opportunity to be featured on our channels here: https://forms.gle/PjDunJWdgnEt7QnS9

#totcf",https://scontent-fra5-1.xx.fbcdn.net/v/t39.30808-6/335445549_900167197978027_5245971492207651201_n.jpg?_nc_cat=102&ccb=1-7&_nc_sid=127cfc&_nc_ohc=vn4TuLsnYVEQ7kNvgHUWzHi&_nc_ht=scontent-fra5-1.xx&edm=AKIiGfEEAAAA&_nc_gid=AI__dgZBalaFAdCOgi_kh84&oh=00_AYB5XQnNm1k2whwAggxmtWzZy0pvd0AX3-iqiMIaG4WCUw&oe=66F66910,3,0,1,0,4,2252,2588,2588
2023-03-15,"Caffeine in a Martini glass? Talk about a perfect blend!🤩 Celebrate ☕️#EspressoMartiniDay☕️ with a recipe from 1931 Gallery Bistro (IG: @1931gallerybistro) in Vancouver, BC, Canada! ⬇️

☕️ 1.5oz Goslings Dark Rum
☕️ 0.5oz Kahlua
☕️ Pinch of Maldon Salt
☕️ Double Shot Espresso
☕️ Coffee Salt
☕️ Espresso Beans

📸: Hanns Corvalan (@hanns.corvalan)

TOTCF aims to support the worldwide cocktail community by sharing bartenders' creative concoctions & innovative recipes. Submit yours for an opportunity to be featured on our channels here: https://forms.gle/PjDunJWdgnEt7QnS9

#totcf",https://scontent-fra3-1.xx.fbcdn.net/v/t39.30808-6/335458017_865781604525242_2499802091200821956_n.jpg?stp=dst-jpg_p720x720&_nc_cat=108&ccb=1-7&_nc_sid=127cfc&_nc_ohc=ZNdjEnApNagQ7kNvgF5p6zd&_nc_ht=scontent-fra3-1.xx&edm=AKIiGfEEAAAA&_nc_gid=AI__dgZBalaFAdCOgi_kh84&oh=00_AYBzERt93Qw0raSEq11ciLLIGSxK7gka2mfRNcn6iqHMdw&oe=66F66DD9,2,0,1,0,3,1969,2350,2382
2023-03-15,"2023 Tales Catalyst Luncheon Nominations are open!✨

The Tales Catalyst Luncheon, formerly the Dame Hall of Fame, aims to honor those who are working for the accessibility & intersectionality of the drinks industry. If you know someone who has impacted you by making a lasting change in the industry through inspiring or influencing equity and inclusion, we want to know! In your nomination form, highlight how this person has made strides toward inclusivity and accessibility within the industry. 

Nominations for Tales Catalysts Honorees close on April 3rd at 11:59 PM EST. Submit yours here: https://bit.ly/3XJCcRJ

#2023TalesCatalysts #TalesCatalysts #totc2023 #totc #TalesoftheCocktail2023 #totcf",https://scontent-fra5-2.xx.fbcdn.net/v/t39.30808-6/335143693_171931839056442_9112302527173367449_n.jpg?stp=dst-jpg_p720x720&_nc_cat=106&ccb=1-7&_nc_sid=127cfc&_nc_ohc=Z_hPWPFNq4EQ7kNvgEaEyS8&_nc_ht=scontent-fra5-2.xx&edm=AKIiGfEEAAAA&_nc_gid=AI__dgZBalaFAdCOgi_kh84&oh=00_AYDCqP7ir-8T_gGOZKTG-GmrmGpVieFniLKSyp-_GqKCIQ&oe=66F660B8,5,0,1,2,5,1107,1362,1391
2023-03-17,"We'd trade a pot of gold for this shamrockin' cocktail anyday — Happy #StPatricksDay!💚 Celebrate with the 🍀Pissed Leprechaun🍀 recipe from Cocktail Contessa (IG: @cocktail_contessa) in Louisville, Kentucky! ⬇️

🍀 1 oz Suze
🍀 1 oz WhiskeySmith Co Pineapple Whiskey
🍀 1 oz Irish Whisky
🍀 1/2 oz Pineapple Syrup
🍀 Scant 1/4 oz Blue Curacao

TOTCF aims to support the worldwide cocktail community by sharing bartenders' creative concoctions & innovative recipes. Submit yours for an opportunity to be featured on our channels here: https://forms.gle/PjDunJWdgnEt7QnS9

#totcf",https://scontent-fra3-1.xx.fbcdn.net/v/t39.30808-6/336772935_919065896014239_4028961896926007513_n.jpg?_nc_cat=108&ccb=1-7&_nc_sid=127cfc&_nc_ohc=8S_dfUzYkTQQ7kNvgE5b-V1&_nc_ht=scontent-fra3-1.xx&edm=AKIiGfEEAAAA&_nc_gid=AI__dgZBalaFAdCOgi_kh84&oh=00_AYAuyf_kiJIrfttVI120R4FpvfzYxnR-gn0oKMAy1nqTvg&oe=66F65C0B,5,0,1,0,6,2896,3309,3325
2023-03-18,"We're teaming up with Singapore Tourism Board to celebrate the multifaceted culture and talent within the island nation. Ready to experience whisky infused with king oyster mushrooms, or red rice sake with a hint of sumac? Discover unexpected ingredients sourced from close to home with Fura!🥂✨

Fura is a plant-forward bar, showcasing how our diet could look in the future due to climate change. The menu is designed around highlighting ingredients that have now become prevalent and in abundance due to our imbalance of the ecosystem. They are not interested in serving you something you've had before!

Learn more about Fura and other ways TOTCF is teaming up with Singapore Tourism Board here: http://bit.ly/3Y3eQam

#SingaporexTales #visitSingapore #TOTC2023

Singapore Tourism Board | Visit Singapore | Woodford Reserve Bourbon Distillery  | Libbey Pro | Cocktail Kingdom | Campari | Johnnie Walker | Pernod Ricard US",https://scontent-fra5-1.xx.fbcdn.net/v/t39.30808-6/336881700_946754496338305_1925351485994573713_n.jpg?stp=dst-jpg_s1080x2048&_nc_cat=102&ccb=1-7&_nc_sid=127cfc&_nc_ohc=praW-g2sN3sQ7kNvgG9tmH0&_nc_ht=scontent-fra5-1.xx&edm=AKIiGfEEAAAA&_nc_gid=AI__dgZBalaFAdCOgi_kh84&oh=00_AYCk0dNVSz9EBQWtXA3nyxptzucZN4Xwy_xN1yLcDx3sWw&oe=66F67BFC,8,0,0,4,9,2427,2870,2870
2023-03-19,"Every 'bloody' needs somebody. Our somebody this weekend is the 🍅Hail Mary🥒 from Aidan Mautschke (IG: @aidan.mautschke) at The Drinkery (@thedrinkery) in Cape Town, South Africa — Check out the recipe below! ⬇️

🍅 Vodka
🫒 Cape Honey
🥒 Dry Vermouth
🍅 Fresh Lime
🫒 Olive Brine
🥒 Cucumber Bitters
🍅 Spiced Tomato Juice
🫒 Smoked Maldon Salt & Pork Crackling

TOTCF aims to support the worldwide cocktail community by sharing bartenders' creative concoctions & innovative recipes. Submit yours for an opportunity to be featured on our channels here: https://forms.gle/PjDunJWdgnEt7QnS9

#totcf",https://scontent-fra5-2.xx.fbcdn.net/v/t39.30808-6/336782817_600537598663311_5273624245915410581_n.jpg?stp=dst-jpg_p720x720&_nc_cat=106&ccb=1-7&_nc_sid=127cfc&_nc_ohc=WVHsKxkK5TEQ7kNvgFYHYXA&_nc_ht=scontent-fra5-2.xx&edm=AKIiGfEEAAAA&_nc_gid=AI__dgZBalaFAdCOgi_kh84&oh=00_AYApahOr7JOTdO4KAOHLZzoxeDQRYKaDxcXjTzDD9N0QFQ&oe=66F67207,7,0,1,0,7,2437,2751,2751
2023-03-20,"Celebrate #WomensHistoryMonth with Dame Hall of Fame Inductee Tess Posthumus  (IG: @tessposthumus)!🎉 

Tess is the proud Bar Owner of Flying Dutchmen Cocktails (@flyingdutchmencocktails), a Dame Hall of Fame Inductee, and has also served on the TOTCF board for the last 2 years. We sat down with her to discuss the Tales of the Cocktail Catalyst Luncheon rebrand, what intersectionality means to her, contributions that women and non-binary people have made in the drinks industry and so much more!

Find our full interview with Tess here: https://bit.ly/40nf516

#WHM #totcf #totc2023heritagemonthseries",https://scontent-fra5-2.xx.fbcdn.net/v/t39.30808-6/337040440_674033171390315_4299811279824840945_n.jpg?stp=dst-jpg_p720x720&_nc_cat=107&ccb=1-7&_nc_sid=127cfc&_nc_ohc=PWO5VWfdoxEQ7kNvgEtvtu6&_nc_ht=scontent-fra5-2.xx&edm=AKIiGfEEAAAA&_nc_gid=AI__dgZBalaFAdCOgi_kh84&oh=00_AYDMp5sBlQ5fZ1NXT4dvShTI2idQru2BaIIp8uVFuTD8UQ&oe=66F65E07,2,0,0,0,3,738,992,1009
2023-03-21,"We're feeling 'vine' & dandy on #VermouthDay!🍷 Celebrate the aromatized wine with the recipe for 🤷‍♀️Why Not Both?🤷‍♂️ from Wisecraft Mixology (IG: @wisecraft_mixology)! ⬇️

🤷‍♀️ 2 ounces 818 Tequila (@drink818) Infused with Butterfly Pea Petals
🤷‍♂️ Ransom Wine Co. & Distillery's (@ransomspirits) 1/2 ounce Dry Vermouth
🤷‍♀️ 2 dashes Wisecraft Allspice Bitters
🤷‍♂️ Giffard Liqueurs & Syrups' (@giffard_liqueurs_syrups) Rinse of Creme de Violette 

🤷‍♀️ Garnish with a Luxardo (@luxardoofficial) cherry

TOTCF aims to support the worldwide cocktail community by sharing bartenders' creative concoctions & innovative recipes. Submit yours for an opportunity to be featured on our channels here: https://forms.gle/PjDunJWdgnEt7QnS9

#totcf",https://scontent-fra3-1.xx.fbcdn.net/v/t39.30808-6/337396253_599202121795863_5942748269864489885_n.jpg?stp=dst-jpg_s720x720&_nc_cat=105&ccb=1-7&_nc_sid=127cfc&_nc_ohc=_TSK_ry8tZoQ7kNvgEL9Gxl&_nc_ht=scontent-fra3-1.xx&edm=AKIiGfEEAAAA&_nc_gid=AI__dgZBalaFAdCOgi_kh84&oh=00_AYDMzvYKfOla83xp1ffVrdG7ZW0yRVWPSxoN9m5IePdOrQ&oe=66F650D8,8,0,0,0,8,2077,2477,2499
2023-03-23,"We're teaming up with Singapore Tourism Board to celebrate the multifaceted culture and talent within the island nation. Discover your home away from home with NO SLEEP CLUB — Neither bar, restaurant nor café, yet all of the above!🔮🥂

What began after hours as a 4-seat bar in a coffee shop, No Sleep Club has evolved into an all-day space approachable to anyone in the neighborhood.🏘 Their knowledge of modern techniques make ""comfort drinks"" like vodka sodas and gin & tonics the best versions of themselves!✨ 

Learn more about No Sleep Club and other ways TOTCF is teaming up with Singapore Tourism Board here: http://bit.ly/3Y3eQam

#SingaporexTales #VisitSingapore #totc2023 

VisitSingapore | Woodford Reserve | Libbey Pro | Cocktail Kingdom | Campari | Johnnie Walker | Pernod Ricard USA",https://scontent-fra3-2.xx.fbcdn.net/v/t39.30808-6/337880651_158475523777645_8777929486497059375_n.jpg?stp=dst-jpg_s1080x2048&_nc_cat=111&ccb=1-7&_nc_sid=127cfc&_nc_ohc=rckK37BtgSMQ7kNvgE-yMim&_nc_ht=scontent-fra3-2.xx&edm=AKIiGfEEAAAA&_nc_gid=AI__dgZBalaFAdCOgi_kh84&oh=00_AYAuNYnz2schGGMfH5ofwMTm46eewZw-D6s-8NOI4M3rKg&oe=66F65A83,22,0,5,20,22,6653,7809,8015
2023-03-24,"Our followers are as fly as a Mai Tai and mo'fun than a Mojito.🧡 We could go on and on, and we will because it's National #CocktailDay!🍹🎉 Thank you for sharing your unique recipes and inspiring creativity for cocktails with us each and every day. We're celebrating with a 🥒Blackberry Gin Smash🥒 from Empress 1908 Gin (IG: @empress1908gin)! ⬇️

🥒 2 oz Empress 1908 Gin
🥒 3 oz Tonic Water
🥒 5-6 Blackberries
🥒 Cucumber

🥒 Garnish with Cucumber Slice or Rose

TOTCF aims to support the worldwide cocktail community by sharing bartenders' creative concoctions & innovative recipes. Submit yours for an opportunity to be featured on our channels here: https://forms.gle/PjDunJWdgnEt7QnS9

#totcf",https://scontent-fra3-2.xx.fbcdn.net/v/t39.30808-6/337828719_6107701822641849_4649926961737974016_n.jpg?stp=dst-jpg_p720x720&_nc_cat=104&ccb=1-7&_nc_sid=127cfc&_nc_ohc=6TB49ZZp_4YQ7kNvgHk13Wj&_nc_ht=scontent-fra3-2.xx&edm=AKIiGfEEAAAA&_nc_gid=AI__dgZBalaFAdCOgi_kh84&oh=00_AYDwcG9vekJ6qHLUUyw8Av1Snf7iui3xH8ktOU9H3NQ_TA&oe=66F67D71,18,2,1,4,24,3672,4180,4351
2023-03-25,"#DYK: The Caipirinha is Brazil's national cocktail?🇧🇷 Today, we're sipping on a twist of the traditional drink with the 🥥Caipirinha v2🫑 from Tony Rials (IG: @trials_00) at Waxlight Bar a Vin (@waxlight_bar_a_vin) in Buffalo, NY! ⬇️

🥥 Coconut-Washed Cachaca
🫑 Gentiane
🥥 Passionfruit
🫑 Bell Pepper
🥥 Lime

TOTCF aims to support the worldwide cocktail community by sharing bartenders' creative concoctions & innovative recipes. Submit yours for an opportunity to be featured on our channels here: https://forms.gle/PjDunJWdgnEt7QnS9

#totcf",https://scontent-fra3-2.xx.fbcdn.net/v/t39.30808-6/337847037_1689177791502338_4955988219555563033_n.jpg?stp=dst-jpg_p720x720&_nc_cat=111&ccb=1-7&_nc_sid=127cfc&_nc_ohc=yGSIvY-j9j0Q7kNvgHvcOEK&_nc_ht=scontent-fra3-2.xx&edm=AKIiGfEEAAAA&_nc_gid=AI__dgZBalaFAdCOgi_kh84&oh=00_AYAeyY5ye3J7K05dSe0O3fb5XSlX0DxOsRVixEDuhR-Sqg&oe=66F67D39,4,0,0,5,4,1493,1784,1797
2023-03-26,"Want to be featured on our pages leading up to #totc2023?🤩 All you have to do is give us your #totc stories!💬

Has a Tales of the Cocktail event:

👉 Educated you with new craft techniques and/or business training?
👉 Advanced your professional career?
👉 Supported you through mentorship opportunities?

We want to know!✨ Submit your answers here: https://forms.gle/KbW4nmSGst5jJj2k6

#MeetAtTales #MeetAtTales2023 #totcf",https://scontent-fra5-2.xx.fbcdn.net/v/t39.30808-6/337817097_902722107721254_90924827449555978_n.jpg?stp=dst-jpg_s1080x2048&_nc_cat=107&ccb=1-7&_nc_sid=127cfc&_nc_ohc=NGUmRzFvgUoQ7kNvgEnlJMI&_nc_ht=scontent-fra5-2.xx&edm=AKIiGfEEAAAA&_nc_gid=AI__dgZBalaFAdCOgi_kh84&oh=00_AYAUGqxsU-8tXp-bQzAbwp2ZVdyApavDMwkgwua5geY9Eg&oe=66F662D9,0,0,1,0,0,2027,2379,2439
2023-03-27,"This recipe is true top-shelf material, and a great way to celebrate International #WhiskeyDay!🥃🎉 Enjoy the 🫂Close Friend🫂 cocktail from Alex Bowles (IG: @alex_vowles) at the Hawthorn Lounge (@hawthornlounge) in Wellington, New Zealand! ⬇️ 

🥃 45ml Rye Whiskey
🥃 5ml Demerara 2:1
🥃 5ml Maraschino Liqueur
🥃 5ml House Made Curacao
🥃 2 dashes each Angostura and Orange bitters

TOTCF aims to support the worldwide cocktail community by sharing bartenders' creative concoctions & innovative recipes. Submit yours for an opportunity to be featured on our channels here: https://forms.gle/PjDunJWdgnEt7QnS9

#totcf",https://scontent-fra3-2.xx.fbcdn.net/v/t39.30808-6/337155137_536433698651630_4755510183760667723_n.jpg?stp=dst-jpg_p720x720&_nc_cat=111&ccb=1-7&_nc_sid=127cfc&_nc_ohc=coNI--De-J8Q7kNvgHCecyg&_nc_ht=scontent-fra3-2.xx&edm=AKIiGfEEAAAA&_nc_gid=AI__dgZBalaFAdCOgi_kh84&oh=00_AYBdcRJzFGHg_D-kVeVDr9xLy4xX7QSRZhyV14dGLeazBw&oe=66F6552C,9,0,0,0,9,2115,2379,2473
2023-03-27,"You only have 1️⃣ week left to submit your 2023 Tales Catalyst Luncheon Nominations!

The Tales Catalyst Luncheon, formerly the Dame Hall of Fame, welcomes more members this year that highlight marginalized groups within the industry and shine a spotlight on leaders actively making changes in their communities.

If you would like to recognize a woman, non-binary, and trans person who has made unique and lasting contributions to the global hospitality industry, submit your nomination by April 3rd at 11:59 PM EST here: https://bit.ly/3XJCcRJ

#2023TalesCatalysts #TalesCatalysts #totc2023 #totc #TalesoftheCocktail2023 #totcf",https://scontent-fra5-2.xx.fbcdn.net/v/t39.30808-6/338056759_166945895835409_2396156714802918391_n.jpg?stp=dst-jpg_p720x720&_nc_cat=109&ccb=1-7&_nc_sid=127cfc&_nc_ohc=Lpd0K_CBFu8Q7kNvgH_IneV&_nc_ht=scontent-fra5-2.xx&edm=AKIiGfEEAAAA&_nc_gid=AI__dgZBalaFAdCOgi_kh84&oh=00_AYA_Ufppm-yr2TDzrfL2yzM5kjkb0vgiECPJRVaZx2IVkw&oe=66F66227,2,0,0,2,2,816,1023,1041
2023-03-28,"Checking-in to #TOTC2023?🍹 We recommend checking-out the charm, convenience and culture our event hotel blocks have to offer: 

📍 Hyatt Centric French Quarter,
📍 Courtyard Marriott Iberville,
📍 Four Seasons,
📍 Royal Sonesta,
📍Virgin Hotels
📍 And JW Marriott!

Tales of the Cocktail attendees are invited to secure their stay early for the July 23 - 28 global cocktail conference. Learn more about our hotel blocks here: http://bit.ly/3LFYYVv

#totc #TalesOfTheCocktail2023 #totcf",https://scontent-fra5-1.xx.fbcdn.net/v/t39.30808-6/338028812_204498898887245_3359754047176004606_n.jpg?stp=dst-jpg_s720x720&_nc_cat=100&ccb=1-7&_nc_sid=127cfc&_nc_ohc=NieazvAZCZ4Q7kNvgGSVu4N&_nc_ht=scontent-fra5-1.xx&edm=AKIiGfEEAAAA&_nc_gid=AI__dgZBalaFAdCOgi_kh84&oh=00_AYArvLx1hwN0hbYx2fy-5h8ESxQq_6LBRhwmmqmmga3lNw&oe=66F6562B,7,0,1,10,7,2202,2545,2553
2023-03-29,"Shame on us for not trying this recipe sooner! Enjoy the 💔Fool Me Once💔 cocktail from Elmer Mejicanos (IG: @elmer.mejicanos) at Causwells (@causwells) in San Francisco, CA! ⬇️

💔 Monkey Shoulder Whisky
💔 Egg
💔 Sake
💔 Yuzu
💔 Rice Cream

💔 Garnish with Burnt Rice Paper Love Letter

TOTCF aims to support the worldwide cocktail community by sharing bartenders' creative concoctions & innovative recipes. Submit yours for an opportunity to be featured on our channels here: https://forms.gle/PjDunJWdgnEt7QnS9

#totcf",https://scontent-fra5-1.xx.fbcdn.net/v/t39.30808-6/338421739_1409035416552163_9199508051650900656_n.jpg?stp=dst-jpg_s720x720&_nc_cat=102&ccb=1-7&_nc_sid=127cfc&_nc_ohc=LhFDI0aIZEkQ7kNvgEqcvHP&_nc_ht=scontent-fra5-1.xx&edm=AKIiGfEEAAAA&_nc_gid=AI__dgZBalaFAdCOgi_kh84&oh=00_AYBAz9HZLQKeoyUz5LYc-nBm325lgiaoGisHhoNDJIBmUg&oe=66F66873,9,0,0,2,9,2993,3403,3403
2023-03-31,"Who needs GPS when you have 🗺The Guild Navigator🗺 from Albi DC  (@albiwashdc)? Continue straight ahead and arrive at the recipe for their cocktail below! ⬇️

🗺 Toki Japanese Whisky
🗺 Lebanese Seven Spice
🗺 Lime
🗺 Topo Chico

TOTCF aims to support the worldwide cocktail community by sharing bartenders' creative concoctions & innovative recipes. Submit yours for an opportunity to be featured on our channels here: https://forms.gle/PjDunJWdgnEt7QnS9

#totcf",https://scontent-fra3-2.xx.fbcdn.net/v/t39.30808-6/338854250_918347946079413_4391331773638302857_n.jpg?stp=dst-jpg_p720x720&_nc_cat=104&ccb=1-7&_nc_sid=127cfc&_nc_ohc=BCQKz_zzzXUQ7kNvgH8yd1w&_nc_ht=scontent-fra3-2.xx&edm=AKIiGfEEAAAA&_nc_gid=AI__dgZBalaFAdCOgi_kh84&oh=00_AYBOLGQGXw9bTj6cGlZeDCX794D6kZXdV4KFaB6RUhfIqQ&oe=66F68138,6,0,0,0,6,1394,1662,1662
2023-04-02,"It's almost time to get into the spirit of spirits — Tickets for #TOTC2023 go live in just 1️⃣ Month!🥂 

This year, we're embracing the theme of vitalization at the global cocktail conference to encapsulate the hospitality community’s:

✨ Vibrancy,
✨ Adaptability
✨ And its unmatched kinetic energy!

Each of which brings so much life to our shared experience. Learn more about what to expect at Tales of the Cocktail 2023 here: http://bit.ly/3LFYYVv",https://scontent-fra5-1.xx.fbcdn.net/v/t39.30808-6/339635963_154194073946163_7427599943834190219_n.jpg?stp=dst-jpg_s1080x2048&_nc_cat=110&ccb=1-7&_nc_sid=127cfc&_nc_ohc=1LA8lAcDpAMQ7kNvgGb9ulr&_nc_ht=scontent-fra5-1.xx&edm=AKIiGfEEAAAA&_nc_gid=AI__dgZBalaFAdCOgi_kh84&oh=00_AYDCvldkfKLKtxRiOlIPzGYjw82cLxzyIWjLyJc7gGqPww&oe=66F65FA6,13,0,3,9,15,2132,2656,2724
2023-04-02,"Tomorrow is the last day to submit your 2023 Catalyst Luncheon nominations!✨

The Catalyst Luncheon honors those who are working for the accessibility & intersectionality of the drinks industry. If you know a woman, non-binary, or trans person who has impacted you by making a lasting change in the industry through inspiring or influencing equity and inclusion, we want to know!

Nominations close at the end of April 3rd. Submit yours here: http://bit.ly/3ty2F8y

#2023TalesCatalysts #TalesCatalysts #totc2023 #totc #TalesoftheCocktail2023 #totcf",https://scontent-fra3-1.xx.fbcdn.net/v/t39.30808-6/339098961_942559333537457_4838508927026528474_n.jpg?stp=dst-jpg_p720x720&_nc_cat=105&ccb=1-7&_nc_sid=127cfc&_nc_ohc=cxVe7Rh-x1oQ7kNvgEsN4Cz&_nc_ht=scontent-fra3-1.xx&edm=AKIiGfEEAAAA&_nc_gid=AI__dgZBalaFAdCOgi_kh84&oh=00_AYAri6suak5KxZQBWUA8_x_4nRvQ4dvj7EzzFGGzcX2ajQ&oe=66F65810,3,0,0,1,3,625,813,835
2023-04-02,"Your #AprilFools Day may have been full of pranks, but you know what they say, 🍄Shiitake Happens!🍄 Check out this recipe from @Elmer Mejicanos (IG: @elmer.mejicanos) at Causwells!

🍄 1 oz @Absolut Vodka
🍄 1.5 oz Mushroom Infused Fiero from @Martini & Rossi
🍄 3 dashes Caribbean Bitters
🍄 .25 oz Simple Syrup
🍄 .75 oz Lime Juice
🍄 5 drops Saline

🍄 Garnish with Passion Fruit Foam and 5 Dots of Angostura Bitters

TOTCF aims to support the worldwide cocktail community by sharing bartenders' creative concoctions & innovative recipes. Submit yours for an opportunity to be featured on our channels here: https://forms.gle/PjDunJWdgnEt7QnS9

#totcf",https://scontent-fra3-1.xx.fbcdn.net/v/t39.30808-6/339098065_222505223765673_3457448282959577979_n.jpg?stp=dst-jpg_p720x720&_nc_cat=108&ccb=1-7&_nc_sid=127cfc&_nc_ohc=icdGdVUYKhUQ7kNvgG0tJjP&_nc_ht=scontent-fra3-1.xx&edm=AKIiGfEEAAAA&_nc_gid=AI__dgZBalaFAdCOgi_kh84&oh=00_AYB8-fioLjJsRh3TY-pbgjru8iBx7eNx4dS2GdtKnQVdRw&oe=66F684A1,2,0,0,1,2,2474,2726,2851
2023-04-05,"Catalyst Luncheon nominations have closed, but be on the lookout for more announcements on it in the coming months!👀🔮

In the meantime, if you'd like to learn more about the reasoning behind the transformation of Dame Hall of Fame into Catalyst Luncheon and. our selection process, check out Bar & Restaurant Expo's new article: ",https://external-fra5-1.xx.fbcdn.net/emg1/v/t13/2271261302209463345?url=https%3A%2F%2Fqtxasset.com%2Fquartz%2Fqcloud1%2Fmedia%2Fimage%2Fcatalyst.jpg%3FVersionId%3DmCmrXNYDRTVdOZ4tLCnvinOuakpkcx.K&fb_obo=1&utld=qtxasset.com&ccb=13-1&stp=dst-emg0_fr_q75&ur=50234c&_nc_sid=64c8fc&oh=06_Q399_lqvxbcSta-6IVR7qXuWzxVALMfKgSMs0JVupWTbSiM&oe=66F274FD,3,0,0,5,3,1442,1661,1709
2023-04-05,"🗣 Calling all cocktail enthusiasts + fellow spirits community members — Help us make a lasting impact with Tales of the Cocktail 2023 by volunteering for the event!🍹

We're looking for volunteers to assist with seminars, tasting rooms and more, July 23-28! Consider making the most of your trip to New Orleans by helping us put on the best global cocktail conference we can. Volunteers who work two shifts will receive a complimentary Tasting Room access Wristband.

Our volunteer application is live now! Sign up here: https://talesofthecocktail.org/get-involved/volunteer/

#totc2023 #totc #TalesoftheCocktail2023 #totcf",https://scontent-fra5-2.xx.fbcdn.net/v/t39.30808-6/339752926_184206484397629_1747629858685647680_n.jpg?stp=dst-jpg_p720x720&_nc_cat=107&ccb=1-7&_nc_sid=127cfc&_nc_ohc=TOYUtcbcwdQQ7kNvgFcc3Ss&_nc_ht=scontent-fra5-2.xx&edm=AKIiGfEEAAAA&_nc_gid=AI__dgZBalaFAdCOgi_kh84&oh=00_AYDyT-hd4fhZ8mhHxENQv-muj5Uncr_-FWUC4UqQPPYJ5g&oe=66F68540,0,0,4,42,0,1410,2003,2457
2023-04-06,"🍌 Going bananas over this 🐒Monkey Business🐒 cocktail! Check out the recipe below from Snehal DC (IG: @sne_dc)! ⬇️

🐒 Monkey Shoulder US 
🐒 Lime Juice
🍍 Pineapple Juice
🍌 Banana Liqueur
🐒 Cinnamon
🐒 Islay Scotch Spritz

TOTCF aims to support the worldwide cocktail community by sharing bartenders' creative concoctions & innovative recipes. Submit yours for an opportunity to be featured on our channels here: https://forms.gle/PjDunJWdgnEt7QnS9

#totcf",https://scontent-fra3-1.xx.fbcdn.net/v/t39.30808-6/339911585_163044132989890_6622916747597383685_n.jpg?stp=dst-jpg_p720x720&_nc_cat=101&ccb=1-7&_nc_sid=127cfc&_nc_ohc=1YuI4i96BdsQ7kNvgGhYX5T&_nc_ht=scontent-fra3-1.xx&edm=AKIiGfEEAAAA&_nc_gid=AI__dgZBalaFAdCOgi_kh84&oh=00_AYA29ndbgaIdPfQpreKdTax2aQGQRQYD0Dw49oahdCur5g&oe=66F67E70,24,0,2,6,25,4061,4425,4611
2023-04-07,"👋Say hello to the people overseeing the integrity of our educational programming and addressing the interests, needs, and goals of bartenders at TOTC 2023 — Introducing our Education Advisory Committee!🎉

🍹Business Advisory Committee🍹
🔘 Co-Chair Indra Kantono – Jigger and Pony Group –  Singapore 
🔘 Co-Chair Lauren Mote – Global Director of On-Trade Excellence for Patron Tequila – Amsterdam
🔘 Chanel Adams – Bangkok, Thailand 
🔘 Ara Caravallo – Co-Founder Barra Mexico & Portfolio Director – Distill Ventures –  Amsterdam + Mexico
🔘 Laura Green – M.Ed – Founder – Healthy Pour
🔘 Brandon Grusd – GM Proof & Company – South East Asia
🔘 Alex Day – Chief of Operations – Gin & Luck Company (Death & Co and Proprietors LLC)
🔘 Minakshi Singh – Co-founder and CEO of Cocktails and Dreams Speakeasy, and Sidecar – India
🔘 Rebecca Sturt – Marketing Manager –Middle East and India – Rémy Cointreau – Owner of Dubai Bartenders Club – Dubai UAE

🍹Culture Advisory Committee🍹
🔘 Co-Chair Varia Dellalian – Customer Marketing Executive  – Bacardi – Levant & Turkey 
🔘 Co-Chair ms. franky marshall – Modern Bartender – Educator
🔘 Giulia Cuccurullo – Head Bartender – Artesian Bar – London 
🔘 Ali Dedianko – Head of Advocacy & Experiential – Brown-Forman – UK
🔘 Bannie Kang – Co-Founder Side Door  – Taiwan 
🔘 Keith Motsi – Beverage Operations & Head Bartender– Four Seasons Hotel–Tokyo
🔘 Michael Neff – Proprietor – The Cottonmouth Club
🔘 Benjamin Padron Novoa – Co-Founder of Licoreria Limantour – Mexico
🔘 Laura Cullen – Founder of Liberty Consulting

🍹Beyond the Bar Advisory Committee🍹
🔘 Co-Chair Chanta Hunter – Freelance Bartender and Consultant
🔘 Holly Graham – Author, Managing Editor (International) at DRiNK Magazine & Academy Chair at The World's 50 Best Bars and Asia's 50 Best Bars – Hong Kong
🔘 Chelsea Gregoire – Founder & Hospitality Director, Church & Owner and Consultant, Drinkable Genius
🔘 Andrew Ho  – Hope & Sesame – China
🔘 Hannah Lanfear – Founding Director of The Mixing Class Ltd – London
🔘 Nana Sechere – Global Brand Ambassador for Takamaka Rum (Seychelles) and Owner & Creative Catalyst of Host Master’s Consultancy – Dubai UAE
🔘 Nicole Riske – European Brand Ambassador – The Macallan – Madrid
🔘 Jordan Zimmerman – Premium Whiskey Education Lead & Head of Advocacy, Brown-Forman – USA & Canada 

Learn more about our Education Advisory Committee members and their goals for TOTC events here: https://bit.ly/3m8YMXw

#totc2023 #totc #TalesoftheCocktail2023 #totcf",https://scontent-fra5-1.xx.fbcdn.net/v/t39.30808-6/340009734_780495876829324_9091209463226102341_n.jpg?_nc_cat=102&ccb=1-7&_nc_sid=127cfc&_nc_ohc=ZcWtFIoiTksQ7kNvgGyNvI-&_nc_ht=scontent-fra5-1.xx&edm=AKIiGfEEAAAA&_nc_gid=AI__dgZBalaFAdCOgi_kh84&oh=00_AYC029xjbNhqDrwjfZEKw49Uwfyuxe3f6RSajomzVbOHSg&oe=66F65883,11,0,0,2,16,3136,3860,4202
2023-04-09,"Tomorrow may be Monday, but we have a reason to keep your 'gin' up — It's #NationalGinAndTonicDay! Celebrate with this 💜 Cerulea Gin and Tonic 💜 recipe from Paula Garner (IG: @thebitterfairy)!🍸

💜 2 oz Cerulea Gin from Holystone Distilling 
💜 4 oz Tonic Water

TOTCF aims to support the worldwide cocktail community by sharing bartenders' creative concoctions & innovative recipes. Submit yours for an opportunity to be featured on our channels here: https://forms.gle/PjDunJWdgnEt7QnS9

#totcf",https://scontent-fra3-1.xx.fbcdn.net/v/t39.30808-6/340014481_255917753455950_2038173965689635658_n.jpg?_nc_cat=105&ccb=1-7&_nc_sid=127cfc&_nc_ohc=usXrY1jijF8Q7kNvgFQz591&_nc_ht=scontent-fra3-1.xx&edm=AKIiGfEEAAAA&_nc_gid=AI__dgZBalaFAdCOgi_kh84&oh=00_AYBNMQ0qvD6zDqocYi9LP2hRMnT1y7zm-iH-kOl2Xtsueg&oe=66F65C11,19,2,3,1,20,2780,3145,3145
2023-04-10,"You're the 🍎Apple of My Rye,🍎 and so is this recipe from Odd duck Austin texas  (IG: @oddduckaustin) in Austin, Texas! ⬇️

🍎 @Redemption Whiskey
🍎 @Peychaud's Aperitivo
🍎 Bénédictine D.O.M Liqueur
🍎 Charred Apple Syrup
🍋 Lemon

📸: Richard Casteel (@dandeliongatherings)

TOTCF aims to support the worldwide cocktail community by sharing bartenders' creative concoctions & innovative recipes. Submit yours for an opportunity to be featured on our channels here: https://forms.gle/PjDunJWdgnEt7QnS9

#totcf",https://scontent-fra3-2.xx.fbcdn.net/v/t39.30808-6/340812467_182411081303498_7227548155084049397_n.jpg?stp=dst-jpg_p720x720&_nc_cat=104&ccb=1-7&_nc_sid=127cfc&_nc_ohc=sIdSCfQ4jKYQ7kNvgH1Z_39&_nc_ht=scontent-fra3-2.xx&edm=AKIiGfEEAAAA&_nc_gid=AI__dgZBalaFAdCOgi_kh84&oh=00_AYBW3mnsj0Lu_D9tmhOX_uz-vuzMlCXHJgR7SZYpni_CSQ&oe=66F67FC5,5,0,0,0,5,1835,2065,2065
2023-04-12,"Lady Liberty's personal favorite – a 🗽New York Sour!🗽 Enjoy this cocktail recipe from Brenton Mowforth (IG: @cheerstohappyhour)!⬇️

🗽 1.5 oz Bourbon
🗽 0.75 oz Lemon Juice
🗽 0.75 oz Simple Syrup
🗽 1 drop of Orange Blossom Water
🗽 1-2 oz Red Wine

TOTCF aims to support the worldwide cocktail community by sharing bartenders' creative concoctions & innovative recipes. Submit yours for an opportunity to be featured on our channels here: https://forms.gle/PjDunJWdgnEt7QnS9

#totcf",https://scontent-fra3-1.xx.fbcdn.net/v/t39.30808-6/341036496_202370199206008_2806752950854591703_n.jpg?stp=dst-jpg_p720x720&_nc_cat=105&ccb=1-7&_nc_sid=127cfc&_nc_ohc=ClKwgGkXtowQ7kNvgEkRxex&_nc_ht=scontent-fra3-1.xx&edm=AKIiGfEEAAAA&_nc_gid=AI__dgZBalaFAdCOgi_kh84&oh=00_AYBqbEEelMOJYHRjtEO6Abg0OHEDHXKLc6N03IYqrm505g&oe=66F66824,17,0,1,2,17,2761,3090,3090
2023-04-13,"We're teaming up with Singapore Tourism Board to celebrate the multifaceted culture and talent within the island nation. Discover a showcase of the1960s, a decade when Singapore gained independence, with Republic (IG: @republicbarsg)!🥂✨

Republic pays homage to an era where freedom, expression, and individuality were celebrated. Inspired by the influential hallmarks of the 1960s, its extensive cocktail menu and vintage collection of spirits creates a vintage house party that you don't want to miss!🎊

Learn more about Republic and other ways TOTCF is teaming up with Singapore Tourism Board here: http://bit.ly/3Y3eQam

#SingaporexTales #visitSingapore #totc2023 

VisitSingapore | Woodford Reserve | Libbey Pro | Cocktail Kingdom | Campari | Johnnie Walker | Pernod Ricard US",https://scontent-fra5-1.xx.fbcdn.net/v/t39.30808-6/340924159_531159625888025_3063047233367971321_n.jpg?stp=dst-jpg_s1080x2048&_nc_cat=100&ccb=1-7&_nc_sid=127cfc&_nc_ohc=Fz-YLV3OMKoQ7kNvgH8dQln&_nc_ht=scontent-fra5-1.xx&edm=AKIiGfEEAAAA&_nc_gid=AI__dgZBalaFAdCOgi_kh84&oh=00_AYCjcGEL3fmCnah0bKjfgIv5DusHBxr2d7N1FR4gDMp6ZQ&oe=66F66483,20,0,3,1,22,4626,5790,5790
2023-04-14,"It's finally Friday so we're movin', groovin', and heading straight to Funky Town with this ""Funky Fields"" recipe from Dogma Cocktails (IG: @dogmacocktails)! ⬇️

🕺 Laphroaig 10
🎶 Cacao
🕺 Strawberry 
🎶 Orange
🕺 Lemon
🎶 Bitters

📸: Marjorie Romeijn (@projected_by_m)

TOTCF aims to support the worldwide cocktail community by sharing bartenders' creative concoctions & innovative recipes. Submit yours for an opportunity to be featured on our channels here: https://forms.gle/PjDunJWdgnEt7QnS9

#totcf",https://scontent-fra3-1.xx.fbcdn.net/v/t39.30808-6/340933897_1216832438964964_5738435322756396912_n.jpg?stp=dst-jpg_p720x720&_nc_cat=103&ccb=1-7&_nc_sid=127cfc&_nc_ohc=9JTTl6ZphYsQ7kNvgEu5kpc&_nc_ht=scontent-fra3-1.xx&edm=AKIiGfEEAAAA&_nc_gid=AI__dgZBalaFAdCOgi_kh84&oh=00_AYBXXnj6f0hX_RcccKNthHsSKoPsuEFGyCt2mt9gfPA16g&oe=66F67871,12,0,3,0,12,2085,2450,2454
2023-04-16,"Looking for tasty treat & delicious drink-related festivals?😋 Then New Orleans is the place to be in 2023!🎉 

Don't believe us? Just ask Eater NOLA!✨ Check out their new guide on New Orleans’s food & drink events for the year including #totc2023: ",https://external-fra5-1.xx.fbcdn.net/emg1/v/t13/15916672928937138024?url=https%3A%2F%2Fcdn.vox-cdn.com%2Fthumbor%2FVP5o41eaLCE733VhRvumKhwSM6E%3D%2F0x63%3A2048x1135%2Ffit-in%2F1200x630%2Fcdn.vox-cdn.com%2Fuploads%2Fchorus_asset%2Ffile%2F24528638%2FChix_wings.jpeg&fb_obo=1&utld=vox-cdn.com&ccb=13-1&stp=dst-emg0_fr_q75&ur=50234c&_nc_sid=64c8fc&oh=06_Q399YaMhd3iA1W0aOq0qesw0XGURygIP2mZZLWrlQBidwZE&oe=66F27619,4,2,0,28,4,1648,1955,1955
2023-04-17,"Puerto Rico, our Rum Shakers think you're 'San Juan' in a million!💃✨

The Rum Shaker dance competition, presented by Bacardi (IG: lagranfamilia1862) and TOTCF, brought our chosen finalists to Puerto Rico, where they visited the Bacardi Distillery and showcased their rum shakin' skills — Take a look!🎥

#RumShakersChallenge2023",https://scontent-fra3-1.xx.fbcdn.net/v/t15.5256-10/340812824_274255274938879_5836649723135399153_n.jpg?_nc_cat=103&ccb=1-7&_nc_sid=7965db&_nc_ohc=szdbmRCgkvIQ7kNvgHLy6HL&_nc_ht=scontent-fra3-1.xx&edm=AKIiGfEEAAAA&_nc_gid=AI__dgZBalaFAdCOgi_kh84&oh=00_AYDQ-X8piyb3AbRQzoHDBd94l3fOdZJr4bHSdt7i-xfJ2w&oe=66F666F6,2,0,1,0,2,599,1396,1466
2023-04-18,"You don't have to wing it when planning your next getaway — PARADE Magazine is now boarding for the best food & drink festivals of the year!✈️🥂

Check out what they had to say about Tales of the Cocktail and the other 1️⃣6️⃣ can't-miss U.S. food and wine fests of 2023 here: https://bit.ly/3op47L1

#totc2023 #TalesoftheCocktail2023 #totc #totcf",https://external-fra5-1.xx.fbcdn.net/emg1/v/t13/14716305708940633510?url=https%3A%2F%2Fparade.com%2F.image%2Ft_share%2FMTkwNTc4NjkwODM3OTgxMDUy%2Fyoung-woman-eating-pizza-at-festival.jpg&fb_obo=1&utld=parade.com&ccb=13-1&stp=dst-emg0_fr_q75&ur=50234c&_nc_sid=64c8fc&oh=06_Q399XKiwVRUecodL7uwYHTXNFxK6GN74LdTrZg8av670wz4&oe=66F25F1B,6,0,0,21,6,956,1198,1228
2023-04-19,"Just poppin’ in for National #AmarettoDay with this 🍿Almond Popcorn Sour🍿 recipe from Cocktailbart (IG: therealcocktailbart)! ⬇️

🍿 45 ml Cinecane Popcorn Rum Tastillery 
🍿 25 ml Amaretto
🍿 15 ml Maraschino
🍿 30 ml Lemon Juice 
🍿 5 ml Sugar Syrup
🍿 ½ Egg White

TOTCF aims to support the worldwide cocktail community by sharing bartenders' creative concoctions & innovative recipes. Submit yours for an opportunity to be featured on our channels here: https://forms.gle/PjDunJWdgnEt7QnS9

#totcf",https://scontent-fra3-1.xx.fbcdn.net/v/t39.30808-6/342448426_750201403274885_1831789479483178350_n.jpg?stp=dst-jpg_s720x720&_nc_cat=103&ccb=1-7&_nc_sid=127cfc&_nc_ohc=VVYgG8xiHJgQ7kNvgF7JTx9&_nc_ht=scontent-fra3-1.xx&edm=AKIiGfEEAAAA&_nc_gid=AI__dgZBalaFAdCOgi_kh84&oh=00_AYAhkzTfgt6PRamxU7ThP1xRaPeOKKICGaHL7F7vTryjNA&oe=66F68394,10,0,8,3,12,2570,3222,3222
2023-04-21,"“In brightest day, in blackest night, no evil shall escape my sight.” 🦸 Feel like a superhero with this “Green Lantern” recipe from g_intensiv (IG: @gintensiv!) ⬇️

💚 1 oz Gin
💚 1 oz Woodruff Liqueur
💚 1 oz Triple Sec
💚 1 oz Lime Juice
💚 1 Egg White

TOTCF aims to support the worldwide cocktail community by sharing bartenders' creative concoctions & innovative recipes. Submit yours for an opportunity to be featured on our channels here: https://forms.gle/PjDunJWdgnEt7QnS9

#totcf",https://scontent-fra3-2.xx.fbcdn.net/v/t39.30808-6/342714185_544179921252467_6099664740221442753_n.jpg?stp=dst-jpg_p720x720&_nc_cat=104&ccb=1-7&_nc_sid=127cfc&_nc_ohc=keMtDf5DG9gQ7kNvgEHm49y&_nc_ht=scontent-fra3-2.xx&edm=AKIiGfEEAAAA&_nc_gid=AI__dgZBalaFAdCOgi_kh84&oh=00_AYC7PGOeFaeB6ZyT_KBZr71zVcgCkWUErjmuR5XbJxotyg&oe=66F672AD,22,2,4,0,29,3329,3941,3946
2023-04-23,"Like Katy Perry said, ""You could travel the world, but nothing comes close to the Golden Coast!""🌅

Soak up the Pacific sun with a ☀️ Trip to California 🌊 from Massimiliano Storti (IG: @mas_martini) at MARTINI Cocktail Bar and Bistro in Borgomanero NO, Italy (IG: @_martinibar!) ⬇️

☀️ Mezcal
🌊 Amaro Montenegro
☀️ Melograno
🌊 Ibisco 
☀️ Soluzione Salina

TOTCF aims to support the worldwide cocktail community by sharing bartenders' creative concoctions & innovative recipes. Submit yours for an opportunity to be featured on our channels here: https://forms.gle/PjDunJWdgnEt7QnS9

#totcf",https://external-fra5-1.xx.fbcdn.net/emg1/v/t13/2779664934215430787?url=https%3A%2F%2Fssl.gstatic.com%2Fimages%2Fbranding%2Fgooglelogo%2F2x%2Fgooglelogo_color_74x24dp.png&fb_obo=1&utld=gstatic.com&ccb=13-1&stp=dst-emg0_fr_q75&ur=50234c&_nc_sid=64c8fc&oh=06_Q399lgQw8ngD3LaIhLH5MZkm4BLNht0Stkucz5fR8rG5OG8&oe=66F2654C,0,0,0,6,0,990,1249,1297
2023-04-24,"🔶 Now Announcing — 17th Annual Spirited Awards® Regional Top 10 Honorees!🔶

TOTCF’s 2023 Spirited Awards® Regional Top 10 Honorees recognize the following categories in 8 global regions:

🔸Best U.S. Bar Team presented by William Grant & Sons Inc 
🔸Best International Bar Team presented by Tales of the Cocktail 
🔸Best U.S. Cocktail Bar presented by Absolut 
🔸Best International Cocktail Bar presented by Patrón Tequila 
🔸Best U.S. Hotel Bar presented by Grey Goose 
🔸Best International Hotel Bar presented by Perrier 
🔸Best U.S. Restaurant Bar presented by Amaro Montenegro Americas and Select Aperitivo
🔸Best International Restaurant Bar presented by Tales of the Cocktail
🔸Best New U.S. Cocktail Bar presented by Diageo Bar Academy
🔸Best New International Cocktail Bar presented by Diageo Bar Academy 

Find the full list of honorees and more on one of the industry’s most sought-after awards here: https://bit.ly/40AH6Cd

Special thanks to Forbes, our 2023 Spirited Awards Official Media Partner.

#2023SpiritedAwards #SA2023 #SpiritedAwards #2023SARegionalHonoree #totc2023 #totc #TalesoftheCocktail2023 #totcf",https://scontent-fra5-2.xx.fbcdn.net/v/t39.30808-6/343026217_679299693953497_5913424930138185072_n.jpg?_nc_cat=107&ccb=1-7&_nc_sid=127cfc&_nc_ohc=BlmYN80uN5MQ7kNvgEQqy4k&_nc_ht=scontent-fra5-2.xx&edm=AKIiGfEEAAAA&_nc_gid=AI__dgZBalaFAdCOgi_kh84&oh=00_AYA1m2qGe3u6KlJ10wT4NtZaRDRvvkk1OTENZ8_Ij4CVMg&oe=66F67FEF,12,0,4,131,14,599,1390,1703
2023-04-25,"Need a drink that bites back? Then 🐍 Antivenom 🐍 is your cure! Enjoy this recipe from from Jason Holmes (IG: @jason_._holmes!)⬇️

🐍 2 oz Rye Whiskey
🐍 1/2 oz Mango Juice, clarified
🐍 1/2 oz Lime Juice, clarified
🐍 1/2 oz Cumin Syrup
🐍 1/4 oz Luxardo Amaro Abano from Luxardo USA 
🐍 1 dash of Scrappy’s Firewater Tincture from Scrappy's Bitters (IG: @scrappybitters)

TOTCF aims to support the worldwide cocktail community by sharing bartenders' creative concoctions & innovative recipes. Submit yours for an opportunity to be featured on our channels here: https://forms.gle/PjDunJWdgnEt7QnS9

#totcf",https://scontent-fra3-1.xx.fbcdn.net/v/t39.30808-6/343323282_272193355244056_7753847745116241969_n.jpg?stp=dst-jpg_p720x720&_nc_cat=105&ccb=1-7&_nc_sid=127cfc&_nc_ohc=G8Ct0zj38rYQ7kNvgE3H-qC&_nc_ht=scontent-fra3-1.xx&edm=AKIiGfEEAAAA&_nc_gid=AI__dgZBalaFAdCOgi_kh84&oh=00_AYAt2SfI7g6r4CNtRt6sqPp9RhCHGGuPk4u8eUB-PqU-fg&oe=66F678E9,26,1,2,3,26,2521,3055,3055
2023-04-26,"Equal parts celebration + educational experience — Spirited Awards Presents The SG Club will be an event to remember🎉 

Singapore's vibrant + diverse culture makes it the perfect backdrop for cocktail innovation, and we're thrilled to be a part of it by partnering with Singapore Tourism Board. With our recent announcement of the Spirited Awards Regional Top 10 Honorees, we're celebrating in style on May 8th by bringing Tokyo's famous SG Club to Singapore. The award-winning cocktail bar, ATLAS, will host SG Club for an unforgettable evening of education, tastings, shoe shining, and more.🔮 

Learn more about Spirited Awards Presents SG Club here: https://bit.ly/3L3BHhj

#SingaporexTales #SpiritedAwards2023 #visitsingapore 

Singapore Tourism Board | VisitSingapore | Atlas Bar Singapore | The SG Club | Shingo Gokan | Libbey Pro | Woodford Reserve | Fords Gin | Johnnie Walker | Cocktail Kingdom | Campari Singapore | Martellofficial",https://scontent-fra5-1.xx.fbcdn.net/v/t39.30808-6/343175091_585773106866298_211353058675242966_n.jpg?stp=dst-jpg_p720x720&_nc_cat=100&ccb=1-7&_nc_sid=127cfc&_nc_ohc=Lh-fPQmTKoIQ7kNvgHsrP_H&_nc_ht=scontent-fra5-1.xx&edm=AKIiGfEEAAAA&_nc_gid=AI__dgZBalaFAdCOgi_kh84&oh=00_AYC_6ngZfUGC9v774JQl_SfM5VpuqrZaKHjnn5MbXc97jw&oe=66F65AA4,5,0,0,0,5,1269,1562,1591
2023-04-27,"🤔 What do today's non-alcoholic cocktails look like?
🤔 Is there a bright future for non-alcoholic cocktails?
🤔 Can a non-alcoholic cocktail become a modern classic?

Find out with VinePair!✨

Their recent podcast covers NA cocktails and discusses their presence in Tales of the Cocktail programming + events!🔮 Listen to the full VinePair Podcast episode or read on it here: https://bit.ly/3MTuLWj

#totc2023 #totc #totcf",https://external-fra5-1.xx.fbcdn.net/emg1/v/t13/11813006787740323363?url=https%3A%2F%2Fvinepair.com%2Fwp-content%2Fuploads%2F2023%2F03%2Fvppod-can-an-na-cocktail-make-it-big-social.jpg&fb_obo=1&utld=vinepair.com&ccb=13-1&stp=dst-emg0_fr_q75&ur=50234c&_nc_sid=64c8fc&oh=06_Q399LSDYBJJjw_8PSgikXeMVIhZmsRZCrLbri0KXK5BLuK4&oe=66F28AC0,0,0,0,5,0,778,1003,1060
2023-04-28,"Take a sip of this and let it transport you to a sandy paradise! 🏝️ Enjoy 👣 Leave Only Footprints 👣 from Highball Cocktail Bar (IG: @highballphx!) ⬇️

👣 Vodka
🍓 Strawberry Syrup
👣 Fresh Lime
🥥 Coconut Creme with Sweetened Condensed Milk and Thai Coconut Milk
👣 Caribbean Liqueur
🍍 Pineapple Juice
👣 Alpine Liqueur
🍊 Orange Juice
👣 Touch of Cinnamon Syrup

TOTCF aims to support the worldwide cocktail community by sharing bartenders' creative concoctions & innovative recipes. Submit yours for an opportunity to be featured on our channels here: https://forms.gle/PjDunJWdgnEt7QnS9

#totcf",https://scontent-fra5-1.xx.fbcdn.net/v/t39.30808-6/344239343_1232497974298628_7635503719170763125_n.jpg?stp=dst-jpg_p720x720&_nc_cat=110&ccb=1-7&_nc_sid=127cfc&_nc_ohc=y7yidJrS8fgQ7kNvgH-tuMO&_nc_ht=scontent-fra5-1.xx&edm=AKIiGfEEAAAA&_nc_gid=AI__dgZBalaFAdCOgi_kh84&oh=00_AYArnhli5j0evL8XdLJgLwDsCs2XSkXDXLmIQm0oRXnY6g&oe=66F6618E,6,0,1,0,7,1275,1537,1634
2023-04-29,"Ahoy! Ready to set sail on the bartending adventure of a lifetime?⛵️ 🗺

The Hendrick's Expedition Cocktail is a one-of-a-kind workshop that sets itself apart from any other cocktail academy. Embark with Hendrick's Gin on a unique and innovative educational experience, where participants' progressive journeys could lead them to the Gin Palace + London Cocktail Week!🎉

Learn more about Hendrick's Expedition Cocktail and how to get involved here: https://bit.ly/413gytH

#HendricksExpeditionCocktail #Hendricks2023",https://scontent-fra3-1.xx.fbcdn.net/v/t39.30808-6/344253260_1601247183621463_7695406594703138701_n.jpg?stp=dst-jpg_p720x720&_nc_cat=105&ccb=1-7&_nc_sid=127cfc&_nc_ohc=WXZCAAJvc44Q7kNvgGsecOn&_nc_ht=scontent-fra3-1.xx&edm=AKIiGfEEAAAA&_nc_gid=AI__dgZBalaFAdCOgi_kh84&oh=00_AYDDpc7eY9vEFZ7BIwPB01frutuxJg47sj1OIbCZCSt3GQ&oe=66F65B8D,12,0,1,83,12,3412,4505,4970
2023-04-30,"Flying high with this gin-credible 🦋 Butterfly Pea 🦋 recipe from Hoppers Garden Bar (IG: @hoppersgardenbar!)⬇️

🦋 Glowing Ink Gin
🦋 Thyme
🦋 Yuzu Tonic
🍋 Lemon

TOTCF aims to support the worldwide cocktail community by sharing bartenders' creative concoctions & innovative recipes. Submit yours for an opportunity to be featured on our channels here: https://forms.gle/PjDunJWdgnEt7QnS9

#totcf",https://scontent-fra5-1.xx.fbcdn.net/v/t39.30808-6/344222715_610356010969206_1009490203747756247_n.jpg?stp=dst-jpg_p720x720&_nc_cat=110&ccb=1-7&_nc_sid=127cfc&_nc_ohc=gGIjZMcpETcQ7kNvgG7YwSz&_nc_ht=scontent-fra5-1.xx&edm=AKIiGfEEAAAA&_nc_gid=AI__dgZBalaFAdCOgi_kh84&oh=00_AYC08DkmaqgfQhrg7AK9uqtghPnuYJOdbm05A6Dolyw-Sg&oe=66F682B3,42,2,9,5,45,4754,5574,5615
2023-05-03,"🎙Now Playing — Cocktails and Spirits podcast co-host, Alfonso Esquivias, sat down with our CEO, Eileen Wayner, to discuss:

🍹 What TOTCF represents,
🔮 What attendees can expect from #totc2023
✨ The importance of our Beyond the Bar initiatives, CAP and much more!

Listen to their full discussion here: ",https://external-fra5-1.xx.fbcdn.net/emg1/v/t13/8999322453666977697?url=https%3A%2F%2Fis4-ssl.mzstatic.com%2Fimage%2Fthumb%2FPodcasts122%2Fv4%2F3b%2F98%2F52%2F3b9852ca-b236-f2cb-7fe7-2b61a96dfb71%2Fmza_395555940505776045.jpeg%2F1200x630wp.png&fb_obo=1&utld=mzstatic.com&ccb=13-1&stp=dst-emg0_fr_q75&ur=50234c&_nc_sid=64c8fc&oh=06_Q399NrTvdD1-iQMwvbw0nVtxEoUE2ua9Dv5sOXagC4K3gCc&oe=66F273E1,3,0,0,2,3,760,982,1023
2023-05-04,"This is the way — Because it's #StarWarsDay!🎉 Feel the force flow through you with the ✨Blue Milk of Tatooine✨ from Matthias Soberon (IG: @servedbysoberon), and original recipe from Karen Grill (@kaygrill)! ⬇️

🛸 60ml/2oz Dry Gin
✨ 15ml/0.5oz Blue Curacao
🛸 30ml/1oz Cream of Coconut
✨ 22,5ml/0.75oz Lime Juice
🛸 22,5ml/0.75oz Pineapple Juice
✨ 7,5ml/0.25oz Vanilla Syrup
🛸 7,5ml/0.25oz Orgeat

TOTCF aims to support the worldwide cocktail community by sharing bartenders' creative concoctions & innovative recipes. Submit yours for an opportunity to be featured on our channels here: https://forms.gle/PjDunJWdgnEt7QnS9

#MayTheFourthBeWithYou #TOTCF",https://scontent-fra3-1.xx.fbcdn.net/v/t39.30808-6/345056709_948148733038544_6344460092920864746_n.jpg?stp=dst-jpg_p720x720&_nc_cat=103&ccb=1-7&_nc_sid=127cfc&_nc_ohc=FsHyrm7k-AAQ7kNvgGEoxSv&_nc_ht=scontent-fra3-1.xx&edm=AKIiGfEEAAAA&_nc_gid=AI__dgZBalaFAdCOgi_kh84&oh=00_AYBuDt2hoSRF5vZpG74gM3FnK32USUGOjJ0S6AlrHv6bEw&oe=66F664B4,25,2,11,3,30,4025,4935,5139
2023-05-05,"🌶 Spice up your #CincoDeMayo by enjoying this 🥭 Mango-Rita 🥭 with jalapeno infused tequila🌶 from Shelby Mastro (IG: @shelby.mastro)! ⬇️

🥭 Mango Mix (@theperfectpureemango thinned with @nataliesojmango orange juice)
🌶 House Sour (lemon, lime, agave)
🌶 GP Jalapeño Infused Tequila 
🥭 Garnish: dried spicy mangoes and lava salt fire rim Saltopia Salts 

TOTCF aims to support the worldwide cocktail community by sharing bartenders' creative concoctions & innovative recipes. Submit yours for an opportunity to be featured on our channels here: https://forms.gle/PjDunJWdgnEt7QnS9

#totcf",https://scontent-fra5-2.xx.fbcdn.net/v/t39.30808-6/345044423_2006057769749076_4506424425633222085_n.jpg?stp=dst-jpg_s720x720&_nc_cat=107&ccb=1-7&_nc_sid=127cfc&_nc_ohc=fHilfgMVX9sQ7kNvgEiwNB5&_nc_ht=scontent-fra5-2.xx&edm=AKIiGfEEAAAA&_nc_gid=AI__dgZBalaFAdCOgi_kh84&oh=00_AYARvGY7RQGRhgKX4GGZ5p1LgwZ4uxXbbuVRG9gOTfmNmw&oe=66F67E48,16,1,6,4,17,2437,3023,3115
2023-05-06,"Celebrate #AAPIHeritageMonth with Alexandra Belton, a F&B Consultant and 2023 CAP White Coat!🎉

She recently sat down with us to share her personal experiences as a child of Korean immigrants growing up in America and the struggles of navigating her identity as a woman of color. Her interview highlights the complexities of the Asian American experience and reminds us all of the importance of remembering and sharing our stories, the stories of our ancestors, and the lessons that come with them.✨

Read Alexandra's piece, “We Must Sleep Before We Can Dream,"" here: https://bit.ly/3B59925

#totcf #totc2023heritagemonthseries

Cocktail photo by Natasha Moustache",https://scontent-fra5-1.xx.fbcdn.net/v/t39.30808-6/345126022_1350253899039644_3194120730359635894_n.jpg?_nc_cat=110&ccb=1-7&_nc_sid=127cfc&_nc_ohc=a6Zu0NWU1-sQ7kNvgFcPQNg&_nc_ht=scontent-fra5-1.xx&edm=AKIiGfEEAAAA&_nc_gid=AI__dgZBalaFAdCOgi_kh84&oh=00_AYCBQAYwEBS56ywUDqWmwDH502vvZ5GTTLpHS0FljsQS3g&oe=66F6509D,4,0,0,0,4,950,1249,1317
2023-05-07,"You'll feel like you're cruising down Ocean Drive with this 🌴Miami Vice Milk Punch🌴 recipe from Darren Miley (IG: admiral_miley) and Barney Toy (IG: @barneytoy) at Clipper NZ! ⬇️

🌴 Rum
🌴 Vodka
🌴 Strawberry
🌴 Acid
🌴 Pineapple
🌴 Coconut
🌴 Strawberry Whey

📸: Philip Spector (IG: @phil.spector)

TOTCF aims to support the worldwide cocktail community by sharing bartenders' creative concoctions & innovative recipes. Submit yours for an opportunity to be featured on our channels here: https://forms.gle/PjDunJWdgnEt7QnS9

#totcf",https://scontent-fra3-1.xx.fbcdn.net/v/t39.30808-6/345064233_1241229743201247_62389585004321139_n.jpg?stp=dst-jpg_s720x720&_nc_cat=103&ccb=1-7&_nc_sid=127cfc&_nc_ohc=Q_0DLZlaV5QQ7kNvgEMUkvt&_nc_ht=scontent-fra3-1.xx&edm=AKIiGfEEAAAA&_nc_gid=AI__dgZBalaFAdCOgi_kh84&oh=00_AYCy8QOZe_dRSmwRm5ClXLETzDI0lrKaQ276zFKU2MxKog&oe=66F66676,40,16,3,20,48,6500,7087,7113
2023-05-08,"Thank you again to The SG Club, the team at ATLAS Singapore, the Singapore tourism board, our sponsors, and the Singapore bar community for your warm welcome, support, and making last night’s ground breaking event a massive success!
#SingaporexTales
#totc2023 
#totc 
#totcf",https://scontent-fra3-1.xx.fbcdn.net/v/t39.30808-6/345290429_166819359377202_6284670888820354182_n.jpg?stp=dst-jpg_p720x720&_nc_cat=105&ccb=1-7&_nc_sid=127cfc&_nc_ohc=x_YRZoHACZgQ7kNvgG-_phH&_nc_ht=scontent-fra3-1.xx&edm=AKIiGfEEAAAA&_nc_gid=AI__dgZBalaFAdCOgi_kh84&oh=00_AYAoqmGhuDUsxV0pZtkNVoFbK2fl-FbTkryqZGHBi95AlQ&oe=66F6526F,19,0,0,0,23,4299,4902,5121
2023-05-08,"👋 Say hello to the Red Coat CAP Class of 2023!❤️🎓

Today, Tales of the Cocktail Foundation welcomes the newest members to the Cocktail Apprentice Program - the #CAP2023 Red Coats! Our behind-the-scenes team, Red Coats, will be paired with a Grey Coat mentor to learn the ropes and make celebrating Tales of the Cocktail’s 21st anniversary, happening July 23-28 in New Orleans, possible.

See the entire #CAP2023 class roster and learn more about our apprentice program here: https://bit.ly/3NP9ca8

#totc2023 #totc #TalesoftheCocktail2023 #totcf #CAP2023 #CAPRedCoat2023",https://scontent-fra5-2.xx.fbcdn.net/v/t39.30808-6/345611676_1333454430588895_1485855487129538298_n.jpg?_nc_cat=107&ccb=1-7&_nc_sid=127cfc&_nc_ohc=dkUXyiBH27oQ7kNvgGPVKpR&_nc_ht=scontent-fra5-2.xx&edm=AKIiGfEEAAAA&_nc_gid=AI__dgZBalaFAdCOgi_kh84&oh=00_AYCtV_aGFwOLqxTIT4LwwRf-3-447QyoXP2mcT4d4yZs0A&oe=66F67E38,6,0,4,9,10,2511,4251,5234
2023-05-10,"Take your taste buds on a trip to Buenos Aires with the ✈️Clarito Martini✈️ from PEARL DIVER (IG: @pearldiver_nashville)! ⬇️

🍸 1.5 oz Fords Gin
🍸 1 oz Pearl Diver’s “Tahitian Dreamin’” French-Style Vermouth (recipe below)
🍋 Lemon Peel

🌇 Royal stir, chilled coupe, partial sugar rim and expressed lemon zest garnish

🍸 Pearl Diver’s Tahitian Dreamin’ Vermouth:
750 ml Dry Vermouth of Choice
Peels from 3 English Cucumbers
3 Slices of Fresh Ginger
1/3 cup of Spearmint
1/4 cup Thai Lime Leaf

Sous vide at 150 degrees for 1.5 hours. Allow to cool, fine strain, then bottle.

TOTCF aims to support the worldwide cocktail community by sharing bartenders' creative concoctions & innovative recipes. Submit yours for an opportunity to be featured on our channels here: https://forms.gle/PjDunJWdgnEt7QnS9

#totcf",https://scontent-fra5-1.xx.fbcdn.net/v/t39.30808-6/346093127_1130790001647572_9134051357144097716_n.jpg?stp=dst-jpg_p720x720&_nc_cat=110&ccb=1-7&_nc_sid=127cfc&_nc_ohc=bfd0JYAWsT8Q7kNvgGSLRgD&_nc_ht=scontent-fra5-1.xx&edm=AKIiGfEEAAAA&_nc_gid=AI__dgZBalaFAdCOgi_kh84&oh=00_AYDC5Z7VDaVEAxC3Ed70z8SFo93AQyhXZa4qH3aUrGS9HA&oe=66F651BD,14,0,0,0,15,1493,1872,1959
2023-05-13,"Drinking a 🌿 Menta Beso 💋 from John Carlos Campos-Guzman (IG: @j_campos231) at The Bradford (IG: @thebradfordnj) on #WorldCocktailDay is mint to be! 😉 ⬇️

🌿 White Rum
🍉 Watermelon Purée
🌿 Mint
🍉 Lime

TOTCF aims to support the worldwide cocktail community by sharing bartenders' creative concoctions & innovative recipes. Submit yours for an opportunity to be featured on our channels here: https://forms.gle/PjDunJWdgnEt7QnS9

#totcf",https://scontent-fra5-1.xx.fbcdn.net/v/t39.30808-6/346841851_751609540038133_3862741025466661100_n.jpg?stp=dst-jpg_p720x720&_nc_cat=100&ccb=1-7&_nc_sid=127cfc&_nc_ohc=bFEo9s0lDLcQ7kNvgEflG0c&_nc_ht=scontent-fra5-1.xx&edm=AKIiGfEEAAAA&_nc_gid=AI__dgZBalaFAdCOgi_kh84&oh=00_AYBhrqZjxvsbfFJsgFg6orU0M61ayBIAJDa1MFGo0pNOgw&oe=66F6506C,18,1,4,0,20,2663,3334,3410
2023-05-14,"🎟 Twas' the night before Tales tickets,
🍷 And all through the bar,
👩‍🍳 The workers were stirring,
✨Ready to be cocktail stars!

Get those zzz's tonight,😴 because Tales of the Cocktail 2023 tickets are on sale tomorrow morning!🤩 Learn more about this year's global cocktail conference here: https://bit.ly/3LFYYVv

#totc2023 #totc #TalesoftheCocktail2023 #totcf",https://scontent-fra3-1.xx.fbcdn.net/v/t39.30808-6/346285646_6881176281899572_1074538607487854891_n.jpg?stp=dst-jpg_s1080x2048&_nc_cat=105&ccb=1-7&_nc_sid=127cfc&_nc_ohc=St81ppXB8zUQ7kNvgHvkVXs&_nc_ht=scontent-fra3-1.xx&edm=AKIiGfEEAAAA&_nc_gid=AI__dgZBalaFAdCOgi_kh84&oh=00_AYAoKagAtkNmqODPeU-WpbgJcmgxjrhhMpRmLCzpW1Tvjg&oe=66F65A46,10,1,0,27,12,2009,2344,2491
2023-05-15,"🚨Tales of the Cocktail 2023 tickets are on sale now!🚨

Whether you're joining us for a day, an evening, or the whole week, the opportunity to buy your tickets to the world's leading cocktail conference is now!⏰

Learn about all the ways you can celebrate Tales' 21st among your fellow bartenders + distillers — Purchase your tickets for the July 23-28 conference here: https://bit.ly/3LFYYVv

#TalesoftheCocktail2023 #totc2023 #totc",https://scontent-fra5-2.xx.fbcdn.net/v/t39.30808-6/347402881_551362100492321_6344622313090582403_n.jpg?_nc_cat=106&ccb=1-7&_nc_sid=127cfc&_nc_ohc=0Gx2Tzx25-gQ7kNvgG44qpw&_nc_ht=scontent-fra5-2.xx&edm=AKIiGfEEAAAA&_nc_gid=AI__dgZBalaFAdCOgi_kh84&oh=00_AYDC7GnBr9n5Nxh3IY-ByLiVjD91Ch1WXr6WevBmQTZt7g&oe=66F659F2,9,0,8,118,10,3840,5376,6071
2023-05-16,"You'll be walking on sunshine after trying the ☀️ CC Rum Punch ☀️ recipe from Concourse Club (IG: @concourseclub)! ⬇️

☀️ Bacardi Rum
🍋 Lemon
☀️ Passionfruit
🍊 Orange Blossom

TOTCF aims to support the worldwide cocktail community by sharing bartenders' creative concoctions & innovative recipes. Submit yours for an opportunity to be featured on our channels here: https://forms.gle/PjDunJWdgnEt7QnS9

#totcf",https://scontent-fra3-1.xx.fbcdn.net/v/t39.30808-6/347432445_605572141519349_790010549032308709_n.jpg?stp=dst-jpg_p720x720&_nc_cat=108&ccb=1-7&_nc_sid=127cfc&_nc_ohc=-Ga-SjOFcA8Q7kNvgE2SJuP&_nc_ht=scontent-fra3-1.xx&edm=AKIiGfEEAAAA&_nc_gid=AI__dgZBalaFAdCOgi_kh84&oh=00_AYBRv2pXXWNka3jSukeFA2DaLKym-NcFaQs2L5sxE8QOEA&oe=66F68175,10,0,3,1,11,1923,2366,2536
2023-05-17,"2023 marks Tales 21st!🍹🎂 To celebrate, we’re shaking + stirring this conference up — Get ready to choose your own TOTC adventure because we're making education more flexible than ever before!✨  

Don't want to miss out on a chance to attend one of Tales of the Cocktail 2023's seminars? You're in luck! Entry to seminar rooms is now included with a TOTC2023 Day Pass or TOTC2023 Week Pass via seminar stand-by access. This means individual seminars are no longer available for purchase, and instead are attendable on a first-come, first-served basis. 

Learn more about the 🆕 Week Passes, including our Tasting Ticket Package + Beyond the Bar Ticket Package, here: https://bit.ly/3LFYYVv

#TalesoftheCocktail2023 #totc2023 #totc",https://scontent-fra3-1.xx.fbcdn.net/v/t39.30808-6/346988600_1618970478514865_715538772020465853_n.jpg?_nc_cat=103&ccb=1-7&_nc_sid=127cfc&_nc_ohc=yBn9BsdXCuwQ7kNvgG_5_Rq&_nc_ht=scontent-fra3-1.xx&edm=AKIiGfEEAAAA&_nc_gid=AI__dgZBalaFAdCOgi_kh84&oh=00_AYCvi--okKXi8pSyHpqDnCq19GbVFJualoqLSian_NvE6g&oe=66F6814F,2,0,0,12,2,1103,1418,1508
2023-05-18,"Whaddya' say to visiting Tales for a day?🍹✨  Tales of the Cocktail Day Passes start at $45!

The standard TOTC2023 Day Pass now grants entry to seminar rooms via seminar stand-by access! In addition, 2️⃣ other day pass options are available, the Tasting Room Day Pass and the Bartender Day Pass!

Don't miss your opportunity to be part of the leading cocktail conference's 21st birthday! Learn more about our day pass options and purchase tickets here: https://bit.ly/3LFYYVv 

#TalesoftheCocktail2023 #totc2023 #totc",https://scontent-fra3-2.xx.fbcdn.net/v/t39.30808-6/347642042_899129667816096_5069090240769863428_n.jpg?_nc_cat=111&ccb=1-7&_nc_sid=127cfc&_nc_ohc=DpgDZsN6HEgQ7kNvgHlIl7Y&_nc_ht=scontent-fra3-2.xx&edm=AKIiGfEEAAAA&_nc_gid=AI__dgZBalaFAdCOgi_kh84&oh=00_AYBcG6TR_T3rCUtBA96sy622xt1-UZUOVGZX4954Cmts2Q&oe=66F67EF8,6,0,1,38,7,2411,3145,3915
2023-05-20,"Enjoy a classic with a modern twist in this 🥃 Harlem Manhattan 🥃 recipe from Harlem Standard (IG: @harlemstandard)!⬇️

🥃 2 oz. Harlem Standard American Straight Whiskey
🍷 1 oz. Sweet Vermouth
🍃 5 Drops of Angostura Bitters
🍒 1 Dark Maraschino Cherry
🍊 Orange Peel for Garnish

🥃 Combine the Harlem Standard American Straight Whiskey, sweet vermouth, and bitters in a cocktail shaker filled with ice. Stir gently. Place a cherry in the bottom of a chilled cocktail glass and strain the whiskey mixture over the cherry. Garnish with a dried orange peel.

TOTCF aims to support the worldwide cocktail community by sharing bartenders' creative concoctions & innovative recipes. Submit yours for an opportunity to be featured on our channels here: https://forms.gle/PjDunJWdgnEt7QnS9

#totcf",https://scontent-fra5-1.xx.fbcdn.net/v/t39.30808-6/348503990_261718326426461_2239615493181273427_n.jpg?stp=cp1_dst-jpg_p720x720&_nc_cat=102&ccb=1-7&_nc_sid=127cfc&_nc_ohc=OC0v4MA14PcQ7kNvgHf2U5-&_nc_ht=scontent-fra5-1.xx&edm=AKIiGfEEAAAA&_nc_gid=AI__dgZBalaFAdCOgi_kh84&oh=00_AYApXGIzWjB0vUZRU4J-WV9ni9e7WaIiVeGdb2HkE6j8ww&oe=66F65FFE,9,1,0,0,11,1775,2135,2249
2023-05-21,"Enough is never enough with all of the Tales of the Cocktail 2023 events + opportunities!🤩✨

A variety of add-on event tickets are on sale now:

➕ Meet the Distillers
➕ Pig and Punch Day of Service
➕ Tasting Seminars
➕ New Orleans Cocktail Tours
➕ 12th Annual Pig and Punch Closing Party
➕ Catalyst Luncheon

Learn more about each of our add-on events and purchase your tickets for them here: https://bit.ly/3LFYYVv

#TalesoftheCocktail2023 #totc2023 #totc",https://scontent-fra5-1.xx.fbcdn.net/v/t39.30808-6/347828637_791662202436906_2001264887412205351_n.jpg?_nc_cat=110&ccb=1-7&_nc_sid=127cfc&_nc_ohc=IK-2P0cEhE8Q7kNvgGyi9Fa&_nc_ht=scontent-fra5-1.xx&edm=AKIiGfEEAAAA&_nc_gid=AI__dgZBalaFAdCOgi_kh84&oh=00_AYA_4T1gB8yRmcS3IDGID0utlwH6aD2XJyHpXKDLG3UR5g&oe=66F666B3,5,0,0,18,5,1673,2063,2146
2023-05-21,"It's so nice to see familiar faces👋 — Welcome the Grey Coat Cocktail Apprentice Program Class of 2023!🎓

Now graduated Red Coats, #CAP2023 Grey Coats are our behind-the-scenes TOTC leaders! While providing mentorship to the incoming Red Coat Class, the Grey Coat Class will be responsible for running slated seminars at #TalesoftheCocktail, and will play an integral role in the success of all of this year's educational programming taking place July 23-28 in New Orleans.🍹🎉

See the entire Grey Coat class roster and learn more about our apprentice program here: https://bit.ly/3BIoztG

#totc2023 #totc #TalesoftheCocktail2023 #totcf #CAPGreyCoat2023",https://scontent-fra5-2.xx.fbcdn.net/v/t39.30808-6/347828582_1399888170554245_4663144767267960782_n.jpg?_nc_cat=107&ccb=1-7&_nc_sid=127cfc&_nc_ohc=7W-Tz_NwCVoQ7kNvgH5EmWq&_nc_ht=scontent-fra5-2.xx&edm=AKIiGfEEAAAA&_nc_gid=AI__dgZBalaFAdCOgi_kh84&oh=00_AYAVr8RdcQXpRps1wErpKxhJr_m36xSMGyK7EJZxGXXrHA&oe=66F6809E,7,0,0,1,7,2875,3294,3647
2023-05-22,"It's so nice to see familiar faces👋 — Welcome the Grey Coat Cocktail Apprentice Program Class of 2023!🎓

Now graduated Red Coats, #CAP2023 Grey Coats are our behind-the-scenes TOTC leaders! While providing mentorship to the incoming Red Coat Class, the Grey Coat Class will be responsible for running slated seminars at #TalesoftheCocktail, and will play an integral role in the success of all of this year's educational programming taking place July 23-28 in New Orleans.🍹🎉

See the entire Grey Coat class roster and learn more about our apprentice program at the link in bio!🔗

#totc2023 #totc #TalesoftheCocktail2023 #totcf #CAPGreyCoat2023",https://scontent-fra5-2.xx.fbcdn.net/v/t39.30808-6/348319210_260823299801906_4224103984400174046_n.jpg?stp=dst-jpg_s720x720&_nc_cat=106&ccb=1-7&_nc_sid=127cfc&_nc_ohc=A9x34xBwIk8Q7kNvgF16S0m&_nc_ht=scontent-fra5-2.xx&edm=AKIiGfEEAAAA&_nc_gid=AI__dgZBalaFAdCOgi_kh84&oh=00_AYCPz6Nho6Ba9z7HrRNZFNK77BFsaJ8Z3lW8FGUFcpcheg&oe=66F66099,4,1,0,0,7,2270,2741,3478
2023-05-22,"With a perfect balance of sweet and sour, celebrate 🍹 #NationalPalomaDay 🍹 with this recipe from Alexandra Purcaru (IG: @idohaveasister) at Selva Oaxaca Cocktail Bar! ⬇️

🍹 Altos Tequila
🍹 Grapefruit Kombucha
🍹 Lime
🍹 Lemon Lime Salt

📸:Víctor Ramírez López (IG: @victorfotomx)

TOTCF aims to support the worldwide cocktail community by sharing bartenders' creative concoctions & innovative recipes. Submit yours for an opportunity to be featured on our channels here: https://forms.gle/PjDunJWdgnEt7QnS9

#totcf #PalomaDay",https://scontent-fra5-1.xx.fbcdn.net/v/t39.30808-6/348640620_256233120285221_5810896269702752132_n.jpg?stp=dst-jpg_p720x720&_nc_cat=100&ccb=1-7&_nc_sid=127cfc&_nc_ohc=WYURtEtUFT0Q7kNvgF_KMtk&_nc_ht=scontent-fra5-1.xx&edm=AKIiGfEEAAAA&_nc_gid=AI__dgZBalaFAdCOgi_kh84&oh=00_AYDk7-2X66YQSE6FMquh_zMjOenVyi2641TH4hEzHoaMBQ&oe=66F658B1,7,0,1,0,8,2167,2514,2613
2023-05-23,"Checking-in to TOTC 2023? Check-out Royal Sonesta Hotel New Orleans, one of the finest Bourbon Street New Orleans hotels.✨

The heart & soul of Tales of the Cocktail is New Orleans, and the heart & soul of New Orleans is the French Quarter!💜 From Cajun & Creole to fresh seafood, Royal Sonesta New Orleans offers the best of the Big Easy all under one roof, all while being just blocks away from the largest cocktail conference in the world!🌎🍹

Book your stay at the Royal Sonesta New Orleans today: https://bit.ly/3nPx9mD

#TalesoftheCocktail2023 #totc2023 #totc #totcf",https://scontent-fra5-2.xx.fbcdn.net/v/t39.30808-6/348906982_2411403815725282_3148346308534301904_n.jpg?_nc_cat=106&ccb=1-7&_nc_sid=127cfc&_nc_ohc=3q_F0kWjYo4Q7kNvgGx12Ri&_nc_ht=scontent-fra5-2.xx&edm=AKIiGfEEAAAA&_nc_gid=AYorFXMorZArj_DMyZibb1x&oh=00_AYA15CJjIQjpuxlJTjUfmOpHunFMiY-j1p_7YIznd7JGgQ&oe=66F68060,1,0,0,1,1,492,794,853
2023-05-24,"Transport yourself to Italian shores with this ❤️ Sicilian Seduction ❤️ recipe from Danny Garcia (IG: @dannyboygarcia) at Lady Jane (IG: @ladyjanedenver)! 🌊 ⬇️

❤️ .75 oz Madre “Espadin” Mezcal
❤️ .75 oz Cimarron Blanco Tequila
❤️ .5 oz Salers
🍋 .75 oz Lemon Juice
🍊 1 oz Blood Orange Syrup
🌶️ 2 Dashes of Habanero Tincture
❤️ Shake and fine strain over Hoshizaki ice in GOBLET
❤️ Garnish: Blood Orange Wheel skewered with Cherry & Mint Bouquet

TOTCF aims to support the worldwide cocktail community by sharing bartenders' creative concoctions & innovative recipes. Submit yours for an opportunity to be featured on our channels here: https://forms.gle/PjDunJWdgnEt7QnS9

#totcf",https://scontent-fra3-2.xx.fbcdn.net/v/t39.30808-6/349103921_1298490787716501_3432353013803970899_n.jpg?stp=dst-jpg_p720x720&_nc_cat=104&ccb=1-7&_nc_sid=127cfc&_nc_ohc=upXfDTRPJVYQ7kNvgF3XRDg&_nc_ht=scontent-fra3-2.xx&edm=AKIiGfEEAAAA&_nc_gid=AYorFXMorZArj_DMyZibb1x&oh=00_AYBHTYxNrOaHH9-pTVTf3PMtpT3L9ff1RwndLAQ2JCXGFg&oe=66F66244,10,1,0,1,11,2210,2616,2683
2023-05-25,"We are proud to announce Libbey Pro as our Official Glassware of Tales of the Cocktail 2023!

Libbey glassware can be spotted during the full week of events at multiple activation bars, our Spirited Awards dinner and their very own activation on July 27th! Follow Libbey Pro for more information and be sure to take a peek under your glass for the Libbey ""L"" throughout the week!👀🍹 

#formakersbymakers #bartenderlife",https://scontent-fra3-1.xx.fbcdn.net/v/t15.5256-10/339109450_768249431762015_110172734858692418_n.jpg?_nc_cat=101&ccb=1-7&_nc_sid=7965db&_nc_ohc=asOk25ya0-EQ7kNvgErvv5O&_nc_ht=scontent-fra3-1.xx&edm=AKIiGfEEAAAA&_nc_gid=AYorFXMorZArj_DMyZibb1x&oh=00_AYDoh7W9MU-xbWugbJETjYAqezHnu6LAwtSf7DiKbNBZgA&oe=66F65462,2,0,1,0,3,556,1105,1234
2023-05-26,"Discover the unique, explore the hard-to-find, and uncover the unexpected at Tales of the Cocktail 2023's exclusive tasting seminars!✨ This year, we're featuring 4️⃣:

🥃 The Future of Whiskey
🍸 A Rare Flight to Cognac
🍹 It's All Agave
🍷 Think You Know World Vermouth?

Learn more about each exclusive tasting seminar and purchase your tickets here: https://bit.ly/3LFYYVv

#TalesoftheCocktail2023 #totc2023 #totc",https://scontent-fra5-2.xx.fbcdn.net/v/t39.30808-6/349073331_755651472976794_1166617174739652959_n.jpg?_nc_cat=107&ccb=1-7&_nc_sid=127cfc&_nc_ohc=EYKKirQVotQQ7kNvgF2634T&_nc_ht=scontent-fra5-2.xx&edm=AKIiGfEEAAAA&_nc_gid=AYorFXMorZArj_DMyZibb1x&oh=00_AYBkFno92OuLBkB5e1KonZKpOBJXyuBOc3-jnAyQbl_CqA&oe=66F65828,0,1,0,15,2,895,1155,1237
2023-05-27,"Release the power of 🦑 The Kraken 🦑 by enjoying this recipe from Anthony Medina (IG: @anthonymixology) at DOYA Restaurant! ⬇️

🍸 Old Tom Gin
🍷 Vermouth Rosso
🍒 Maraschino Liqueur
🍸Black Ink

TOTCF aims to support the worldwide cocktail community by sharing bartenders' creative concoctions & innovative recipes. Submit yours for an opportunity to be featured on our channels here: https://forms.gle/PjDunJWdgnEt7QnS9

#totcf",https://scontent-fra5-1.xx.fbcdn.net/v/t39.30808-6/350041873_791707432264182_134376057105705933_n.jpg?stp=dst-jpg_p720x720&_nc_cat=102&ccb=1-7&_nc_sid=127cfc&_nc_ohc=LJF84hRDdJ0Q7kNvgHnJQee&_nc_ht=scontent-fra5-1.xx&edm=AKIiGfEEAAAA&_nc_gid=AYorFXMorZArj_DMyZibb1x&oh=00_AYB8z70NjBhSbAgUnS0Xk9ES-Gr8gLJBv7I9AYdzhEatSw&oe=66F67F65,9,1,1,2,11,2563,3319,3399
2023-05-28,"We're teaming up with Singapore Tourism Board to showcase 4️⃣ Singapore bars at Tales of the Cocktail 2023!🍹 Get ready to explore the culture, trade and history of Singapore’s Little India with The Elephant Room Singapore!🥂
 
Elephant Room takes an often under-documented culture and spreads it to the world with ingredients freshly sourced from Tekka Market and spirits sourced from India. Each of its bar team shares the responsibility of operating; not only creating recipes for both bar and cuisine but also working between the floor, kitchen, and bar!

Learn more about Elephant Room and its presence at TOTC here: https://bit.ly/3Y3eQam

#SingaporexTales #visitsingapore #totc2023 #TalesoftheCocktail2023 #totc #totcf 

Singapore Tourism Board | Visit Singapore | The Elephant Room Singapore | Libbey Pro | Woodford Reserve | Campari | Johnnie Walker | Pernod Ricard",https://scontent-fra3-1.xx.fbcdn.net/v/t15.5256-10/337998374_1203100387073800_5774740340522242254_n.jpg?_nc_cat=108&ccb=1-7&_nc_sid=7965db&_nc_ohc=Bpp8sVAirBYQ7kNvgFMsBzC&_nc_ht=scontent-fra3-1.xx&edm=AKIiGfEEAAAA&_nc_gid=AYorFXMorZArj_DMyZibb1x&oh=00_AYCfDxgbHIhl4yMNpgF5_UcHmHJGfRWE940cL5iuXbT6MA&oe=66F657D0,5,0,3,7,5,531,1161,1282
2023-05-29,"Ready to get your steps in?🚶‍♂️ Wayne Curtis + TOTC 2023 are proud to present a reimagined New Orleans Cocktail Tour!🔮✨

We're offering attendees a series of 5️⃣ educational walking tours to provide a wealth of knowledge and keen insight into the city’s history and cocktail scene. Wayne (Co-Founder of New Orleans Spirits Competition, Author of And a Bottle of Rum: A History of the New World in Ten Cocktails and frequent spirits contributor for The Atlantic, Imbibe Magazine, Punch, The Daily Beast, and Garden & Gun) has curated a series of tours, including: 

🚶‍♀️ Hunting Down the Sazerac
🍹 Absinthe Tour
🚶‍♀️ Bourbon Street and How It Got That Way
🍹 Brandy, Bourbon, Bitters, Ice
🚶‍♀️ The Big Gay Bar Tour
🍹 How the Drive-Thru Daiquiri Happened

Learn more about the New Orleans Cocktail Tours at TOTC and purchase your tickets here: https://bit.ly/3LFYYVv

#TalesoftheCocktail2023 #totc2023 #totc",https://scontent-fra3-1.xx.fbcdn.net/v/t39.30808-6/349931006_215613441329339_7354611184198538236_n.jpg?_nc_cat=101&ccb=1-7&_nc_sid=127cfc&_nc_ohc=L0hu5RIuYX8Q7kNvgGentZn&_nc_ht=scontent-fra3-1.xx&edm=AKIiGfEEAAAA&_nc_gid=AYorFXMorZArj_DMyZibb1x&oh=00_AYB0VvtPCshs6TuQhhmS_528rpx-fDxSs0vtTT9N4iA1eg&oe=66F675CF,3,1,0,3,3,972,1279,1345
2023-05-30,"We need no encourage-mint to enjoy this 🌿Mint Julep 🌿 recipe from Caskers (IG: @caskers) on #NationalMintJulepDay! 😉⬇️

🥃 2 oz Bourbon
 🥃 .5 oz Simple Syrup
🌿 2 Handfuls of Fresh Mint
🌿 Mint Sprig for Garnish

TOTCF aims to support the worldwide cocktail community by sharing bartenders' creative concoctions & innovative recipes. Submit yours for an opportunity to be featured on our channels here: https://forms.gle/PjDunJWdgnEt7QnS9

#totcf",https://scontent-fra3-1.xx.fbcdn.net/v/t39.30808-6/349980946_1023630069018530_4082205142499391850_n.jpg?stp=dst-jpg_p720x720&_nc_cat=105&ccb=1-7&_nc_sid=127cfc&_nc_ohc=dc6iHQyBweYQ7kNvgEPIEUN&_nc_ht=scontent-fra3-1.xx&edm=AKIiGfEEAAAA&_nc_gid=AYorFXMorZArj_DMyZibb1x&oh=00_AYBRtSZ9ULdG0DiuqAKr12ZisfxuF4AsstcUANsUqqeQNg&oe=66F6599E,6,2,0,0,7,2267,2730,2798
2023-05-31,"A great party for an even greater cause — The 12th Annual Pig & Punch is back at Tales of the Cocktail 2023!🎉🍹

Pig & Punch, presented by The Bon Vivants, is a one-of-a-kind charity event that'll close out TOTC with a bang. Featuring food from five Hogs for the Cause chefs, plus plenty of punches + highballs, Pig & Punch supports several great causes, including New Orleans KIPP Charter Schools, The Bon Vivants Scholarship, Hogs for the Cause, and the Tales of the Cocktail Foundation.

Over the years, this event has raised an impressive $665,189.28 and contributed 10,562 volunteer hours in charter schools across the country. This year, we're aiming to make an even bigger impact. Purchase your tickets here: https://bit.ly/3LFYYVv

#TalesoftheCocktail2023 #totc2023 #totc",https://scontent-fra3-1.xx.fbcdn.net/v/t39.30808-6/350128880_626101602777478_2064832996876287522_n.jpg?_nc_cat=105&ccb=1-7&_nc_sid=127cfc&_nc_ohc=Sq4AT78Pe9QQ7kNvgHaiNPm&_nc_ht=scontent-fra3-1.xx&edm=AKIiGfEEAAAA&_nc_gid=AYorFXMorZArj_DMyZibb1x&oh=00_AYBMUkcisrRDBObbzMcirRfdPh9fMc1EG2wabKnIk-sZ3w&oe=66F663E2,3,0,2,14,4,464,825,874
2023-06-01,"Join TOTCF, Brown-Forman Brands and Saint Bernard Project (SBP) in rebuilding New Orleans homes post Hurricane Ida at Tales of the Cocktail 2023!✨

Tales of the Cocktail 2023 continues the tradition of giving back to our local community by inviting partners, attendees and media to join in a volunteer day with the Saint Bernard Project. In light of the hurricane's impact on New Orleans, TOTC2023 attendees will partake in our Day of Service on July 23. We'll work on rebuilding for low- to moderate-income homeowners, placing a special focus on families with small children, the elderly, disabled persons, war veterans, and the under and uninsured.⁠ 

Register for the Tales of the Cocktail 2023 Day of Service here: https://bit.ly/43glUmE

#totc2023 #totc #TalesoftheCocktail2023 #totcf",https://scontent-fra3-1.xx.fbcdn.net/v/t39.30808-6/350121985_1494745594666964_496409617510331796_n.jpg?_nc_cat=101&ccb=1-7&_nc_sid=127cfc&_nc_ohc=n3JLhSvKdkUQ7kNvgEZa9tN&_nc_ht=scontent-fra3-1.xx&edm=AKIiGfEEAAAA&_nc_gid=AYorFXMorZArj_DMyZibb1x&oh=00_AYCOKOCX5Fw0gndOr38cUeyWcQTTo-vytIDPSydLzqRu5g&oe=66F67E3C,4,0,1,8,4,480,901,972
2023-06-01,"🔶The 17th Annual Spirited Awards Top 10 Nominees are here!🔶

The 2023 Spirited Awards celebrate global excellence in the drinks industry and recognizes professionals, organizations, and establishments shaping the cocktail community. The Top 10 Nominees award categories include: 

🔸U.S. Bartender of the Year presented by Pernod Ricard USA 
🔸International Bartender of the Year presented by The Busker 
🔸Best U.S. Bar Mentor presented by BarSmarts 
🔸Best International Bar Mentor presented by Tales of the Cocktail 
🔸Best U.S. Brand Ambassador presented by Libbey Pro
🔸Best International Brand Ambassador presented by Tales of the Cocktail
🔸Best U.S. Bar Team presented by William Grant & Sons Inc
🔸Best International Bar Team presented by angosturahouse
🔸Best U.S. Cocktail Bar presented by Absolutus
🔸Best International Cocktail Bar presented by Patron Tequila
🔸Best U.S. Hotel Bar presented by GreyGoose
🔸Best International Hotel Bar presented by Perrier
🔸Best U.S. Restaurant Bar presented by amaromontenegro_ww & Select Aperitivo
🔸Best International Restaurant Bar presented by Tales of the Cocktail
🔸Best New U.S. Cocktail Bar presented by Diageo Bar Academy 
🔸Best New International Cocktail Bar presented by Diageo Bar Academy 
🔸World’s Best Cocktail Menu presented by Diageo Bar Academy 
🔸World’s Best Spirits Selection presented by Tales of the Cocktail
🔸Best New Spirit or Cocktail Ingredient presented by Lyre's Spirit Co 
🔸Best Cocktail & Spirits Writing presented by Tales of the Cocktail
🔸Best Cocktail & Spirits Publication presented by Tales of the Cocktail
🔸Best Broadcast, Podcast, or Online Video Series presented by Tales of the Cocktail 
🔸Best New Cocktail or Bartending Book presented by Tales of the Cocktail
🔸Best New Book on Drinks Culture, History, or Spirits presented by Tales Of The Cocktail

Find the full list of nominees here: https://bit.ly/43vKhN8

Find all acknowledged establishments from current and previous years using the Spirited Awards Directory here: https://bit.ly/3t9QUoZ

Special thanks to Forbes, our 2023 Spirited Awards Official Media Partner.

#2023SpiritedAwards #SA2023 #SpiritedAwards #2023SATop10 #totc2023 #totc #TalesoftheCocktail2023 #totcf",https://scontent-fra3-1.xx.fbcdn.net/v/t39.30808-6/349799537_289259640122708_6168851350255232964_n.jpg?_nc_cat=105&ccb=1-7&_nc_sid=127cfc&_nc_ohc=AAAxq0JoqqgQ7kNvgGFO44a&_nc_ht=scontent-fra3-1.xx&edm=AKIiGfEEAAAA&_nc_gid=AYorFXMorZArj_DMyZibb1x&oh=00_AYAjmbfcwHiYrX1WssaJsmc2S95QkBgAInrspG0PGj1NhQ&oe=66F6707F,6,0,1,30,7,317,846,967
2023-06-04,"Celebrate #NationalCognacDay with a recipe that is as stylish as it is delicious: 🫐 the Blackberry Beret 🫐 cocktail from Jes – The Sauceress (IG: @the.sauceress)! ⬇️

🥃 1.5 oz Cognac (@villonfrance)
🍾 3 oz Brut Cava (or legit Champagne if you're fancy!)
🍋 .5 oz Lemon Juice
🫐 5 Blackberries

✨ In a mixing glass, muddle blackberries with lemon juice. Really smash them up! Add cognac and some ice. Stir until chilled. Fine strain into a coupe glass. Top off with chilled Cava.

TOTCF aims to support the worldwide cocktail community by sharing bartenders' creative concoctions & innovative recipes. Submit yours for an opportunity to be featured on our channels here: https://forms.gle/PjDunJWdgnEt7QnS9

#totcf",https://scontent-fra5-1.xx.fbcdn.net/v/t39.30808-6/350249650_257327510207575_1405081735620657411_n.jpg?stp=dst-jpg_s720x720&_nc_cat=110&ccb=1-7&_nc_sid=127cfc&_nc_ohc=LUZyR851WOkQ7kNvgG9YjBG&_nc_ht=scontent-fra5-1.xx&edm=AKIiGfEEAAAA&_nc_gid=AYorFXMorZArj_DMyZibb1x&oh=00_AYA9joIheubbLJU4CuHJnMNeFBO8SQH7rChg4ves9mRvLw&oe=66F662A7,19,0,1,0,19,2246,2780,2889
2023-06-06,"Our TOTC showrunners are here — Say hello to the White Coat CAP Class of 2023!🎓👋

Our longest returning Cocktail Apprentice Program members, the CAP White Coats, are responsible for managing and directing the entire Cocktail Apprentice Program during this year’s celebration of Tales of the Cocktail, July 23-28, and are involved in the selection and performance of the Red, Grey & Black Coats. 

Meet the #CAP2023 White Coat Class and learn more about the Cocktail Apprentice Program here: https://bit.ly/3BIoztG

#totc2023 #totc #TalesoftheCocktail2023 #totcf #CAPWhiteCoat2023",https://scontent-fra5-2.xx.fbcdn.net/v/t39.30808-6/351995343_979410696811944_2954871782975148576_n.jpg?_nc_cat=109&ccb=1-7&_nc_sid=127cfc&_nc_ohc=ByQaB8aKxBYQ7kNvgFmxvwy&_nc_ht=scontent-fra5-2.xx&edm=AKIiGfEEAAAA&_nc_gid=AYorFXMorZArj_DMyZibb1x&oh=00_AYBpg4kepukcDOTlV0RasiQOW7Nv4A2pp1WVxGOEftEpSw&oe=66F68564,7,0,0,3,8,1852,2282,2406
2023-06-06,"The upperclassmen have arrived — Introducing the Black Coat CAP Class of 2023!🎓🎉

Acting as “Assistant Managers,” The Cocktail Apprentice Program Black Coats will support Tales of the Cocktail 2023 with their detail-oriented minds to manage and communicate with the #CAP2023 Grey Coat Class. CAP Black Coats will monitor and lead the Cocktail Apprentice Red and Grey Coats to ensure the success of this year’s celebration of Tales of the Cocktail taking place, July 23-28, in New Orleans.

Meet the #CAP2023 Black Coat Class and learn more about the Cocktail Apprentice Program here:https://bit.ly/3BIoztG

#totc2023 #totc #TalesoftheCocktail2023 #totcf #CAPBlackCoat2023",https://scontent-fra5-1.xx.fbcdn.net/v/t39.30808-6/351112732_1478557252987745_6720601668717819740_n.jpg?_nc_cat=102&ccb=1-7&_nc_sid=127cfc&_nc_ohc=0S6CBwOh37wQ7kNvgHc6_vn&_nc_ht=scontent-fra5-1.xx&edm=AKIiGfEEAAAA&_nc_gid=AYorFXMorZArj_DMyZibb1x&oh=00_AYB7IJAAcBfM5QbtKE275KVVsgcVHofox6OsliXQzU1_BQ&oe=66F65BAD,12,0,0,3,16,2542,2954,3109
2023-06-07,"At Tales of the Cocktail 2023, we're honoring those working for accessibility + intersectionality of the drinks industry — Join us in celebrating these individuals at the all-new Catalyst Luncheon!🥂

This year, we are excited to welcome more members to this group of individuals that highlight marginalized groups within the industry and shine a spotlight on leaders actively making changes in their communities. Join us July 28th at the Catalyst Luncheon by purchasing tickets here: https://bit.ly/3P3pVqG

#2023TalesCatalysts #TalesCatalysts #totc2023 #totc #TalesoftheCocktail2023 #totcf",https://scontent-fra3-1.xx.fbcdn.net/v/t15.5256-10/343959221_1319615445648634_3317132407794325014_n.jpg?_nc_cat=103&ccb=1-7&_nc_sid=c3bc4c&_nc_ohc=cKTYOthwWvkQ7kNvgHTgtGJ&_nc_ht=scontent-fra3-1.xx&edm=AKIiGfEEAAAA&_nc_gid=AYorFXMorZArj_DMyZibb1x&oh=00_AYB1WcvOdISkrCg_3sVu-dBikUk_0viFOiRdJR0mrdySMQ&oe=66F65288,2,0,0,0,2,390,826,888
2023-06-10,"You're going to need more shelf space after this.😉 Discover your next favorite distiller, blender, or maker among countless brands all in 1️⃣ place at Tales of the Cocktail 2023's Meet the Distillers!🤯

Open to trade + consumers, this Friday event closes TOTC2023’s host hotel events by taking over the entire meeting room space on the first floor of the Ritz-Carlton, New Orleans. Expect tastings, education, and an opportunity to interact with their favorite products and new brands yet to be discovered!🔮

Learn more about Meet the Distillers and purchase your tickets here: https://bit.ly/3LFYYVv

#totc2023 #totc #TalesoftheCocktail2023 #totcf",https://scontent-fra5-1.xx.fbcdn.net/v/t39.30808-6/352807239_642188901273510_2511086232690954004_n.jpg?_nc_cat=110&ccb=1-7&_nc_sid=127cfc&_nc_ohc=rI7Vx_X63IIQ7kNvgGfiFGX&_nc_ht=scontent-fra5-1.xx&edm=AKIiGfEEAAAA&_nc_gid=AYorFXMorZArj_DMyZibb1x&oh=00_AYB1tWXNAVoSi4iZf0lh_r5pcCAA33_87Z2mpoMzysYkUQ&oe=66F65A42,5,0,0,7,5,1180,1497,1588
2023-06-11,"Leap in National Gin Day with this 🌺 Lily Pad 🌺 recipe from Nicolas (IG: @storyaboutcocktails)! ⬇️

🍸 1.5 oz Gin Bombay
🌿  ½ oz Chareau Aloe Liqueur
🍷 ½ oz Blanc Vermouth
🌺 ½ oz Simple Syrup
🌺 ¾ oz Fresh Lemon Juice
🌺 5 Basil Leaves
🌺 1 Dash of Absinthe
🌺 1 Drop of Saline Solution

TOTCF aims to support the worldwide cocktail community by sharing bartenders' creative concoctions & innovative recipes. Submit yours for an opportunity to be featured on our channels here: https://forms.gle/PjDunJWdgnEt7QnS9

#totcf",https://scontent-fra5-2.xx.fbcdn.net/v/t39.30808-6/352957686_642189261273474_3308162758108306147_n.jpg?stp=dst-jpg_p720x720&_nc_cat=109&ccb=1-7&_nc_sid=127cfc&_nc_ohc=YT-KaTg4W_IQ7kNvgGZFpNF&_nc_ht=scontent-fra5-2.xx&edm=AKIiGfEEAAAA&_nc_gid=AYorFXMorZArj_DMyZibb1x&oh=00_AYDoID0qw-qx1vIdscJYBCI3d4nVCLWqM-yDVhDGU9eCjg&oe=66F66FE0,9,0,0,0,9,2175,2511,2511
2023-06-12,"Celebrate #PrideMonth with Chris Cabrera (IG: @chrscab)!🏳️‍🌈✨

In Chris' new feature, he highlights the historical contributions of Drag Queens and Trans individuals to the LGBTQ+ movement, while also addressing the current challenges faced by the community. With unity and action from community members, allies and the industry, we can face the current challenges and bring about lasting change.🤝

Check out his full feature, “UNAPOLOGETICALLY YOU,” here: https://bit.ly/3ClOVSu 

#totc2023heritagemonthseries #totc2023 #totc #TalesoftheCocktail2023 #totcf",https://scontent-fra5-1.xx.fbcdn.net/v/t39.30808-6/351346218_644175274408206_7709393860373566922_n.jpg?_nc_cat=110&ccb=1-7&_nc_sid=127cfc&_nc_ohc=2Iujs7nRDykQ7kNvgGoTCbv&_nc_ht=scontent-fra5-1.xx&edm=AKIiGfEEAAAA&_nc_gid=AYorFXMorZArj_DMyZibb1x&oh=00_AYD712VK29S9AdcGrUzigEEl_BmANKstMMqrK9UxU43AqA&oe=66F67692,2,0,0,0,2,1390,1682,1849
2023-06-13,"We're teaming up with Singapore Tourism Board to showcase 4️⃣ Singapore bars at Tales of the Cocktail 2023!🍹 Discover a presentation of what is possible to meet the needs of new generations and the resources of the planet today at @Fura SG!🌏

Sasha + Christina believe the population is stuck in old traditions when it comes to eating and drinking. The vision of Fura is to showcase an experience of how our diet could look in the future due to climate change, and its menu is designed around highlighting ingredients that have now become prevalent and in abundance due to our imbalance of the ecosystem.

Learn more about Fura and its presence at TOTC here: https://bit.ly/3Y3eQam

#SingaporexTales #visitsingapore #totc2023 #TalesoftheCocktail2023 #totc #totcf #stb2023 

Singapore Tourism Board | VisitSingapore | Libbey Pro | Woodford Reserve | Campari | Johnnie Walker | Pernod Ricard US",https://scontent-fra5-2.xx.fbcdn.net/v/t15.5256-10/353724510_932590274640177_1780268207213861491_n.jpg?_nc_cat=107&ccb=1-7&_nc_sid=7965db&_nc_ohc=ksP0kT4lQK8Q7kNvgE-TOeB&_nc_ht=scontent-fra5-2.xx&edm=AKIiGfEEAAAA&_nc_gid=AYorFXMorZArj_DMyZibb1x&oh=00_AYBy8nGmoF7nVZu8absP27gR6Tdd6iAmIdiPDpNm64X4nQ&oe=66F67C7B,4,0,2,5,4,386,1119,1343
2023-06-14,"Wondering if Tales of the Cocktail 2023 is for you?🤔 We could give you 9️⃣3️⃣8️⃣8️⃣7️⃣1️⃣ reasons why it is if character counts permitted — But let's stick with The Best Drink Ever's Top 1️⃣0️⃣!✨

Check out their article on the best reasons to attend this year's global cocktail conference here: https://www.thebestdrinkever.com/home/2023/5/16/top-10-tales-of-the-cocktail

#TalesoftheCocktail2023 #totc2023",https://external-fra5-1.xx.fbcdn.net/emg1/v/t13/1946670520472164085?url=http%3A%2F%2Fstatic1.squarespace.com%2Fstatic%2F57478a207da24f0db50fe06a%2F576dd993ff7c50a6aea46985%2F6463b047f678ef48d13a229e%2F1684267839686%2FScreen%2BShot%2B2023-05-16%2Bat%2B10.16.45%2BAM.png%3Fformat%3D1500w&fb_obo=1&utld=squarespace.com&ccb=13-1&stp=dst-emg0_fr_q75&ur=50234c&_nc_sid=64c8fc&oh=06_Q399g40Kzlle8Zy3gDCGaaB5IYnbeBQbux0R2HVmShU3Vk4&oe=66F26AF1,7,0,0,33,9,820,1102,1174
2023-06-15,"Who's ready for a garden party?💃 'Turnip' to the beat with the ✨ Turnip ✨ cocktail recipe by Sebastian Tollius (IG: @tollius_) at Eleven Madison Park  (IG: @elevenmadisonpark) in New York, NY! ⬇️

💚 Blanco Tequila
🍸 Bianco Vermouth
💚 Green Chartreuse
🍷 Mulled Wine
💚 Lime Sherbet

📸 @evansungnyc

TOTCF aims to support the worldwide cocktail community by sharing bartenders' creative concoctions & innovative recipes. Submit yours for an opportunity to be featured on our channels here: https://forms.gle/PjDunJWdgnEt7QnS9

#totcf",https://scontent-fra5-2.xx.fbcdn.net/v/t39.30808-6/354050935_645991087559958_3000167693368930124_n.jpg?stp=dst-jpg_p720x720&_nc_cat=106&ccb=1-7&_nc_sid=127cfc&_nc_ohc=RzqjsaeaLg8Q7kNvgGoLHv5&_nc_ht=scontent-fra5-2.xx&edm=AKIiGfEEAAAA&_nc_gid=AYorFXMorZArj_DMyZibb1x&oh=00_AYDwV-cDHpIrnk1w_ACcuVSDwUNUiiwk392bCOh0eweX3g&oe=66F682D0,3,0,1,1,3,995,1312,1335
2023-06-16,"🗣 Calling our local, New Orleans-based bartenders — We want you to be part of TOTC 2023!🎉

Sign up for Tales of the Cocktail’s Bartender for Hire List! This list is used by participating brands to hire a bartender team for their event during Tales of the Cocktail.

Add your information to the Bartender for Hire List for the opportunity to work at an event here: https://bit.ly/3N5VDkH

#totc2023 #totc #TalesoftheCocktail2023",https://scontent-fra5-2.xx.fbcdn.net/v/t39.30808-6/354572327_646795124146221_4066555242615112403_n.jpg?stp=dst-jpg_p720x720&_nc_cat=106&ccb=1-7&_nc_sid=127cfc&_nc_ohc=HWpb4eVeRUkQ7kNvgGzFJ-o&_nc_ht=scontent-fra5-2.xx&edm=AKIiGfEEAAAA&_nc_gid=AYorFXMorZArj_DMyZibb1x&oh=00_AYDrUZzhioncEIPlXf1KsKFmRV2yomSfMiDtXnFum3c6yw&oe=66F67F1A,4,0,0,12,4,627,852,890
2023-06-17,"Mango-ing, mango-ing, mango-ne.😋 We just couldn't get enough of this mango-nificient 🥭 Mango Lassi 🥭 recipe from Elmer Mejicanos (IG: @elmer.mejicanos) at Causwells  (@causwells) in San Francisco, CA! ⬇️

🟡 1.5 oz @Patron Silver Tequila
🟠 .5 oz @Patron Repo
🟢 Bar Spoon of Sailor Jerry Spiced Rum
🥭 1 oz Mango Puree
🍋 .5 oz Lemon Juice
🟣 1.5 oz Yogurt Liqueur
🔵 .5 oz Simple Syrup
🟡 3 Dashes of Angostura
🥚 1 oz Egg White

✨ Glass - Colorful Lattice
✨ Build - Dry Shake Hard, Wet Shake, Double Strain
✨ Garnish - 3 Dots Each of Coloring (Dots: Blueberry, Strawberry, Pineapple, Mint)

TOTCF aims to support the worldwide cocktail community by sharing bartenders' creative concoctions & innovative recipes. Submit yours for an opportunity to be featured on our channels here: https://forms.gle/PjDunJWdgnEt7QnS9

#totcf",https://scontent-fra5-2.xx.fbcdn.net/v/t39.30808-6/354425939_646795507479516_7335036582255431142_n.jpg?stp=dst-jpg_p720x720&_nc_cat=109&ccb=1-7&_nc_sid=127cfc&_nc_ohc=Ewpdzz-wNGkQ7kNvgF1xpVH&_nc_ht=scontent-fra5-2.xx&edm=AKIiGfEEAAAA&_nc_gid=AYorFXMorZArj_DMyZibb1x&oh=00_AYBdhz9uh3G8H6VQif4GX-SqJIAQWtv9LyLdA1IP47Y1vg&oe=66F66868,0,0,0,1,0,595,819,858
2023-06-19,"Celebrate #NationalMartiniDay with this perfectly tailored 📷 Sartorialist 🧥 recipe from Chris Amirault (IG: @chrisamiam) at The Maybourne Bar! ⬇️

🍸 Sipsmith Gin
🫖 Earl Grey Crema 
🍶 Sohomare Kimoto Junmai Daiginjo
🍷 Lillet Blanc
🍋 Lemon Oil

📸: Victoria Wall Harris

TOTCF aims to support the worldwide cocktail community by sharing bartenders' creative concoctions & innovative recipes. Submit yours for an opportunity to be featured on our channels here: https://forms.gle/PjDunJWdgnEt7QnS9

#totcf",https://scontent-fra3-1.xx.fbcdn.net/v/t39.30808-6/355125897_648386977320369_2572452070029778114_n.jpg?stp=dst-jpg_p720x720&_nc_cat=105&ccb=1-7&_nc_sid=127cfc&_nc_ohc=eLEzKVICLfkQ7kNvgGpLXt2&_nc_ht=scontent-fra3-1.xx&edm=AKIiGfEEAAAA&_nc_gid=AYorFXMorZArj_DMyZibb1x&oh=00_AYDtejuCanLuOR1bJu9FAjy_r5Vj-lrV6eptS6RI5t7bWA&oe=66F6801B,5,0,0,0,5,1115,1378,1435
2023-06-19,"In her “When you Know Better, Do Better” feature, Erika Flowers sheds light on the inconsistencies and need for real change in the hospitality industry. With support from organizations geared toward building equity, diversity, leadership, and career pathways for Black and Brown individuals, Erica was able to improve her business and express herself confidently behind and beyond the bar.

Learn more on how Erika is honoring her roots and advocating for inclusivity within the hospitality industry here: https://bit.ly/43R8rC4

#totc2023heritagemonthseries #totc2023 #totc #TalesoftheCocktail2023 #totcf",https://scontent-fra5-2.xx.fbcdn.net/v/t39.30808-6/355354410_648386163987117_928297141541344006_n.jpg?_nc_cat=107&ccb=1-7&_nc_sid=127cfc&_nc_ohc=1biB0QGWROcQ7kNvgEXffoI&_nc_ht=scontent-fra5-2.xx&edm=AKIiGfEEAAAA&_nc_gid=AYorFXMorZArj_DMyZibb1x&oh=00_AYBhsSfyul-QIZJ5TYsK3EK8nnDMFbJn4nZRYttJGqm-MA&oe=66F666B8,6,0,0,0,6,1068,1337,1401
2023-06-20,"Ready to be steps away from all the sips?🍹 Book your TOTC 2023 stay at the Courtyard New Orleans French Quarter/Iberville!✨

Experience a winning combination of convenience and luxury at Courtyard New Orleans French Quarter/Iberville. This hotel is your gateway to one of the world's most legendary destinations, and the world’s largest cocktail conference!🎉

Event attendees are invited to secure their stay at the Courtyard New Orleans French Quarter/Iberville hotel block for TOTC 2023 before June 23. Book here: https://bit.ly/3nPx9mD

#totc2023 #totc #TalesoftheCocktail2023 #totcf",https://scontent-fra5-2.xx.fbcdn.net/v/t39.30808-6/352566305_648877783937955_6283315516012567803_n.jpg?_nc_cat=107&ccb=1-7&_nc_sid=127cfc&_nc_ohc=IZIiwlmIMcoQ7kNvgGSGP30&_nc_ht=scontent-fra5-2.xx&edm=AKIiGfEEAAAA&_nc_gid=AYorFXMorZArj_DMyZibb1x&oh=00_AYC8W5cW6PUARYv9tMppFfOG0Wkt3MdYzZOfsOgGukDJbQ&oe=66F67F85,1,0,0,8,1,936,1209,1246
2023-06-21,"Have you heard the news?🗞 We just announced our 2023 Spirited Awards Top 4 Finalists! Be a part of the celebration by purchasing your tickets to the 17th Annual Spirited Awards Ceremony now!🎟

The 17th Annual Spirited Awards Ceremony will take place Thursday, July 27 during Tales of the Cocktail 2023 at The Fillmore New Orleans. This year, we have 3️⃣ available ticket options:

🏆 Table Seating Tickets
🏆 Theatre Seating Tickets
🏆 Viewing Party Tickets

Learn more about the 17th Annual Spirited Awards tickets and purchase yours here: https://bit.ly/3X9CcvK

Special thanks to Forbes, our 2023 Spirited Awards Official Media Partner.

#2023SpiritedAwards #SA2023 #SpiritedAwards #totc2023 #totc #TalesoftheCocktail2023 #totcf",https://scontent-fra3-1.xx.fbcdn.net/v/t15.5256-10/353953069_818839876508099_8620497467195320184_n.jpg?_nc_cat=101&ccb=1-7&_nc_sid=c3bc4c&_nc_ohc=0nqkM7GqKmkQ7kNvgGncBRj&_nc_ht=scontent-fra3-1.xx&edm=AKIiGfEEAAAA&_nc_gid=AYorFXMorZArj_DMyZibb1x&oh=00_AYAbeuOZGptzhB1XQ8nhBYmU6bLixfyb-8bHEN3qzWm9gw&oe=66F665B7,5,0,0,4,5,709,1148,1208
2023-06-21,"Your 2023 Spirited Awards Top 4 Finalists are here! 🏅 ⁠

The Top 4 Finalists award categories include:

🔸U.S. Bartender of the Year presented by Pernod Ricard USA 
🔸International Bartender of the Year presented by The Busker 
🔸Best U.S. Bar Mentor presented by BarSmarts 
🔸Best International Bar Mentor presented by Tales of the Cocktail 
🔸Best U.S. Brand Ambassador presented by Libbey Pro 
🔸Best International Brand Ambassador presented by Tales of the Cocktail 
🔸Best U.S. Bar Team presented by William Grant & Sons Inc 
🔸Best International Bar Team presented by angosturahouse  
🔸Best U.S. Cocktail Bar presented by Absolutus 
🔸Best International Cocktail Bar presented by Patron Tequila 
🔸Best U.S. Hotel Bar presented by GreyGoose 
🔸Best International Hotel Bar presented by Perrier 
🔸Best U.S. Restaurant Bar presented by Amaro Montenegro 
🔸Best International Restaurant Bar presented by Tales of the Cocktail 
🔸Best New U.S. Cocktail Bar presented by Diageo Bar Academy 
🔸Best New International Cocktail Bar presented by Diageo Bar Academy 
🔸World’s Best Cocktail Menu presented by Diageo Bar Academy 
🔸World’s Best Spirits Selection presented by Tales of the Cocktail 
🔸Best New Spirit or Cocktail Ingredient presented by @Lyres_spirit_co 
🔸Best Cocktail & Spirits Writing presented by Tales of the Cocktail
🔸Best Cocktail & Spirits Publication presented by Tales of the Cocktail 
🔸Best Broadcast, Podcast, or Online Video Series presented by Tales of the Cocktail 
🔸Best New Cocktail or Bartending Book presented by Tales of the Cocktail 
🔸Best New Book on Drinks Culture, History, or Spirits presented by Tales of the Cocktail 

Learn more about this year’s finalists here: https://talesofthecocktail.org/industrynews/tales-of-the-cocktail-foundation-announces-the-top-4-finalists-and-digital-playbill-for-the-2023-spirited-awards/

Special thanks to Forbes the official media partner for the 17th Annual Spirited Awards

#2023SpiritedAwards #SA2023 #SpiritedAwards #2023SATop4 #totc2023 #totc #TalesoftheCocktail2023 #totcf",https://scontent-fra5-1.xx.fbcdn.net/v/t39.30808-6/353769600_649322617226805_4073228190374271184_n.jpg?_nc_cat=102&ccb=1-7&_nc_sid=127cfc&_nc_ohc=gaVwH1KKRLIQ7kNvgGahZfg&_nc_ht=scontent-fra5-1.xx&edm=AKIiGfEEAAAA&_nc_gid=AYorFXMorZArj_DMyZibb1x&oh=00_AYCy-FC9EXQfqzaerLrgPDFnIN9lYPSOAAupqJiDhFlAUA&oe=66F66196,5,0,3,35,6,305,707,779
2023-06-24,"Tales of the Cocktail 2023 is almost here! 🍹 And there’s still plenty of time to get your Day Passes starting at $45 for the Tasting Room Day Pass! Day passes gain you access to:

✨ Specialty Tasting Rooms
✨ Unlimited Beverages
✨ Singapore Residency
✨ And Much More!

Learn about our day pass options and purchase tickets here: https://bit.ly/3LFYYVv

#TalesoftheCocktail2023 #totc2023 #totc",https://scontent-fra5-1.xx.fbcdn.net/v/t39.30808-6/353409562_650495317109535_529679832956717067_n.jpg?_nc_cat=102&ccb=1-7&_nc_sid=127cfc&_nc_ohc=Wpf9HIB4UDYQ7kNvgG9qaK-&_nc_ht=scontent-fra5-1.xx&edm=AKIiGfEEAAAA&_nc_gid=AYorFXMorZArj_DMyZibb1x&oh=00_AYC2bPYoptGcesCYEgVs4QbSyAEpongoijyqEm_jPO11vg&oe=66F680BD,3,0,0,9,3,1366,1708,1708
2023-06-26,"🟣Congratulations to the 2023 Tales Catalyst Honorees: Anistatia Miller, International Catalyst Honoree and Tara Fougner, U.S. Catalyst Honoree!🟣

Join us as we celebrate these honorees with a cocktail and reception at the Tales Catalyst Luncheon on Friday, July 28. The luncheon will also celebrate leaders who have made unique and lasting contributions to accessibility and intersectionality within the global hospitality industry. ✨

Learn more about the luncheon and purchase your tickets here: https://bit.ly/3NlaG9Y

Special thanks to our Catalyst Luncheon presenting sponsors SevenFifty Daily and 21Seeds Infused Tequila, supporting sponsors DonQ, House of Delola, Johnnie Walker, and Laird & Co and the Catalyst Luncheon Media Partner Provi.

#2023TalesCatalysts #TalesCatalysts #totc2023 #totc #TalesoftheCocktail2023 #totcf",https://scontent-fra5-2.xx.fbcdn.net/v/t39.30808-6/356804426_652266950265705_4220538383411528760_n.jpg?_nc_cat=109&ccb=1-7&_nc_sid=127cfc&_nc_ohc=qt2afHe-560Q7kNvgFYdejY&_nc_ht=scontent-fra5-2.xx&edm=AKIiGfEEAAAA&_nc_gid=AYorFXMorZArj_DMyZibb1x&oh=00_AYCle1GPPkBl2ldNrA9rgLK9j1RdfNFxEDNcVC6ydNPggg&oe=66F65858,9,0,1,0,10,1102,1454,1472
2023-06-27,"Meet the owners, blenders, founders, distillers and makers of your favorite brands in one place at Meet the Distillers! 🥃

🗣️ Open to trade and consumers, Meet the Distillers closes TOTC2023’s host hotel events by taking over the entire meeting room space on the first floor of the Ritz-Carlton, New Orleans. Discover and enjoy new brands and products while meeting the minds behind it all! 

Learn more about the event and purchase your tickets: https://bit.ly/3LFYYVv

#totc2023 #totc #TalesoftheCocktail2023 #totcf",https://scontent-fra5-1.xx.fbcdn.net/v/t39.30808-6/356222036_652713963554337_6442368463175483099_n.jpg?_nc_cat=102&ccb=1-7&_nc_sid=127cfc&_nc_ohc=oeSTHPf7RgQQ7kNvgFBYuHY&_nc_ht=scontent-fra5-1.xx&edm=AKIiGfEEAAAA&_nc_gid=AYorFXMorZArj_DMyZibb1x&oh=00_AYDo4yhvTr6iaura4-e1M4Ug8_EZ0obj-E9uCOiEoePIog&oe=66F64F83,4,0,0,6,6,1412,1702,1749
2023-06-28,"Mailtime, mailtime, mailtime – enjoy 📬 It’s Mail Time 📬 from The Wild in Denver, CO! ⬇️

🍸 Gin
📬 Cocchi Americano
💙 Blue Raspberry
🍈 Melon
🍋 Lemon

📸: Connor Stehr

TOTCF aims to support the worldwide cocktail community by sharing bartenders' creative concoctions & innovative recipes. Submit yours for an opportunity to be featured on our channels here: https://forms.gle/PjDunJWdgnEt7QnS9

#totcf",https://scontent-fra3-2.xx.fbcdn.net/v/t39.30808-6/356881474_653364990155901_6677914809246682435_n.jpg?stp=dst-jpg_p720x720&_nc_cat=104&ccb=1-7&_nc_sid=127cfc&_nc_ohc=2ikB-H3afrYQ7kNvgGsfL7K&_nc_ht=scontent-fra3-2.xx&edm=AKIiGfEEAAAA&_nc_gid=AYorFXMorZArj_DMyZibb1x&oh=00_AYC7fbxnrrx-t6ZFrnILmdI3RGjloVGPpYz5IGJe1vowZA&oe=66F67EC8,12,0,0,0,13,1852,2190,2201
2023-06-29,"📣 Last call - media applications for TOTC2023 are due by July 3! 🗓️

If you're a working editorial media or social media content creator passionate about the travel, culinary, and beverage industries, we encourage you to apply now! 📸🎥

To apply and learn more: https://bit.ly/43THqyl

#totc2023 #totc #TalesoftheCocktail2023 #totcf",https://scontent-fra3-2.xx.fbcdn.net/v/t39.30808-6/356380114_653964836762583_1439543209513302422_n.jpg?stp=dst-jpg_p720x720&_nc_cat=111&ccb=1-7&_nc_sid=127cfc&_nc_ohc=uVWZMHLg6EUQ7kNvgFgHZ7v&_nc_ht=scontent-fra3-2.xx&edm=AKIiGfEEAAAA&_nc_gid=AYorFXMorZArj_DMyZibb1x&oh=00_AYBl7hPgagsGtMjk3pyD4BhU4Nw48-SrxXsoGe_CkflsWw&oe=66F65E61,3,0,0,3,3,1154,1472,1513
2023-07-01,"TOTCF + Drinks International are boldly going where no spirits educators have gone before!🚀✨

Together through Beyond the Bar initiatives, including the upcoming Grant Finalist Showcase at #totc2023, we're fully addressing all challenges + opportunities within the global drinks industry. Learn more about our new partnership in their article here: ",https://external-fra5-1.xx.fbcdn.net/emg1/v/t13/17399416670729431277?url=https%3A%2F%2Fdrinksint.com%2Fimages%2F%2F10685.photo.4.jpg&fb_obo=1&utld=drinksint.com&ccb=13-1&stp=dst-emg0_fr_q75&ur=50234c&_nc_sid=64c8fc&oh=06_Q399BddOqmUwJaGivYn_qFQnkIpMDJlpbGHFGNQMGbAI-Tk&oe=66F2848E,2,0,0,7,2,1309,1608,1619
2023-07-03,"Whaddya' say to visiting Tales for a day?🍹✨ While TOTC 2023 Week Passes are sold out, we still have the following options:

🔘 A Tasting Room Day Pass ($45) grants you daily access to the Tasting Rooms at Tales of the Cocktail including Singapore x Tales residency (Monday-Thursday), Morning Bar, Corner Bar, No + Low Bar, Grab + Geaux, New Orleans Spirits Competition Live Judging & Tasting (Monday ONLY), access to offsite events & a complimentary Beyond the Bar package. 
🔘 A TOTC 2023 Day Pass ($185) includes daily Seminar access, Tasting Rooms, Morning Bar, Grab + Geaux, Corner Bar, No + Low Bar, Singapore x Tales Residency, Brand Residencies. This also includes a complimentary Beyond the Bar package and access to offsite events.
🔘 A Bartender Day Pass ($155) offers a discount on the general TOTC 2023 Day Pass for working bartenders to attend daily seminars, Tasting Rooms, Morning Bar, Grab + Geaux, Corner Bar, No + Low Bar, Singapore x Tales Residency and Brand Residencies. This also includes a complimentary Beyond the Bar package and access to offsite events.

Find the option that works best for you here: https://bit.ly/3LFYYVv

#TalesoftheCocktail2023 #totc2023 #totc",https://scontent-fra3-1.xx.fbcdn.net/v/t39.30808-6/356665423_656362309856169_114816524436236884_n.jpg?_nc_cat=103&ccb=1-7&_nc_sid=127cfc&_nc_ohc=17zfYe1pItsQ7kNvgEv34oz&_nc_ht=scontent-fra3-1.xx&edm=AKIiGfEEAAAA&_nc_gid=AYorFXMorZArj_DMyZibb1x&oh=00_AYCdLMw_J3nDVKC9f4vh4X2v6vF1Rw6Wund2p9cv3UUsmw&oe=66F66E2B,2,0,3,6,2,1343,1775,1798
2023-07-03,"🎶 I only wanted to see you enjoying this 💜 Purple Rain 💜 recipe from Bar Magda (IG: @bar_magda)! 🎶 ⬇️

🎶 1.5 oz Woodcutter Barrel Aged Gin Sandymount Distillery 
💜 1 ¾ oz Ube and Pinot Noir Reduction
🎶 ¼ oz Lemon Juice
💜 Dash of Achiote and Allspice Tincture

✨ Shake and strain over ice and Grapefruit Tonic East Imperial - Premium Tonic Waters & Mixers 

📸: Josh Harvey (IG: @__joshharvey)

TOTCF aims to support the worldwide cocktail community by sharing bartenders' creative concoctions & innovative recipes. Submit yours for an opportunity to be featured on our channels here: https://forms.gle/PjDunJWdgnEt7QnS9

#totcf",https://scontent-fra3-1.xx.fbcdn.net/v/t39.30808-6/357361782_656355616523505_8499742362860118328_n.jpg?stp=dst-jpg_p720x720&_nc_cat=108&ccb=1-7&_nc_sid=127cfc&_nc_ohc=RehHk7hmJ6AQ7kNvgG6_iVe&_nc_ht=scontent-fra3-1.xx&edm=AKIiGfEEAAAA&_nc_gid=AYorFXMorZArj_DMyZibb1x&oh=00_AYAQ92mk1Jy9uJxRV5O96us_0wzkAtA5fCtqgnjOrf5tCA&oe=66F67146,11,0,1,0,11,2376,2819,2819
2023-07-04,"Wanting to learn more about our 2023 Spirited Awards Top 4 Finalists?🏆🍹 You can with the Official 2023 Spirited Awards Digital Playbill!🎉

The Digital Playbill outlines finalist highlights, insights into the judging process from Spirited Awards Co-Chairs, and provides a comprehensive look at this year’s generous sponsors. Explore cocktail industry excellence by reading it here: https://bit.ly/3NgnKO0

Special thanks to Forbes, the official media partner for the 17th Annual Spirited Awards.

#2023SpiritedAwards #SA2023 #SpiritedAwards #2023SATop4 #totc2023 #totc #TalesoftheCocktail2023 #totcf",https://scontent-fra5-1.xx.fbcdn.net/v/t39.30808-6/357153526_656579456501121_2503900640843533221_n.jpg?_nc_cat=110&ccb=1-7&_nc_sid=127cfc&_nc_ohc=lBZp-WU1Yx8Q7kNvgEsRnt7&_nc_ht=scontent-fra5-1.xx&edm=AKIiGfEEAAAA&_nc_gid=AYorFXMorZArj_DMyZibb1x&oh=00_AYDQ94PExb-TFtNcvmGpi3_-A4Yc5Yp0-4-hmrroYVTBwg&oe=66F65B97,4,0,0,1,5,1606,1980,2048
2023-07-05,"Tales of the Cocktail Foundation's Grant Finalist Showcase Presented by Cointreau is almost here!✨

The first annual Grant Finalist Showcase will be held on Thursday, July 27, during TOTC 2023 in the Beyond the Bar space, and includes:

🔘 A Sip of Paradise Garden, Atlanta, Georgia 
🔘 Equal Measures UK, London, UK
🔘 Giving Kitchen, Atlanta, Georgia 
🔘 Turning Tables, New Orleans, Louisiana 

Each of the four finalists has the opportunity to discuss their grant proposal with the Tales of the Cocktail audience! Learn more about the Grant Finalist Showcase and other Beyond the Bar events scheduled for this year's Tales of the Cocktail here: https://bit.ly/3XLw2ST

Special thanks to our sponsors: Rémy Cointreau Edrington Bulleit 

#TalesoftheCocktail2023 #totc2023",https://scontent-fra5-1.xx.fbcdn.net/v/t39.30808-6/358484970_657622076396859_1509548887204789765_n.jpg?_nc_cat=100&ccb=1-7&_nc_sid=127cfc&_nc_ohc=IvE7hRLst5UQ7kNvgGReXTM&_nc_ht=scontent-fra5-1.xx&edm=AKIiGfEEAAAA&_nc_gid=AYorFXMorZArj_DMyZibb1x&oh=00_AYCZsmmshfH2xzlmfSO9M1IAbfPIX1J2NHsYhd5SMfc9NA&oe=66F67E28,4,3,2,1,5,797,1182,1214
2023-07-06,"Sondre Kasin (IG: @mrkasin) at Undercote (IG: @undercote) in New York, NY is taking you straight to 🌆 Big Rich Town 🌆 with this recipe! ⬇️

🍸 Ketel One
🍷 Lustau Fino Sherry
🍊 Mandarin
🍋 Lemon

📸: Gary He (IG: @garyhe)

TOTCF aims to support the worldwide cocktail community by sharing bartenders' creative concoctions & innovative recipes. Submit yours for an opportunity to be featured on our channels here: https://forms.gle/PjDunJWdgnEt7QnS9

#totcf",https://scontent-fra3-2.xx.fbcdn.net/v/t39.30808-6/358464573_657782746380792_4083807086737934391_n.jpg?stp=dst-jpg_s720x720&_nc_cat=104&ccb=1-7&_nc_sid=127cfc&_nc_ohc=rn4QETbVGUQQ7kNvgE4QFBm&_nc_ht=scontent-fra3-2.xx&edm=AKIiGfEEAAAA&_nc_gid=AYorFXMorZArj_DMyZibb1x&oh=00_AYA7ujPNKt9AwKK57Tcn0SKrujp6TCV9uy0FKgHX60R4Lg&oe=66F67718,2,0,0,0,2,1282,1630,1665
2023-07-07,"Hit the streets of New Orleans with Wayne Curtis and TOTC 2023 and immerse yourself in the magic of a reimagined New Orleans Cocktail Tour! 🔮✨

Through a series of educational walking tours, attendees will gain a wealth of knowledge and keen insight into the city's history and cocktail scene. Wayne (Co-Founder of New Orleans Spirits Competition, Author of And a Bottle of Rum: A History of the New World in Ten Cocktails and frequent spirits contributor for The Atlantic, Imbibe Magazine, Punch, The Daily Beast, and Garden & Gun) has curated a series of tours, including:

🍹 Hunting Down the Sazerac
🚶‍♀️ Absinthe Tour
🍹 Bourbon Street and How It Got That Way
🚶‍♀️ Brandy, Bourbon, Bitters, Ice
🍹 The Big Gay Bar Tour
🚶‍♀️ How the Drive-Thru Daiquiri Happened

Learn more about the New Orleans Cocktail Tours at TOTC and purchase your tickets here: https://bit.ly/3LFYYVv

#TalesoftheCocktail2023 #totc2023 #totc",https://scontent-fra3-2.xx.fbcdn.net/v/t39.30808-6/358123707_658977772927956_2281503388478725108_n.jpg?_nc_cat=104&ccb=1-7&_nc_sid=127cfc&_nc_ohc=8hBanJcdcMoQ7kNvgH1xWcc&_nc_ht=scontent-fra3-2.xx&edm=AKIiGfEEAAAA&_nc_gid=AYorFXMorZArj_DMyZibb1x&oh=00_AYDH6_APkTCauWS24iBDA4BC-upP2wup1W3wobeGHmKFWA&oe=66F684DE,4,1,0,6,4,987,1366,1425
2023-07-08,"We're teaming up with Singapore Tourism Board to showcase 4️⃣ Singapore bars at Tales of the Cocktail 2023!🍹 Say hello to Yugnes, co-founder of Elephant Room, and his ingredient inspired menu of vibrant cocktails, ferments, and jellies!👋

Yugnes is a born and raised Singaporean with Indian parents who are deeply connected to the Little India neighborhood. Yugnes started in the hospitality industry as a dishwasher and worked his way up to bartending ultimately competing in several global cocktail competitions, as well as receiving awards and notoriety.

Learn more about Yugnes, Elephant Room and their presence at TOTC here: https://bit.ly/3Y3eQam

Singapore Tourism Board | VisitSingapore | @Woodford Reserve | @LibbeyPro | @Cocktail Kingdom | @Campari | @Johnnie Walker | @Pernod Ricard US",https://scontent-fra5-1.xx.fbcdn.net/v/t15.5256-10/357974714_659758789352984_7399076558562420146_n.jpg?_nc_cat=110&ccb=1-7&_nc_sid=c3bc4c&_nc_ohc=tnKfygPbkT8Q7kNvgFZ1gQY&_nc_ht=scontent-fra5-1.xx&edm=AKIiGfEEAAAA&_nc_gid=AYorFXMorZArj_DMyZibb1x&oh=00_AYDIdPaNhErY7iYkveuUJPNL3OKMMuZZt6I6SkbJpiRdfg&oe=66F66D7F,5,0,1,0,5,756,1254,1278
2023-07-09,"Cue the inhale, cue the exhale😮‍💨 — You're only two weeks away from Tales of the Cocktail!🤩🍹 

The world's largest cocktail conference is almost upon us, and we still have countless ticket options remaining including Day Passes, Exclusive Tastings and Meet the Distillers! Explore our remaining ticket options here: https://bit.ly/3LFYYVv

#totc2023 #TalesoftheCocktail2023",https://scontent-fra3-1.xx.fbcdn.net/v/t39.30808-6/357717047_658980586261008_7469444777509420722_n.jpg?stp=dst-jpg_s1080x2048&_nc_cat=103&ccb=1-7&_nc_sid=127cfc&_nc_ohc=oMFgKdgMepkQ7kNvgHCHe2k&_nc_ht=scontent-fra3-1.xx&edm=AKIiGfEEAAAA&_nc_gid=AYorFXMorZArj_DMyZibb1x&oh=00_AYCrybi9V3R-YayhVHZxIhRKJHDpQKhpXyMTfJjLN2ok5g&oe=66F6549C,6,1,0,13,9,1698,2246,2289
2023-07-10,"Wanting to create your own TOTC agenda, RSVP to TOTC events, and stay in the know about all things TOTC 2023?🍹 There's an app for that!📲 

Our 2023 Tales of the Cocktail App is now live! To use the app, download the Whova - Event & Conference App from the Google Play or Apple App Store. You must be a ticket-holder who has completed registration. After registration, you will gain access to the app. Download it here: https://bit.ly/3JNLU1i

#totc2023 #TalesoftheCocktail2023 #totcf #totc",https://scontent-fra5-2.xx.fbcdn.net/v/t39.30808-6/359495493_660694202756313_7395723395537311118_n.jpg?_nc_cat=109&ccb=1-7&_nc_sid=127cfc&_nc_ohc=sNLll7C2yDsQ7kNvgHCT8ia&_nc_ht=scontent-fra5-2.xx&edm=AKIiGfEEAAAA&_nc_gid=AYorFXMorZArj_DMyZibb1x&oh=00_AYAvByOlTcvnhfrqQP1hgZRp7gb62IkM6bH_P2WnepwLXw&oe=66F657AA,6,0,2,38,6,1312,1995,2157
2023-07-11,"🌿 Minty-fresh and full of zest, celebrate #NationalMojitoDay with this recipe from Cuisine & Wine Bistro (IG: @cuisineandwinebistro)! ⬇️

✨ Muddle half a lime
🍯 ¾ oz Simple Syrup (Cane Sugar)
🥃 2 oz Rum

✨ Add mint don't crush it - just tap, add ice, and top with club soda

📸: Clémentine Buschtetz (IG: @clementinebuschtetzphotography)

TOTCF aims to support the worldwide cocktail community by sharing bartenders' creative concoctions & innovative recipes. Submit yours for an opportunity to be featured on our channels here: https://forms.gle/PjDunJWdgnEt7QnS9

#totcf",https://scontent-fra5-1.xx.fbcdn.net/v/t39.30808-6/358473876_661363479356052_9064923913430698938_n.jpg?stp=dst-jpg_p720x720&_nc_cat=110&ccb=1-7&_nc_sid=127cfc&_nc_ohc=qCi3j7T_t-4Q7kNvgEqzXMm&_nc_ht=scontent-fra5-1.xx&edm=AKIiGfEEAAAA&_nc_gid=AYorFXMorZArj_DMyZibb1x&oh=00_AYAJ9WFkjBGAOaxgaODoJSt2yAbhHTfMIzhLGhsnLjHVyA&oe=66F672C4,15,0,5,2,16,2152,3304,3472
2023-07-12,"🥃 Ready to uncover the future of Whiskey?
🍷 Wanting to try a rare flight of Cognac?
🍹 Needing to know why it's all Agave?
🍸 Do you think you know world Vermouth?

Find exactly what you're looking for with Tales of the Cocktail 2023's 4️⃣ exclusive tasting seminars! Learn more about each and purchase your tickets here: https://bit.ly/3LFYYVv

#TalesoftheCocktail2023 #totc2023 #totc",https://scontent-fra5-2.xx.fbcdn.net/v/t39.30808-6/359711105_661371156021951_961754712360251370_n.jpg?_nc_cat=106&ccb=1-7&_nc_sid=127cfc&_nc_ohc=dYcDWlj1eYYQ7kNvgFf7VlH&_nc_ht=scontent-fra5-2.xx&edm=AKIiGfEEAAAA&_nc_gid=AYorFXMorZArj_DMyZibb1x&oh=00_AYAT_7kyTf4i1E3KYpIHWO-0plNH31r2fx0tombMERmYYQ&oe=66F65DA0,2,0,0,3,2,1003,1398,1475
2023-07-13,"We're teaming up with Singapore Tourism Board to showcase 4️⃣ Singapore bars at Tales of the Cocktail 2023!🍹 Meet Sasha and Christina, owners who are firmly rooting FURA in their values: plant-forward + sustainable!🌏

Fura is a deep-dive into a more precise sector of a plant-forward cocktail bar, uninterested in serving something you've had before — think whisky infused with king oyster mushrooms, or red rice sake with a hint of sumac!

Learn more about Sasha, Christina, Fura and their presence at TOTC here: https://bit.ly/3Y3eQam

#SingaporexTales #visitsingapore #totc2023 #TalesoftheCocktail2023 #totc #totcf #STB2023

Singapore Tourism Board | VisitSingapore | Libbey Pro | Campari | Johnnie Walker | Pernod Ricard",https://scontent-fra5-1.xx.fbcdn.net/v/t15.5256-10/360881246_593107939686713_6363384360421524201_n.jpg?_nc_cat=102&ccb=1-7&_nc_sid=c3bc4c&_nc_ohc=g9UWYShX1jUQ7kNvgF8_fAk&_nc_ht=scontent-fra5-1.xx&edm=AKIiGfEEAAAA&_nc_gid=AYorFXMorZArj_DMyZibb1x&oh=00_AYD9OgTSnyoCyrTt1G8oDmd_Z8U40JTJnmjdAfnjtyCROg&oe=66F67D1F,2,0,0,1,2,620,1100,1152
2023-07-14,"It's time to 🍉 Rise and Rind 🍉 with this recipe from @Mike Vander Horn (IG: @cocktail.complex) at Queen Jayne's in Somers Point, New Jersey!

🍉 2 oz Watermelon Rind Infused Madre Ensamble Mezcal
🍉 ¼ oz Green Chartreuse
🍉 ½ oz Dolin Blanc Vermouth
🍉 1 Dash of Scrappy’s Cardamom Bitters
✨ Add all ingredients to a mixing glass with ice and stir to combine. Strain into a Nick and Nora glass, express a lime peel overtop and discard. 
✨ Garnish with a tiny watermelon slice

TOTCF aims to support the worldwide cocktail community by sharing bartenders' creative concoctions & innovative recipes. Submit yours for an opportunity to be featured on our channels here: https://forms.gle/PjDunJWdgnEt7QnS9

#totcf",https://scontent-fra3-2.xx.fbcdn.net/v/t39.30808-6/361094022_663000209192379_4260967202288142455_n.jpg?_nc_cat=111&ccb=1-7&_nc_sid=127cfc&_nc_ohc=WSCYYr-a8GUQ7kNvgGll7IC&_nc_ht=scontent-fra3-2.xx&edm=AKIiGfEEAAAA&_nc_gid=AYorFXMorZArj_DMyZibb1x&oh=00_AYD9eVqfbeYRWhy_4GNUTgbniGiZ-KnpAvRJp808JY5ASA&oe=66F669B5,7,0,0,1,8,2052,2637,2657
2023-07-14,"We're just over 1️⃣ week away from TOTC 2023!🎊 Have you decided what seminars you'll be attending — business, culture, techniques, Beyond the Bar, or all of the above? Let the TOTC 2023 app help you out!📱🍹

Attendees can plan their days or week ahead in the app, including which seminars they want to attend! Start planning your  TOTC experience and read about Tales' Education Committee's 2023 Seminar Picks in our blog post: https://bit.ly/3rqF5N0

#totc2023 #TalesoftheCocktail2023 #totc #totcf",https://scontent-fra5-2.xx.fbcdn.net/v/t39.30808-6/359495507_663023489190051_6182271171504706178_n.jpg?_nc_cat=107&ccb=1-7&_nc_sid=127cfc&_nc_ohc=GdikTiJlKg8Q7kNvgFrrMKJ&_nc_ht=scontent-fra5-2.xx&edm=AKIiGfEEAAAA&_nc_gid=AYorFXMorZArj_DMyZibb1x&oh=00_AYBYgBqlXvF-1eB5fyg7MHTGHoFBjCdPjnkWvkyyibKSkg&oe=66F65677,2,0,0,9,2,1200,1582,1616
2023-07-15,"Can't join us for the full week of TOTC festivities?🍹 No problem! Grab a Tasting Room Day Pass and gain access to:
🌟 Every tasting event of the day
🌟 Singapore x Tales Residency
🌟 New Orleans Spirits Competition Live Judging Tasting
🌟 Beyond the Bar Package

Learn more about Tasting Room Day Passes and purchase your tickets here: https://bit.ly/3XPvb3y

#TalesoftheCocktail2023 #totc2023 #totc",https://scontent-fra3-1.xx.fbcdn.net/v/t39.30808-6/360094283_663009702524763_1736703180433980005_n.jpg?stp=dst-jpg_p720x720&_nc_cat=101&ccb=1-7&_nc_sid=127cfc&_nc_ohc=MeucPXDaBp4Q7kNvgFGcBFb&_nc_ht=scontent-fra3-1.xx&edm=AKIiGfEEAAAA&_nc_gid=AYorFXMorZArj_DMyZibb1x&oh=00_AYCw45gmEWyGARYQhT0cM95XePnHchAa21G7AsmOvCdN_Q&oe=66F669EB,2,0,0,9,2,1290,1765,1811
2023-07-15,"We're teaming up with Singapore Tourism Board to showcase 4️⃣ Singapore bars at Tales of the Cocktail 2023!🍹 Discover the best versions of the “comfort drinks” you know + love at NO SLEEP CLUB!

This neighborhood bar crafted its menu around popular drinks that people often call for, such as vodka sodas, beer and gin and tonics. Now, their modern techniques help maintain a fun, laid back atmosphere for diverse clientele.

Learn more about No Sleep Club and its presence at TOTC here: https://bit.ly/3Y3eQam

 #SingaporexTales #visitsingapore #totc2023 #TalesoftheCocktail2023 #totc #totcf #STB2023 

Singapore Tourism Board | NO SLEEP CLUB | VisitSingapore | Libbey Pro | Woodford Reserve | Campari | Johnnie Walker | Pernod Ricard",https://scontent-fra5-2.xx.fbcdn.net/v/t15.5256-10/361135678_1414654089077272_227422729585411128_n.jpg?_nc_cat=107&ccb=1-7&_nc_sid=7965db&_nc_ohc=Jq149gzc6t4Q7kNvgFu-lBl&_nc_ht=scontent-fra5-2.xx&edm=AKIiGfEEAAAA&_nc_gid=AYorFXMorZArj_DMyZibb1x&oh=00_AYBnVRLI0-ci6Y9N6hE5a21t4s6PcjTzDWM3U2czxDnRVA&oe=66F68531,4,0,0,4,4,798,1410,1473
2023-07-16,"Starting the TOTC 2023 count down🤯 — We're only a week out!🤩

We hope you're ready to gather among your drinks industry friends + family! If you have yet to purchase tickets, we still have countless options! Find our tickets for Tasting Room Day Passes, Exclusive Tastings and Meet the Distillers here: https://bit.ly/3XPvb3y

#totc2023 #TalesoftheCocktail2023",https://scontent-fra3-2.xx.fbcdn.net/v/t39.30808-6/359746496_663022509190149_425302816823598779_n.jpg?stp=dst-jpg_s1080x2048&_nc_cat=111&ccb=1-7&_nc_sid=127cfc&_nc_ohc=UaBG1V12svsQ7kNvgGVEtZg&_nc_ht=scontent-fra3-2.xx&edm=AKIiGfEEAAAA&_nc_gid=AYorFXMorZArj_DMyZibb1x&oh=00_AYDTeJsKi_BcifittXLX9sthJAuHv8j7WVrjMnyiQLpcFw&oe=66F670C5,6,4,2,17,13,2014,2667,2792
2023-07-17,"On July 28, join us at Meet the Distillers  - in partnership with Imbibe - and enjoy tastings, education and an opportunity to interact with a few Nola SpiritsComp  finalists and some of your favorite brands! ✨

From Jamaican rums to Japanese liqueurs to exciting new spirits from our host city of New Orleans, there will be no shortage of products to pique your interest!

Learn more about Meet the Distillers and purchase your tickets here: https://bit.ly/3XSmGop

#totc2023 #TalesoftheCocktail2023 #totc #totcf #imbibe",https://scontent-fra5-2.xx.fbcdn.net/v/t39.30808-6/361552388_664900729002327_8863908026592277499_n.jpg?stp=dst-jpg_s720x720&_nc_cat=109&ccb=1-7&_nc_sid=127cfc&_nc_ohc=ddKChT8RJtQQ7kNvgEfXU7Q&_nc_ht=scontent-fra5-2.xx&edm=AKIiGfEEAAAA&_nc_gid=AYorFXMorZArj_DMyZibb1x&oh=00_AYAc0KsbWxITOrKZOKjuzXqWBpfPqQPGpisWk3EHe5lPxA&oe=66F6707C,30,0,1,17,32,5614,6459,7259
2023-07-18,"Ever wondered what it’s like to be a spirits judge? Join the New Orleans Spirits Competition on Monday, July 24, and taste along! 🥂

The hour-long judging sessions will be at
10 a.m. – Agave 🍹
11:30 a.m. – Gin 🍸
1:00 p.m. – Rum 🍹
2:30 p.m. – Whiskey 🥃

Admission is included in the Week Pass, Tasting Ticket Package, Day Pass, Bartender Day Pass, or the Tasting Room Day Pass!

And if you would like to try some of the medal-winning spirits, join us for a pour at Meet the Distillers on Friday, July 28 in the Lakeview Room at the Ritz Carlton, where we will also announce the Distillery of the Year! Learn more and purchase your tickets here: https://bit.ly/3XPvb3y",https://scontent-fra5-2.xx.fbcdn.net/v/t39.30808-6/359846200_665313342294399_1251057587368092981_n.jpg?stp=dst-jpg_s720x720&_nc_cat=109&ccb=1-7&_nc_sid=127cfc&_nc_ohc=MyfdVYH-NDQQ7kNvgGatagt&_nc_ht=scontent-fra5-2.xx&edm=AKIiGfEEAAAA&_nc_gid=AYorFXMorZArj_DMyZibb1x&oh=00_AYAkU9JEuBOfZhnkxSUWBmAU-cZgV3cczIoX-wu-o5n_Jg&oe=66F674DA,2,0,1,5,2,1702,2441,2518
2023-07-19,"Join us at the all-new Catalyst Luncheon on Friday, July 28 as we celebrate individuals who have made unique and lasting contributions to the global hospitality industry.✨

We are excited to welcome more members to this group of individuals that highlight marginalized groups within the industry and shine a spotlight on leaders actively making changes in their communities.

✨ Learn about this year’s honorees and get your tickets here: https://bit.ly/3P3pVqG

#2023TalesCatalysts #TalesCatalysts #totc2023 #totc #TalesoftheCocktail2023 #totcf",https://scontent-fra3-1.xx.fbcdn.net/v/t39.30808-6/362265789_665849312240802_1127803493009401619_n.jpg?_nc_cat=101&ccb=1-7&_nc_sid=127cfc&_nc_ohc=uRumR579STcQ7kNvgHsW2oK&_nc_ht=scontent-fra3-1.xx&edm=AKIiGfEEAAAA&_nc_gid=AYorFXMorZArj_DMyZibb1x&oh=00_AYAeEo-oyTFLIYgjftBF_HaEIv8TgGoKp8qu5C5T2M6hUg&oe=66F6737B,3,0,0,3,3,785,1462,1564
2023-07-19,"We’re going bananas on #NationalDaiquiriDay for this 🍌 1796 Banana Daiquiri 🍌 recipe from Barlow Gilmore (IG: @theweekendmixologist) using the Santa Teresa Rum x BAD BIRDY (IG: bad_birdy) cocktail kit! ⬇️

🥃 2 oz Santa Teresa 1796 Rum
🌼 .5 oz Elderflower Liqueur
🍌 .5 oz Banana Liqueur
🟩 1 oz Fresh Lime Juice
🌶️ 2 Dashes of Spiced Cacao Bitters

✨ Add all ingredients to a shaking tin and then add ice. Shake well and double strain into a chilled coupe.
✨ Garnish with a chocolate dipped dehydrated banana slice.

TOTCF aims to support the worldwide cocktail community by sharing bartenders' creative concoctions & innovative recipes. Submit yours for an opportunity to be featured on our channels here: https://forms.gle/PjDunJWdgnEt7QnS9

#totcf",https://scontent-fra3-2.xx.fbcdn.net/v/t39.30808-6/361947065_665850232240710_645269175784485583_n.jpg?stp=dst-jpg_p720x720&_nc_cat=111&ccb=1-7&_nc_sid=127cfc&_nc_ohc=No4BRIMz5wsQ7kNvgE1_T8D&_nc_ht=scontent-fra3-2.xx&edm=AKIiGfEEAAAA&_nc_gid=AYorFXMorZArj_DMyZibb1x&oh=00_AYAGR24JpgbC_WpAfs9QNzSJmVGOA6t0UYQORa4Q7-JeRA&oe=66F66388,8,0,2,0,8,1842,2609,2717
2023-07-20,"Discover the value of a bartender's influence on brand growth and consumer sales at the #totc2023 Keynote Address! 🍹 

Join a panel of industry leaders as they delve into the evolving ecosystem of the beverage market and gain insights into how bartenders play a critical role in building long-lasting and profitable brands. ✨

To better understand the relationship between the bar community and brands, we would like to hear your experiences and opinions through this survey: https://bit.ly/43vnxMR

#totc #TalesoftheCocktail2023 #totcf",https://scontent-fra3-1.xx.fbcdn.net/v/t39.30808-6/360095514_666374772188256_4746596509156484408_n.jpg?_nc_cat=105&ccb=1-7&_nc_sid=127cfc&_nc_ohc=-NMp8LeOBuAQ7kNvgHltd60&_nc_ht=scontent-fra3-1.xx&edm=AKIiGfEEAAAA&_nc_gid=AYorFXMorZArj_DMyZibb1x&oh=00_AYCFUQuA83RjrVnT1CY4646gelzF9IrYOYq_bmo3IhihxQ&oe=66F65F7A,5,0,2,1,5,1355,2398,2466
2023-07-20,"SevenFifty Daily recently chatted with Tales of the Cocktail board members Neal Bodenheimer and Gary Solomon Jr. on the challenges, triumphs, and lasting impact of the iconic event in the world of spirits and hospitality. 🍸 

Check out the article for their insights on the evolution of TOTC, its role as a catalyst for positive change, and its influence on the bar community: https://bit.ly/3XUEEH6

#TalesoftheCocktail2023 #totc2023",https://external-fra5-1.xx.fbcdn.net/emg1/v/t13/7542246493589663539?url=https%3A%2F%2Fdaily.sevenfifty.com%2Fapp%2Fuploads%2F2023%2F07%2FSFD_TOTC_Pre_Event_-William-Grant-_-Sons-Presents-The-Quantum-Terminal_-Destination-Anywhere_CR_Cory-Fontenot_ALT_Hero_2520x1420-1536x866.jpg&fb_obo=1&utld=sevenfifty.com&ccb=13-1&stp=dst-emg0_fr_q75&ur=50234c&_nc_sid=64c8fc&oh=06_Q399m0pPWvFBlDD2MNFjOmmN94hGqdZvwjYEP3DUSvtqids&oe=66F2707D,11,0,1,32,13,2014,2942,3083
2023-07-22,"Goodnight stars.✨
Goodnight bars.🍸
Goodnight air.🌬
Goodnight to bartenders everywhere!🍹

See you tomorrow at Tales of the Cocktail 2023!🎉

📸: Bryan Tarnowski

#totc2023 #totc #TalesoftheCocktail2023 #totcf",https://scontent-fra3-1.xx.fbcdn.net/v/t39.30808-6/362280831_667150282110705_319379213547668326_n.jpg?_nc_cat=108&ccb=1-7&_nc_sid=127cfc&_nc_ohc=YcoPnaLB0kUQ7kNvgEXWhna&_nc_ht=scontent-fra3-1.xx&edm=AKIiGfEEAAAA&_nc_gid=AYorFXMorZArj_DMyZibb1x&oh=00_AYDRb5b3NrrCeNBjxne3NiqzYuE9Dfa9w1aIfqs4WXCU3g&oe=66F68488,22,3,0,0,22,3187,4235,4323
2023-07-24,"And to think the fun has just begun!🍹🤩 We kicked-off day 1️⃣ of Tales of the Cocktail 2023 with a bang — Take a look!💥 

🔘 Speed Rack USA National Finals by Speed Rack 
🔘 The 10th Annual Ode To The Bowl by Campari 
🔘 Cocktail Apprentice Program (CAP) Lunch by VinePair 

📸: Cory James Fontenot 

Learn more about what to expect in the upcoming days at TOTC 2023 here: https://bit.ly/3LFYYVv

#totc2023 #TalesoftheCocktail2023",https://scontent-fra5-1.xx.fbcdn.net/v/t39.30808-6/363368547_668501705308896_6129545784467401592_n.jpg?stp=dst-jpg_s1080x2048&_nc_cat=100&ccb=1-7&_nc_sid=127cfc&_nc_ohc=V1aE7Trt0HUQ7kNvgGKSrI3&_nc_ht=scontent-fra5-1.xx&edm=AKIiGfEEAAAA&_nc_gid=AYorFXMorZArj_DMyZibb1x&oh=00_AYDZiYyf8TERYBMzQgudyjei3bHajbL0PiOU2XlXgvZrEw&oe=66F65B81,51,3,2,30,60,6568,7945,9113
2023-07-25,"Who could've possibly been blue on Tales of the Cocktail day 2️⃣?🍹😍  We like our Mondays to be filled with education, conversation and of course, all the sips you could ask for — Check it out!📸

🔘 New Orleans Spirits Competition Finals
🔘 Toast to Tales presented by Explore Louisiana 
🔘 Singapore x Tales Residency featuring FURA
🔘 Africa is Now! presented by D'ussé Cognac 
🔘 TOTC2023 Keynote Address: How Bartenders Build Your Brands
🔘 Cocktail Apprentice Program (CAP) Official Media Partner VinePair 
🔘 Jack Daniel’s Presents: A Journey Through Sound presented by Jack Daniel's
🔘 Behind the Shot Live presented by Jägermeister 

📸: Cory James Fontenot 
📸: James French

Learn more about what to expect in the upcoming days at TOTC 2023 here: https://bit.ly/3LFYYVv

#totc2023 #TalesoftheCocktail2023",https://scontent-fra5-2.xx.fbcdn.net/v/t39.30808-6/363340768_669016645257402_4324277250674833014_n.jpg?stp=dst-jpg_s1080x2048&_nc_cat=107&ccb=1-7&_nc_sid=127cfc&_nc_ohc=Sh8PagVHF0YQ7kNvgGGI27p&_nc_ht=scontent-fra5-2.xx&edm=AKIiGfEEAAAA&_nc_gid=AYorFXMorZArj_DMyZibb1x&oh=00_AYDN6Gpghbm49p6Hs9oyNhlMILKHYlcAtyyx-A5mEhN4Ug&oe=66F65F43,54,2,3,14,56,7583,8875,10026
2023-07-26,"We had a big ole' jubilee at Tales of the Cocktail day 3️⃣!🍹 Check out our attendees filling up their days with fitness, parties and tasting rooms!

🔘 Blackened is Whiskey Remastered presented by Blackened American Whiskey  
🔘 Hot Dog & Hot Pig Summer Whiskey Bar presented by WhistlePig Whiskey and Limavady Single Barrel Irish Whiskey 
🔘 Singapore x Tales Residency featuring The Elephant Room Singapore  
🔘 Fords Gin Presents: Music to Drink Martinis To presented by Fords Gin
🔘 Frenchie's Fitness in the French Quarter: Daily Group Run presented by D'ussé Cognac  
🔘 Wish You Were Here – The William Grant & Sons Portfolio Party presented by William Grant & Sons Inc 

📸: Cory James Fontenot
📸: James French 

#totc2023 #talesofthecocktail2023",https://scontent-fra5-2.xx.fbcdn.net/v/t39.30808-6/363347474_669559258536474_5357832726891072540_n.jpg?stp=dst-jpg_s720x720&_nc_cat=106&ccb=1-7&_nc_sid=127cfc&_nc_ohc=o-Uc4Cgp700Q7kNvgGLyq_L&_nc_ht=scontent-fra5-2.xx&edm=AKIiGfEEAAAA&_nc_gid=AYorFXMorZArj_DMyZibb1x&oh=00_AYDPl0eeR98bYq9Z_BmrDXb0U9iKX_Ec7EuKxhx8pJtO6A&oe=66F6826C,36,0,2,0,42,5443,6384,7178
2023-07-27,"From CAP class members to on-site bartenders to our event attendees — Everyone knew exactly how to 'squeeze the day' at Tales of the Cocktail day 4️⃣!🍹🎊 Check out our recap of yesterday.

🔘 Born This Gay: Free Your Spirit Extravaganza Ball presented by Tequila Cazadores 
🔘 Creating Access to Equity within the Beverage Industry presented by Pronghorn.Co 
🔘 GHIA : No & Low Pop-Up
🔘 Don Q Rum La Factoria
🔘 The Jones Assembly: Guest Shift
🔘 Monkey Shoulder Disco Nap
🔘Hendrick's Gin House of Wonders
🔘 The Busker Irish Whiskey - Masterclass and Mixology Session
🔘 Wilderton  Non-Alcoholic Botanical Spirits: Small Day Event

📸: Cory Fontenot 
📸: James French
📸: Joseph Vidrine
📸: Rush Jagoe

#totc2023 #TalesoftheCocktail2023",https://scontent-fra5-2.xx.fbcdn.net/v/t39.30808-6/363345461_670083518484048_1263709142505634088_n.jpg?stp=dst-jpg_s1080x2048&_nc_cat=107&ccb=1-7&_nc_sid=127cfc&_nc_ohc=HSgGUc3fN0gQ7kNvgEQSN1i&_nc_ht=scontent-fra5-2.xx&edm=AKIiGfEEAAAA&_nc_gid=AYorFXMorZArj_DMyZibb1x&oh=00_AYD_cR2EGjw6DA5ECE2oztHlpYqnIg3UcWo7QQn5L2iyHg&oe=66F6688F,24,0,0,0,26,3140,4025,4630
2023-07-28,"We don't have any mixed feelings about yesterday's mixed drink festivities — Nothing but love + celebration on day 5️⃣ of Tales of the Cocktail!🍹✨ We filled our Thursday with tasty sips and spirited events including:

🔘 17th Annual Spirited Awards with official media partner Forbes 
🔘 Discover Your Aura: Presented By Teremana 
🔘 Second Line by Uncle Nearest Premium Whiskey 
🔘 El Tequileño  & Fortaleza : Hecho en Tequila 
🔘 Singapore x Tales Residency featuring Republic Bar 
🔘 Forbidden Bourbon: Spirited Dinner at Turkey and the Wolf 
🔘 Filipino x Flamenco Mash-Up Dinner: The Cocktail Guru, Milkfish, and Gonzalez Byass
🔘 Libbey Pro Maker's Cocktail Contest Experience
🔘 Fever-Tree Mixers USA Bloody Mary Bar

📷: Cory Fontenot, James French & Bryan Tarnowski 

#totc2023 #TalesoftheCocktail2023",https://scontent-fra5-1.xx.fbcdn.net/v/t39.30808-6/364155737_670641208428279_1485008251387456368_n.jpg?stp=dst-jpg_s1080x2048&_nc_cat=100&ccb=1-7&_nc_sid=127cfc&_nc_ohc=v3G2oU1FpSIQ7kNvgFFa7Cu&_nc_ht=scontent-fra5-1.xx&edm=AKIiGfEEAAAA&_nc_gid=AYorFXMorZArj_DMyZibb1x&oh=00_AYBQzRm0RYtpkZOR3yYLG2N45umx_pNcYsU2EWSTW_TrFQ&oe=66F66287,20,2,2,0,26,2792,3583,4184
2023-07-28,"🔶 Congratulations to our 2023 Spirited Award winners for International categories! 🔶

🔸 Giorgio Bargiani — The Connaught Bar, London, UK — International Bartender of the Year presented by The Busker 
🔸 Ago Perrone — Best International Bar Mentor presented by Tales of the Cocktail 
🔸 Nicola Riske — The Macallan — Best International Brand Ambassador presented by Tales of the Cocktail 
🔸 ALQUÍMICO — Cartagena, Colombia — Best International Bar Team presented by Angostura House
🔸 SIPS Barcelona — Barcelona, Spain — Best International Cocktail Bar presented by Patrón Tequila
🔸 Jigger and Pony at the Amara Hotel — Singapore — Best International Hotel Bar presented by Perrier
🔸 Analogue Initiative — Singapore — Best International Restaurant Bar presented by Tales of the Cocktail
🔸 Line Athens — Athens, Greece — Best New International Cocktail Bar presented by Diageo Bar Academy 

Learn more about our 2023 Spirited Awards winners here: https://bit.ly/3OwzhL4

Special thanks to Forbes, our 2023 Spirited Awards Official Media Partner.

#2023SpiritedAwards #SA2023 #SpiritedAwards #2023SATop4 #totc2023 #totc #TalesoftheCocktail2023 #totcf",https://scontent-fra3-2.xx.fbcdn.net/v/t39.30808-6/363442747_670667678425632_9065284547072730438_n.jpg?_nc_cat=111&ccb=1-7&_nc_sid=127cfc&_nc_ohc=H6SBNyXrhMYQ7kNvgGpHokl&_nc_ht=scontent-fra3-2.xx&edm=AKIiGfEEAAAA&_nc_gid=AYorFXMorZArj_DMyZibb1x&oh=00_AYAWn42Dst7vBlo9TiaNgo1zHbZjsTtOz80KpreumIfnUA&oe=66F6569F,99,0,10,76,127,2521,5155,5488
2023-07-28,"🔸 Congratulations to our 2023 Helen David, Timeless and Visionary Spirited Award Winners! 🔸

🔸 Desmond Payne MBE — The 2023 Helen David Lifetime Achievement Award recipient presented by William Grant & Sons Inc 
🔸 Tiki Ti — The 2023 Timeless U.S. Award recipient presented by Tales of the Cocktail 
🔸Long Bar at the Raffles Hotel Singapore — The 2023 Timeless International Award recipient presented by Tales of the Cocktail 
🔸 Tiffanie Barriere — The 2023 Tales Visionary Award recipient presented by Johnnie Walker 

Learn more about our 2023 Spirited Awards winners here: https://bit.ly/3OwzhL4

Special thanks to Forbes, our 2023 Spirited Awards Official Media Partner.

#2023SpiritedAwards #SA2023 #SpiritedAwards #2023SATop4 #totc2023 #totc #TalesoftheCocktail2023 #totcf",https://scontent-fra5-1.xx.fbcdn.net/v/t39.30808-6/363996020_670567661768967_5060124801121504495_n.jpg?_nc_cat=110&ccb=1-7&_nc_sid=127cfc&_nc_ohc=7okP0lNo4kcQ7kNvgHtSH_k&_nc_ht=scontent-fra5-1.xx&edm=AKIiGfEEAAAA&_nc_gid=AYorFXMorZArj_DMyZibb1x&oh=00_AYBw1Ty0CNmA8tTpWfA4x4CUpDsG06tV5zw-UgFPWusUMA&oe=66F65064,18,0,6,18,24,631,1269,1344
2023-07-28,"🔸 Congratulations to our 2023 Spirited Award winners for Spirits and World's Best categories! 🔸

🔸 Sips Barcelona — Barcelona, Spain — World's Best Bar presented by Tales of the Cocktail 
🔸 MARTINI & ROSSI Floreale Non Alcoholic Aperitivo — Best New Spirit or Cocktail Ingredient presented by Lyre's Spirit Co 
🔸 Double Chicken Please — New York, NY — World’s Best Cocktail Menu presented by Diageo Bar Academy 
🔸 Raised By Wolves  — San Diego, CA — World’s Best Spirits Selection presented by Tales of the Cocktail 

Learn more about our 2023 Spirited Awards winners here: https://bit.ly/3OwzhL4

Special thanks to Forbes, our 2023 Spirited Awards Official Media Partner.

#2023SpiritedAwards #SA2023 #SpiritedAwards #2023SATop4 #totc2023 #totc #TalesoftheCocktail2023 #totcf",https://scontent-fra3-1.xx.fbcdn.net/v/t39.30808-6/363965073_670637805095286_6804375487204186241_n.jpg?_nc_cat=101&ccb=1-7&_nc_sid=127cfc&_nc_ohc=vG3OY31m2LMQ7kNvgGE6ufK&_nc_ht=scontent-fra3-1.xx&edm=AKIiGfEEAAAA&_nc_gid=AYorFXMorZArj_DMyZibb1x&oh=00_AYBjvzaOyGjcatRO1zAxisgYN8iSkT5uzVHsEVfaR9RajA&oe=66F655D8,15,0,1,12,15,642,1191,1240
2023-07-28,"🔸 Congratulations to our 2023 Spirited Award winners for U.S. categories! 🔸

🔸 Christine Wiseman — Marygold’s Brasserie / Broken Shaker, Miami, FL — U.S. Bartender of the Year presented by Pernod Ricard USA 
🔸 Chris Patino — Best U.S. Bar Mentor presented by BarSmarts 
🔸 Vance Henderson — Hendrick’s Gin — Best U.S. Brand Ambassador presented by Libbey Pro 
🔸 Happy Accidents — Albuquerque, NM — Best U.S. Bar Team presented by William Grant & Sons Inc 
🔸 Century Grand — Phoenix, AZ — Best U.S. Cocktail Bar presented by Absolut 
🔸 Hey Love at The Jupiter — Portland, OR — Best U.S. Hotel Bar presented by Grey Goose
🔸 Cafe La Trova — Miami, FL — Best U.S. Restaurant Bar presented by Amaro Montenegro  & Select Aperitivo
🔸 Martiny’s — New York, NY — Best New U.S. Cocktail Bar presented by Diageo Bar Academy

Learn more about our 2023 Spirited Awards winners here: https://bit.ly/3OwzhL4

Special thanks to Forbes, our 2023 Spirited Awards Official Media Partner.

#2023SpiritedAwards #SA2023 #SpiritedAwards #2023SATop4 #totc2023 #totc #TalesoftheCocktail2023 #totcf",https://scontent-fra5-2.xx.fbcdn.net/v/t39.30808-6/364022003_670650498427350_142663763417020800_n.jpg?_nc_cat=106&ccb=1-7&_nc_sid=127cfc&_nc_ohc=g5Z-zu-c7AAQ7kNvgHm01_-&_nc_ht=scontent-fra5-2.xx&edm=AKIiGfEEAAAA&_nc_gid=AYorFXMorZArj_DMyZibb1x&oh=00_AYBYQRIpjmk8AKzgphKCY2Ptc-u7AJXFPNG_Ikhn6L3srw&oe=66F67E8F,22,1,2,0,27,5660,6737,7768
2023-07-28,"🔸 Congratulations to our 2023 Spirited Award winners for Writing and Media categories! 🔸

🔸 “The Great Mezcal Heist” by Emma Janzen, for Eater — Best Cocktail & Spirits Writing presented by Tales of the Cocktail 
🔸 Punch — Best Cocktail & Spirits Publication presented by Tales of the Cocktail 
🔸 The Speakeasy Podcast — Best Broadcast, Podcast, or Online Video Series presented by Tales of the Cocktail 
🔸 The Bartender’s Manifesto by Toby Maloney with Emma Janzen — Best New Cocktail or Bartending Book presented by Tales of the Cocktail 
🔸 Modern Caribbean Rum: A Contemporary Reference to the Region’s Essential Spirit by Matt Pietrek and Carrie Smith — Best New Book on Drinks Culture, History, or Spirits presented by Tales of the Cocktail 

Learn more about our 2023 Spirited Awards winners here: https://bit.ly/3OwzhL4

Special thanks to Forbes, our 2023 Spirited Awards Official Media Partner.

#2023SpiritedAwards #SA2023 #SpiritedAwards #2023SATop4 #totc2023 #totc #TalesoftheCocktail2023 #totcf",https://scontent-fra3-1.xx.fbcdn.net/v/t39.30808-6/363990630_670611175097949_7482765940607164325_n.jpg?_nc_cat=108&ccb=1-7&_nc_sid=127cfc&_nc_ohc=BvLjdQdrhEQQ7kNvgETgni-&_nc_ht=scontent-fra3-1.xx&edm=AKIiGfEEAAAA&_nc_gid=AYorFXMorZArj_DMyZibb1x&oh=00_AYBsvx2LQvIB_kGYcsHfdyM39s41XPKoN0KovdiUNpbXag&oe=66F6538F,16,1,2,6,16,1076,1664,1816
2023-07-29,"Much like the best drinks, it was bittersweet parting ways with our friends + family on Tales of the Cocktail day 6️⃣.❤️🍹 Check out our recap of yesterday's final festivities!

🔘 Tales Catalyst Luncheon
🔘 Meet the Distillers
🔘 12th Annual Pig & Punch presented by The Bon Vivants 
🔘 Casa Lumbre Spirits Presents: House of Fire

📸 Rush Jagoe, Joseph Vidrine, Cory Fontenot, & Bryan Tarnowski

#totc2023 #TalesoftheCocktail2023",https://scontent-fra5-1.xx.fbcdn.net/v/t39.30808-6/362664733_671105418381858_3808213206096883811_n.jpg?stp=dst-jpg_s1080x2048&_nc_cat=100&ccb=1-7&_nc_sid=127cfc&_nc_ohc=yAmUJe7zoGYQ7kNvgHRTrj1&_nc_ht=scontent-fra5-1.xx&edm=AKIiGfEEAAAA&_nc_gid=AYorFXMorZArj_DMyZibb1x&oh=00_AYD48S_TpKChIQULvnFV_bdcGY2lSHuPkMTCHQe86TkhOQ&oe=66F66D90,34,0,1,0,39,4734,5765,6557
2023-07-30,"Thank you for getting into the spirit of spirits with us at Tales of the Cocktail 2023.❤️🍹

We hope you enjoyed your time learning + celebrating among your fellow drinks industry professionals, friends, and family — We can't wait to do it all over again with you next year!🔮

📸: James French",https://scontent-fra5-1.xx.fbcdn.net/v/t39.30808-6/363951486_670779865081080_1617748342443543397_n.jpg?stp=dst-jpg_s1080x2048&_nc_cat=110&ccb=1-7&_nc_sid=127cfc&_nc_ohc=KKw1leu3rHsQ7kNvgFhSgvG&_nc_ht=scontent-fra5-1.xx&edm=AKIiGfEEAAAA&_nc_gid=AYorFXMorZArj_DMyZibb1x&oh=00_AYAnviYOGFpf0em0eIBfiC3VLvNbSMz9Xb1cDutlzI3VQw&oe=66F66E71,17,0,1,0,21,1811,2382,2482
2023-08-01,"Our 2023 Spirited Awards winners are now updated and live in the TOTCF Spirit Awards Directory!🏆 

The Spirit Awards Directory is an interactive, global map of the Spirited Awards winners, nominees, and honorees from the past 15 years! 

🍹 Discover the best of the cocktail community and raise a glass to the 2023 Spirited Awards winners here: https://bit.ly/3t9QUoZ

#2023SpiritedAwards #SpiritedAwards #totc2023 #totc #TalesoftheCocktail2023 #totcf",https://scontent-fra5-1.xx.fbcdn.net/v/t39.30808-6/363969177_672789158213484_2208885659302720987_n.jpg?stp=dst-jpg_p720x720&_nc_cat=102&ccb=1-7&_nc_sid=127cfc&_nc_ohc=Xc4w048kwpQQ7kNvgEudZbH&_nc_ht=scontent-fra5-1.xx&edm=AKIiGfEEAAAA&_nc_gid=AYorFXMorZArj_DMyZibb1x&oh=00_AYCwTgpKZmPyD38TBikFwkQnUp0aN7svzVV8sKO7FTH0xQ&oe=66F65315,7,0,0,2,8,2052,2382,2441
2023-08-02,"The New Orleans Spirit Competition recognizes spirits from top producers worldwide and sets the stage for a dazzling display, showcasing and celebrating the best spirits available today!

🏅 Find this year's #NOSC Medalists, Spirits of the Year, and Packaging Excellence here: https://bit.ly/44QLGyX",https://scontent-fra5-2.xx.fbcdn.net/v/t39.30808-6/365270275_673201118172288_7262462314818393267_n.jpg?stp=dst-jpg_s720x720&_nc_cat=109&ccb=1-7&_nc_sid=127cfc&_nc_ohc=aaIBqHkAMs0Q7kNvgFHxJgy&_nc_ht=scontent-fra5-2.xx&edm=AKIiGfEEAAAA&_nc_gid=AYorFXMorZArj_DMyZibb1x&oh=00_AYC4I_keyFnxBc8PHHSt4FNZBxiXvE9B8UR7KzOW1E40-A&oe=66F67120,9,0,0,2,10,2011,2427,2493
2023-08-04,"Indulge in the smoothness of this 🔴 Red Velvet 🔴 recipe from Cesar Fabrizio (IG: fabrizio_astudillo)! ⬇️

🥃 45 ml The Glenlivet 15
🍷 37.5 ml Dolin Blanc
🔴 7.5 ml Cranberry
🍋 6 Drops of Citrus Solution
🍊 2 Drops of Orange Bitters

📸: Yorch A (IG: @y.o.r.c.h)

TOTCF aims to support the worldwide cocktail community by sharing bartenders' creative concoctions & innovative recipes. Submit yours for an opportunity to be featured on our channels here: https://forms.gle/PjDunJWdgnEt7QnS9

#totcf",https://scontent-fra3-1.xx.fbcdn.net/v/t39.30808-6/365144484_673256604833406_1020076766883037173_n.jpg?stp=dst-jpg_p720x720&_nc_cat=108&ccb=1-7&_nc_sid=127cfc&_nc_ohc=GjimA1BNswUQ7kNvgG6FDnb&_nc_ht=scontent-fra3-1.xx&edm=AKIiGfEEAAAA&_nc_gid=AYorFXMorZArj_DMyZibb1x&oh=00_AYA2xeWTxrgQFmO8J3_xLkuBafmvWhkggwz5_7Dl8LSpWQ&oe=66F67CC7,8,0,1,0,10,1842,2160,2160
2023-08-07,"Get ready to raise the bar in sustainability – TOTCF's Sustainable Cocktail Challenge sponsored by Flor de Caña is here! 🌱

This global competition inspires the bartending community to become champions of sustainability and build a greener future together by creating spectacular cocktails using sustainable ingredients and techniques.

🏆 For a chance to win $10,000 and the ""Flor de Caña World's Most Sustainable Bartender"" title at the Global Final in Nicaragua this February, enter your sustainable cocktail here: https://bit.ly/44XbkSV

#FlordeCanaSustainableCocktailChallenge2024 #SustainableChallenge #FlordeCaña",https://scontent-fra5-2.xx.fbcdn.net/v/t15.5256-10/363876741_1098054747824530_8627837131435489202_n.jpg?_nc_cat=109&ccb=1-7&_nc_sid=7965db&_nc_ohc=2FhSdmSBkocQ7kNvgF8ivN6&_nc_ht=scontent-fra5-2.xx&edm=AKIiGfEEAAAA&_nc_gid=AYorFXMorZArj_DMyZibb1x&oh=00_AYC_1-XvLHfB9wJ4ByAjMRFe9fZbkJKVR7gMRC5154CsIA&oe=66F68472,5,0,0,2,5,423,654,667
2023-08-07,"How was your time at Tales of the Cocktail 2023? We'd love to hear about it! 🌟 

Help us make next year's event even more amazing by completing our UNO Economic Impact Survey and be entered for a chance to win 2 VIP Tickets for Tales of the Cocktail 2024! 🎉

Take the survey and let your voice be heard ➡️ https://bit.ly/3KvKHw7

#totc2023 #totc #TalesoftheCocktail2023 #totcf",https://scontent-fra5-2.xx.fbcdn.net/v/t39.30808-6/365682510_675984437893956_1781562325348181620_n.jpg?_nc_cat=106&ccb=1-7&_nc_sid=127cfc&_nc_ohc=hrAd8HqVEosQ7kNvgFayzvZ&_nc_ht=scontent-fra5-2.xx&edm=AKIiGfEEAAAA&_nc_gid=AYorFXMorZArj_DMyZibb1x&oh=00_AYCAlifGCkzEG0JpI1AxpWkP_JJVsGLHsj34bQJuSejY9Q&oe=66F66304,8,0,0,1,9,1887,2152,2227
2023-08-07,"📣 Calling service industry professionals! Tales of the Cocktail Foundation, with the help of our incredible partners, has some exciting programming coming up – with chances to win trips to the U.K., Mexico, or Nicaragua and prizes up to $20,000! Whether you're interested in sustainability, specific products, or flexing creativity, you won't want to miss the chance to get involved. 

Subscribe to our newsletter for more information on each opportunity and links to sign up delivered right to your inbox here: https://bit.ly/43RDsp8

Photography by: Bryan Tarnowski

#totc2023 #totc #TalesoftheCocktail2023 #totcf",https://scontent-fra3-1.xx.fbcdn.net/v/t39.30808-6/365740119_675972484561818_192157599267507726_n.jpg?stp=dst-jpg_p720x720&_nc_cat=103&ccb=1-7&_nc_sid=127cfc&_nc_ohc=Co6FCdqmhyQQ7kNvgHdXU_i&_nc_ht=scontent-fra3-1.xx&edm=AKIiGfEEAAAA&_nc_gid=AYorFXMorZArj_DMyZibb1x&oh=00_AYB3oBwii1CMl8Y0xj--aU90Xgac1j5_tUf0nAyKRD-2CQ&oe=66F674B0,10,0,0,0,10,1497,1742,1758
2023-08-08,"🌟 Beyond the Bar at #TalesoftheCocktail2023 was an incredible journey of empowerment and well-being! 

Participants dove into a world of health & wellness workshops, no & low options, and daily fitness activities while fostering inclusivity and strengthening the drinks industry community.🍹

Photography by: Cory Fontenot
Photography by: James French
Photography by: Joseph Vidrine 

#totc2023 #totc #totcf",https://scontent-fra3-1.xx.fbcdn.net/v/t39.30808-6/366040442_676171071208626_6698458087661059253_n.jpg?stp=dst-jpg_s1080x2048&_nc_cat=103&ccb=1-7&_nc_sid=127cfc&_nc_ohc=ghKfxAnoaqMQ7kNvgH093HU&_nc_ht=scontent-fra3-1.xx&edm=AKIiGfEEAAAA&_nc_gid=AYorFXMorZArj_DMyZibb1x&oh=00_AYB1fSSbAa26x990Ee9yKB73RZc8jH1k4Ho45u6zUh1Qhw&oe=66F67F1D,10,0,0,0,11,932,1180,1397
2023-08-09,"Green with envy over this 🟩 Green Team 🟩 recipe from The Bitter Fairy (IG: @the_bitterfairy)! ⬇️

🍸 2 oz Mezcal
🥒 A Few Big Chunks of Cucumber
🟩 1 oz Lime Juice
🌶️ A Few Slices of Jalapeno – To Taste
🍯 1/2 oz Agave Syrup – To Taste
🟩 Zest of One Lime
🧂 Small Pinch of Salt

✨ Blend all ingredients, fine strain and adjust proportions to taste (you might like a bit more agave or mezcal or salt.)
✨ Shake strained liquid with ice and serve over ice. Optional: salted rim.

TOTCF aims to support the worldwide cocktail community by sharing bartenders' creative concoctions & innovative recipes. Submit yours for an opportunity to be featured on our channels here: https://forms.gle/PjDunJWdgnEt7QnS9

#totcf",https://scontent-fra5-2.xx.fbcdn.net/v/t39.30808-6/366531608_677051917787208_138013473199515352_n.jpg?stp=dst-jpg_s720x720&_nc_cat=109&ccb=1-7&_nc_sid=127cfc&_nc_ohc=OTEp7TZV2v4Q7kNvgFmmbcQ&_nc_ht=scontent-fra5-2.xx&edm=AKIiGfEEAAAA&_nc_gid=AYorFXMorZArj_DMyZibb1x&oh=00_AYBu3q9SGOnc-F3gK_KGnL9sL4ZzkaDaoLN6po8DaknAxw&oe=66F64F7F,10,1,1,0,12,1507,1789,1876
2023-08-10,"We're raising a glass to the resounding success of the 2023 Catalyst Luncheon! Under its new name, the Catalyst Luncheon brought together industry trailblazers who shatter barriers and work to build a more inclusive industry.🥂🎉

This year's honorees, Tara Fougner and Anistatia Miller, exemplify the spirit of excellence and dedication that drives positive change in the cocktail world.🍹 We can't wait to see how the Catalyst Luncheon continues to inspire and empower future generations! 

Special thanks to our Catalyst Luncheon presenting sponsors SevenFifty Daily and 21Seeds Infused Tequila, supporting sponsors Don Q, House of Delola, Johnnie Walker, and Laird & Company and the Catalyst Luncheon Media Partner Beverage Media Group

Photography by: Rush Jagoe

#2023TalesCatalysts #TalesCatalysts #totc2023 #totc #TalesoftheCocktail2023 #totcf",https://scontent-fra3-2.xx.fbcdn.net/v/t39.30808-6/366639202_677745177717882_8507385179126747631_n.jpg?stp=dst-jpg_p720x720&_nc_cat=111&ccb=1-7&_nc_sid=127cfc&_nc_ohc=jBMJc7gro98Q7kNvgFTRy1u&_nc_ht=scontent-fra3-2.xx&edm=AKIiGfEEAAAA&_nc_gid=AYorFXMorZArj_DMyZibb1x&oh=00_AYA_BsLgCrdC9zeK2YrJ-jEQgvFEmTdJx2raZKAPdRgbaQ&oe=66F67FAB,21,0,1,0,28,3211,3732,3861
2023-08-13,"Sip, sip, sorbet – it's #NationalProseccoDay! Celebrate the day with this 🍨 Sgroppino 🍾 recipe from Kevin Kos (IG: kevin_kos)! ⬇️

🍨 2 Large Scoops of Lemon Sorbet
🍸 0.75 oz Vodka
🍾 3 oz Prosecco

🎥 Sašo Veber (IG: @sasooveber)
🎬 Robi Fišer (IG: @robifiser)

TOTCF aims to support the worldwide cocktail community by sharing bartenders' creative concoctions & innovative recipes. Submit yours for an opportunity to be featured on our channels here: https://forms.gle/PjDunJWdgnEt7QnS9

#totcf",https://scontent-fra3-1.xx.fbcdn.net/v/t39.30808-6/366702526_678315097660890_815198019513017977_n.jpg?stp=dst-jpg_s720x720&_nc_cat=108&ccb=1-7&_nc_sid=127cfc&_nc_ohc=jAfxe6nfCu4Q7kNvgHyXDf0&_nc_ht=scontent-fra3-1.xx&edm=AKIiGfEEAAAA&_nc_gid=AYorFXMorZArj_DMyZibb1x&oh=00_AYCDN0lVjuVOjsZqy0D1s_O5umEfd3igCa0yks29pa_p3g&oe=66F68415,8,0,2,0,9,2138,2494,2577
2023-08-15,"Reliving the unforgettable moments shared at the VisitSingapore x Tales of the Cocktail Residency at #TalesoftheCocktail2023!🎉 

From electrifying mixology to inspiring discussions on the future of cocktails, it was an experience like no other!

Photography by: Cory Fontenot

#SingaporexTales #visitsingapore #totc2023 #totc #totcf #STB2023

VisitSingapore | FURA | The Elephant Room Singapore | NO SLEEP CLUB | Republic Bar | Singapore Tourism Board  | Aviation Gin | Campari | Don Julio Tequila | EDITION Hotels | Hendrick's Gin | Johnnie Walker | Ketel One | Lagavulin | Libbey Pro | Martell | Woodford Reserve | Zacapa Rum",https://scontent-fra3-2.xx.fbcdn.net/v/t39.30808-6/366606537_680359197456480_3220557760153160059_n.jpg?stp=dst-jpg_s720x720&_nc_cat=111&ccb=1-7&_nc_sid=127cfc&_nc_ohc=tio1XvDNlK0Q7kNvgFihnl4&_nc_ht=scontent-fra3-2.xx&edm=AKIiGfEEAAAA&_nc_gid=AYorFXMorZArj_DMyZibb1x&oh=00_AYBVWNIgluTYaT9Zk63-b4tCPm7y5VT4r4FP1E_-9FSJig&oe=66F66EF5,22,0,0,0,22,1284,1535,1672
2023-08-16,"Shoutout to the Cocktail Apprentice Program stars who turned every pour into perfection at #TalesoftheCocktail2023!👏

These bartenders have the opportunity to hone their skills while learning about the history and future of their craft during the Tales of The Cocktail conference. #totc2023 was successful because of their dedication, creativity & passion!🌟🍹

Photography by: Cory Fontenot

#totc #totcf #CAP2023 #CAPWhiteCoat2023 #CAPBlackCoat2023 #CAPGreyCoat2023 #CAPRedCoat2023",https://scontent-fra5-1.xx.fbcdn.net/v/t39.30808-6/368028857_680905540735179_2983595975223801788_n.jpg?stp=dst-jpg_s1080x2048&_nc_cat=100&ccb=1-7&_nc_sid=127cfc&_nc_ohc=VjjIre6E97IQ7kNvgHkRyDE&_nc_ht=scontent-fra5-1.xx&edm=AKIiGfEEAAAA&_nc_gid=AYorFXMorZArj_DMyZibb1x&oh=00_AYC_1HjegwZDOK5arK47kFgg49DDqg52wmsChDKqdPM8eQ&oe=66F66D28,9,0,0,0,17,2761,3225,3497
2023-08-17,"Celebrating diversity, inclusivity and innovation at #TalesoftheCocktail2023 through the eyes of Gabrielle Pharms!🍹🌟
 
Gabrielle takes us on a flavor-filled adventure through seminars, tastings, and more in this Essence article ⬇️",https://external-fra5-1.xx.fbcdn.net/emg1/v/t13/13846789644799236100?url=https%3A%2F%2Fwww.essence.com%2Fwp-content%2Fuploads%2F2023%2F08%2Fthumbnail_image001.jpg%3Fwidth%3D1200&fb_obo=1&utld=essence.com&ccb=13-1&stp=dst-emg0_fr_q75&ur=50234c&_nc_sid=64c8fc&oh=06_Q399TNIySDfeQDeLJI411A4koxQUqFLMgf4_nVZmYSVxnlA&oe=66F28652,9,0,0,24,10,2030,2319,2393
2023-08-18,"Attendees had the opportunity to meet distillers, founders, and blenders of over 30 renowned brands at the 2023 Meet the Distillers. 

🥃 At the celebration, we also toasted Kings County Distillery, which triumphed as the well-deserved Distillery of the Year! 🏆

Special thanks to Imbibe, the official partner of the 2023 Meet the Distillers.

Photography by: Cory Fontenot

#totc2023 #TalesoftheCocktail2023 #totc #totcf #imbibe",https://scontent-fra5-1.xx.fbcdn.net/v/t39.30808-6/368018899_681356540690079_3926613744981165144_n.jpg?stp=dst-jpg_s720x720&_nc_cat=110&ccb=1-7&_nc_sid=127cfc&_nc_ohc=JqwizKDaUM8Q7kNvgHLvFgr&_nc_ht=scontent-fra5-1.xx&edm=AKIiGfEEAAAA&_nc_gid=AYorFXMorZArj_DMyZibb1x&oh=00_AYD-JbPd7mUgh5IlXKgCWISzhC9NrsFetDRfKWkq7tp9XQ&oe=66F65AD2,21,2,1,0,22,4645,5386,5606
2023-08-19,"In a galaxy of cocktails, this 🌌 Bantha Fizz 🌌 recipe from Jonathan (IG: @thebittergringo) reigns supreme!⬇️

🍹 Pisco
🥝 Kiwi Purée
💙 Blue Curaçao
🌌 Aquafaba
🍋 Lemon Juice
💚 Lime Bitters
🌊 Splash of Soda

TOTCF aims to support the worldwide cocktail community by sharing bartenders' creative concoctions & innovative recipes. Submit yours for an opportunity to be featured on our channels here: https://forms.gle/PjDunJWdgnEt7QnS9

#totcf",https://scontent-fra5-1.xx.fbcdn.net/v/t39.30808-6/368024038_681361487356251_2818201472662586447_n.jpg?stp=dst-jpg_s720x720&_nc_cat=100&ccb=1-7&_nc_sid=127cfc&_nc_ohc=lc4PR4xk6SoQ7kNvgGtGhBH&_nc_ht=scontent-fra5-1.xx&edm=AKIiGfEEAAAA&_nc_gid=AYorFXMorZArj_DMyZibb1x&oh=00_AYBXMaWaIE8NYMBsckWzmf-UNrNUZt0cbkEVIojo__A5Og&oe=66F681F5,6,0,0,0,8,1746,2060,2096
2023-08-22,"🌟A night of glitz, glam and giving back! The Born This Gay: Free Your Spirit Extravaganza Ball was a night of remembrance and empowerment that truly showcased the strength and resilience of the LGBTQ+ community in partnership with Cazadores and Another Round Another Rally. 

We were able to raise $50,000 for the rehabilitation and reopening of Club Q, a safe space tragically taken from the community in an act of gun violence where we lost five souls in 2022 including Kelly Loving, Daniel Aston, Derrick Rump, Ashley Paugh, and Raymond Green Vance. The money raised will assist in building the memorial for those who were lost that night and will also go towards providing mental health services for up to a year to the survivors. 🏳️‍🌈

Photography by: Rush Jagoe",https://scontent-fra5-2.xx.fbcdn.net/v/t39.30808-6/369233324_683461477146252_2062602149781327119_n.jpg?stp=dst-jpg_s720x720&_nc_cat=106&ccb=1-7&_nc_sid=127cfc&_nc_ohc=fDHahnovgqwQ7kNvgFz3k7D&_nc_ht=scontent-fra5-2.xx&edm=AKIiGfEEAAAA&_nc_gid=AYorFXMorZArj_DMyZibb1x&oh=00_AYCm4E7VJ67lDdxAOdPHsI-Db4l4_fOyGTBY89IDbhwqZA&oe=66F67F20,2,0,0,0,2,1742,2022,2153
2023-08-23,"VinePair is taking readers through the land of opportunity that was Tales of the Cocktail 2023!🌟

Check out their article highlighting #totc23 Cocktail Apprentice Program, Beyond the Bar and the Spirited Awards here⬇️ https://bit.ly/3q7vbjf",,3,0,0,4,4,1069,1288,1335
2023-08-24,"🍹 La Gran Familia Café took us on an immersive experience through a kaleidoscope of flavors, masterfully curated by 6 of the Best Bars in the U.S.: Double Chicken Please - DCP, Katana Kitten, LilliStar, Nickel City, Pacific Cocktail Haven and Serenata. Each collaboration celebrated mixology and journeyed through taste and togetherness. 🎉

Photography by: Bryan Tarnowski

#lagranfamilia #lagranfamiliacafe #TalesoftheCocktail2023",https://scontent-fra3-1.xx.fbcdn.net/v/t39.30808-6/369560570_684736670352066_4666263486872432077_n.jpg?stp=dst-jpg_s720x720&_nc_cat=101&ccb=1-7&_nc_sid=127cfc&_nc_ohc=HdC2SjWbP-wQ7kNvgFVyDZk&_nc_ht=scontent-fra3-1.xx&edm=AKIiGfEEAAAA&_nc_gid=AYorFXMorZArj_DMyZibb1x&oh=00_AYAoCVRUMnZXhntFzL9QQ5SesJhQoNH0x7fC5fA26n2z0g&oe=66F65C2F,26,0,0,0,27,5817,6232,6570
2023-08-25,"We’re 'pine'-ing for a taste of this 🍍Pineapple Nola Whiskey Sour🥃 recipe from Ryan (IG: @reallyicetomeetyou) on #NationalWhiskeySourDay!⬇️

🥃 2 oz Whiskey
☕️ 0.5 oz Coffee Liqueur St. George Spirits 
🍍 2 oz Pineapple Juice
🍋 0.75 oz Lemon Juice

✨ Add ingredients to a shaker and shake with ice for 10 seconds. Pour over ice.

TOTCF aims to support the worldwide cocktail community by sharing bartenders' creative concoctions & innovative recipes. Submit yours for an opportunity to be featured on our channels here: https://forms.gle/PjDunJWdgnEt7QnS9

#totcf",https://scontent-fra3-2.xx.fbcdn.net/v/t39.30808-6/368282411_684740463685020_7293812437128360006_n.jpg?stp=dst-jpg_s720x720&_nc_cat=104&ccb=1-7&_nc_sid=127cfc&_nc_ohc=SGdH4VNj7NYQ7kNvgGooAPT&_nc_ht=scontent-fra3-2.xx&edm=AKIiGfEEAAAA&_nc_gid=AYorFXMorZArj_DMyZibb1x&oh=00_AYBnpSnSFbQa4w5RSzeAWXh8VkD-3pZ5PmJTpbq2j-60Xg&oe=66F65BB1,23,2,1,0,24,2704,3099,3156
2023-08-29,"Cooling off from the New Orleans heat was a breeze at The World's SMOOOVEST Pool Party, presented by White Claw Premium Vodka! ☀️🍹 

With custom cocktails from four themed bars, we soaked up the skyline's beauty, cooled down in the inviting pool waters and enjoyed the mix of popular DJs and local live music. Take a look at some of the event's highlights! 📸 

Photography by: Joseph Vidrine
Photography by: Bryan Tarnowski",https://scontent-fra5-2.xx.fbcdn.net/v/t39.30808-6/372908555_687842703374796_2737484261555276089_n.jpg?stp=dst-jpg_s720x720&_nc_cat=106&ccb=1-7&_nc_sid=127cfc&_nc_ohc=684PO_CsWZ0Q7kNvgHulkKZ&_nc_ht=scontent-fra5-2.xx&edm=AKIiGfEEAAAA&_nc_gid=AYorFXMorZArj_DMyZibb1x&oh=00_AYA3eoRDlhDM7jBKABi88tE3lr3ccreYVC_0XOuLnTYsDg&oe=66F65FAC,16,0,0,0,18,3954,4451,4590
2023-08-30,"Embrace the bitter side of paradise on #NationalMaiTaiDay with this 🍹Bitter Mai Tai🌴 recipe from Amir Jakupovic (IG: @ gin_with_me)!⬇️

🍹 1.5 oz Red Italian Bitter
🥃 0.75 oz Aged Rum
🍹 1 oz Lime Juice
🍯 0.75 oz Orgeat Syrup
🍹 0.5 oz Dry Curaçao
🌿 Garnish: Mint Sprig

✨ Shake all ingredients with ice and strain into a glass filled with crushed ice. Garnish with a mint sprig, and enjoy!

TOTCF aims to support the worldwide cocktail community by sharing bartenders' creative concoctions & innovative recipes. Submit yours for an opportunity to be featured on our channels here: https://forms.gle/PjDunJWdgnEt7QnS9

#totcf",https://scontent-fra3-1.xx.fbcdn.net/v/t39.30808-6/372834872_688341526658247_5729552459874973580_n.jpg?stp=dst-jpg_s720x720&_nc_cat=108&ccb=1-7&_nc_sid=127cfc&_nc_ohc=GPUnEi6yZZoQ7kNvgFOPRpw&_nc_ht=scontent-fra3-1.xx&edm=AKIiGfEEAAAA&_nc_gid=AYorFXMorZArj_DMyZibb1x&oh=00_AYDlUG2LwRCuXDM_8k4GudTLlaEnhcrqYRHK6OwYF22YzQ&oe=66F6663E,11,0,1,0,12,1928,2334,2334
2023-09-01,"Campari Community and Spiegelworld joined forces in a symphony of music, movement, and memories, to create an unforgettable night. Take a look at the magic that unfolded!🕺🔮

#CampariTakesTales2023 #totc #totcf",https://scontent-fra3-2.xx.fbcdn.net/v/t39.30808-6/371532722_689011113257955_6531808021224091873_n.jpg?stp=dst-jpg_s720x720&_nc_cat=111&ccb=1-7&_nc_sid=127cfc&_nc_ohc=suOup6mlaZ0Q7kNvgFCl62T&_nc_ht=scontent-fra3-2.xx&edm=AKIiGfEEAAAA&_nc_gid=AYorFXMorZArj_DMyZibb1x&oh=00_AYCb_P-yD8itb-BKeT6xin-QtUZm3R5gm1RnIomnY8J_Gg&oe=66F650EB,10,0,0,0,12,3001,3370,3490
2023-09-06,"We can't bee-lieve how refreshing this 🍊Mandarino🍊 cocktail is! Check out the recipe from ALQUÍMICO — 2023 Spirited Award Best International Bar Team winner!⬇️

🍸 Gin
🍊 Alquímico Mandarin Lemon Liqueur
🍍 Pineapple Extract
💚 Lime Juice
🐝 Bee Pollen

TOTCF aims to support the worldwide cocktail community by sharing bartenders' creative concoctions & innovative recipes. Submit yours for an opportunity to be featured on our channels here: https://forms.gle/PjDunJWdgnEt7QnS9

#totcf #2023SpiritedAwards #SA2023",https://scontent-fra3-2.xx.fbcdn.net/v/t39.30808-6/375758992_691894746302925_7357644676861029357_n.jpg?stp=dst-jpg_s960x960&_nc_cat=104&ccb=1-7&_nc_sid=127cfc&_nc_ohc=-h6YKn40wqAQ7kNvgFz5-jI&_nc_ht=scontent-fra3-2.xx&edm=AKIiGfEEAAAA&_nc_gid=AYorFXMorZArj_DMyZibb1x&oh=00_AYA3wcOUK6PZhEay5_veDOUD7-g_CKcofU64fd7D0addUw&oe=66F677D0,9,0,0,0,10,1695,1915,1918
2023-09-07,"The Hendrick's Expedition Cocktail recently dropped anchor in Dallas for another successful workshop! ⚓️ Check out how attendees journeyed across uncharted cocktail & ingredient realms while learning from industry experts. 📸

Now, it's time to set sail and explore the world of mixology in Miami! On September 18, embark on a bartending adventure that could lead you to the prestigious Gin Palace and the renowned London Cocktail Week!✨

Learn more about Hendrick's Expedition Cocktail and how to get involved here: https://bit.ly/45WJaHE

#HEC2023 #Hendricks2023",https://scontent-fra3-2.xx.fbcdn.net/v/t39.30808-6/375835660_692615952897471_4234230333222713072_n.jpg?stp=dst-jpg_s1080x2048&_nc_cat=111&ccb=1-7&_nc_sid=127cfc&_nc_ohc=y6cTMeGp4JQQ7kNvgE2IxCR&_nc_ht=scontent-fra3-2.xx&edm=AKIiGfEEAAAA&_nc_gid=AYorFXMorZArj_DMyZibb1x&oh=00_AYDtPzcsVcqcW_X-4ypTsjLLiap8c6Zl0WtEO_IpJHhKlA&oe=66F685EE,22,2,0,22,23,4645,5073,5177
2023-09-07,"We entered a world of flavor and craftsmanship at Sazerac House, where a new adventure unfolded every day! 🥃

From the mesmerizing World of 375 Park Ave Spirits to the soulful journey of American Whiskey in NOLA and the laid-back vibes of Agave Lounge, each event left us craving more! ✨

Photography by: Rush Jagoe

#totc2023 #totc #TalesoftheCocktail2023 #totcf",https://scontent-fra3-2.xx.fbcdn.net/v/t39.30808-6/375804352_692084779617255_1874727943952390817_n.jpg?stp=dst-jpg_s720x720&_nc_cat=104&ccb=1-7&_nc_sid=127cfc&_nc_ohc=LCaQjuUz4REQ7kNvgHJpuyZ&_nc_ht=scontent-fra3-2.xx&edm=AKIiGfEEAAAA&_nc_gid=AYorFXMorZArj_DMyZibb1x&oh=00_AYBrbDsWVMnTGjibKR6WBcSnHGwlRcG6U_m5U19zj3JXqA&oe=66F65414,15,0,1,0,15,4674,5049,5311
2023-09-08,"The 2023 theme of Tales of the Cocktail Foundation’s Grant Program focuses on bartender welfare and well-being. Our four finalists and their work perfectly embody this dedication.🍹

🌟 Our first grant finalist spotlight is A Sip of Paradise Garden from Atlanta, Georgia! A Sip of Paradise Garden is a nonprofit bartenders' community garden that provides horticultural therapy, employment resources, and health and wellness programs for bartenders and the greater hospitality community to recharge their minds, bodies and spirits.

To learn more about A Sip of Paradise Garden, the other 2023 grant finalists, and TOTCF's Beyond the Bar programming, visit: https://bit.ly/3XLw2ST

Special thanks to our sponsors: Cointreau Edrington Bulleit

#TOTCFGrant2023 #TalesoftheCocktail2023 #totc2023",https://scontent-fra5-1.xx.fbcdn.net/v/t39.30808-6/391747339_712428487582884_4385081515245844139_n.jpg?_nc_cat=110&ccb=1-7&_nc_sid=127cfc&_nc_ohc=-rJaOtKnPsQQ7kNvgFqo9Zo&_nc_ht=scontent-fra5-1.xx&edm=AKIiGfEEAAAA&_nc_gid=AYorFXMorZArj_DMyZibb1x&oh=00_AYCoYLostvts7nfMKnIrBWUU6Ra1Q4qnt8DSFOuxd0Qc6A&oe=66F6804E,3,0,0,2,3,155,292,309
2023-09-09,"Libbey Pro joined forces with Maker's Mark to host the Libbey Maker's Cocktail Contest Experience at #totc2023, where attendees curated their cocktails by selecting a base and crafting over-the-top garnish from a live garnish garden. Five entries – each representing a distinct Libbey glass – were judged and selected to take home a $500 prize. 🍹

⬇️ Check out Kristina Smith's entry using the Renewal Crosshatch Highball glass, and get your very own Libbey glass here: https://bit.ly/3PwmtVl

#formakersbymakers #libbeypro",https://scontent-fra3-1.xx.fbcdn.net/v/t39.30808-6/376659657_693188226173577_4749517664913886921_n.jpg?stp=dst-jpg_p720x720&_nc_cat=101&ccb=1-7&_nc_sid=127cfc&_nc_ohc=zxduF-EDnfcQ7kNvgFUhgw1&_nc_ht=scontent-fra3-1.xx&edm=AKIiGfEEAAAA&_nc_gid=AYorFXMorZArj_DMyZibb1x&oh=00_AYAf7GRG1p3Ts7llOpu_3kxgrqCbpM-h9cl5KRU8xdT-zA&oe=66F68393,9,2,0,0,9,2888,3185,3185
2023-09-12,"Tales of the Cocktail Foundation presents The Bartender’s Manifesto Class hosted at Cane & Table!🍹

Join Toby Maloney in New Orleans for a four-hour class teaching the philosophies of his Spirited Awards® winning book The Bartender’s Manifesto. All attendees receive a copy of the Bartender’s Manifesto. 10% of the proceeds go to Turning Tables.

🗓️ Sunday, Sept. 17
⏰ 1 p.m.
Open to the Public
🔗 Space is limited. Buy tickets here: https://bit.ly/3PyK8o1

🗓️ Monday, Sept. 18
⏰ 1 p.m.
New Orleans Drinks Industry Only 
🔗 Spaces are limited. TOTCF, Campari, Heaven Hill, Maison Ferrand, and Pernod Ricard are offering scholarships for a select number of bartenders. To apply to attend this class, email education@talesofthecocktail.org with interest by Sept. 14, 2023 at 12 p.m. CT.

Special thanks to our sponsors Campari, Heaven Hill, Maison Ferrand, Pernod Ricard, and Octavia Books.

#totc2023 #totc #TalesoftheCocktail2023 #totcf",https://scontent-fra5-1.xx.fbcdn.net/v/t39.30808-6/378309292_695056035986796_5289993841010555058_n.jpg?_nc_cat=100&ccb=1-7&_nc_sid=127cfc&_nc_ohc=Vs1PTLXsNTsQ7kNvgHQZGxk&_nc_ht=scontent-fra5-1.xx&edm=AKIiGfEEAAAA&_nc_gid=AYorFXMorZArj_DMyZibb1x&oh=00_AYBRk3AaN6BT7JLguvw-sQBJ7mizY6AlQssEE4UkRfgN_w&oe=66F66AA0,2,0,1,1,3,1330,1948,2063
2023-09-12,"⏰ It's time to submit Tales of the Cocktail 2024 Seminar Proposals! ⏰

Do you have an idea that could bring change in the industry or business insights to reveal? Share them with the global cocktail community! Submit a Tales of the Cocktail 2024 Seminar Proposal by November 28 here: https://bit.ly/3RV84An 

 #totc2024 #totc #TalesoftheCocktail2024 #totcf",https://scontent-fra5-2.xx.fbcdn.net/v/t15.5256-10/375702900_1676195756198590_7246740761790391309_n.jpg?_nc_cat=106&ccb=1-7&_nc_sid=c3bc4c&_nc_ohc=fIl2gRMzDsUQ7kNvgFYZQDQ&_nc_ht=scontent-fra5-2.xx&edm=AKIiGfEEAAAA&_nc_gid=AYorFXMorZArj_DMyZibb1x&oh=00_AYCABgAO3wZmLoroBC1r1XXNYwRzQbGd1pd29Z8XCL_Rqw&oe=66F681E8,6,0,1,2,6,716,942,964
2023-09-13,"🌟 Our next grant finalist spotlight is Equal Measures UK! Equal Measures UK empowers and supports marginalized individuals and groups, including Black, Asian, and other minority ethnicities, along with queer, gender queer individuals, those who are neurodivergent, and those encountering systemic barriers to their advancement.

Click here to learn more about Equal Measures UK and the other 2023 grant finalists: https://bit.ly/3XLw2ST

Special thanks to our sponsors: Cointreau Edrington Bulleit 

#TOTCFGrant2023  #totc2023 #totc #TalesoftheCocktail2023 #totcf",https://scontent-fra5-2.xx.fbcdn.net/v/t39.30808-6/378685200_695544409271292_6308943627918443005_n.jpg?_nc_cat=107&ccb=1-7&_nc_sid=127cfc&_nc_ohc=sYbBEOvCRCEQ7kNvgFsWRk0&_nc_ht=scontent-fra5-2.xx&edm=AKIiGfEEAAAA&_nc_gid=AYorFXMorZArj_DMyZibb1x&oh=00_AYAmLVwJNaM2aKIc_gbcnKd2U2-oZAzVaT-IjT2fiyBHUQ&oe=66F672B4,1,0,0,0,1,353,534,575
2023-09-15,"Celebrate Hispanic & Latinx Heritage Month with Roberto Núñez Moreno, Patrón Tequila National Brand Ambassador!🎉

Roberto reflects on the difficulties Latinos face and their enduring dedication. He sheds light on the challenges and triumphs that have shaped their journey in the bar industry, reminding us of the rich culture and flavors they bring to the table.🍹

Find Roberto's full feature, ""Los Latinos; The Secret Ingredient"" here: https://bit.ly/3LriVkK

Cocktail Photo Credit: Alfredo Viser

#HispanicHeritageMonth #LatinxHeritageMonth #totcf #totc2023heritagemonthseries",https://scontent-fra5-1.xx.fbcdn.net/v/t39.30808-6/378811024_697149089110824_1370323148447401736_n.jpg?_nc_cat=102&ccb=1-7&_nc_sid=127cfc&_nc_ohc=NC9cRWUf-TMQ7kNvgF2JGsA&_nc_ht=scontent-fra5-1.xx&edm=AKIiGfEEAAAA&_nc_gid=Af5AlwtCfIDQAtwUvdOGCJI&oh=00_AYBCJlJrrMeHznbJWbdj276TjaLzoLl39BS_IAVK5Eh4fw&oe=66F66470,7,0,0,1,10,1723,2027,2033
2023-09-16,"Didn't make it to every #totc2023 seminar? No worries! We're excited to begin sharing a select number of 2023 seminars on our YouTube channel so you can enjoy them from anywhere.🥂

First up is the Keynote Address on how bartenders are critical in building long-lasting and profitable brands and the changing ecosystem of the beverage alcohol market. 

🍹 Relive every insightful moment, expert tip, and mixology masterpiece here: https://bit.ly/3qVTHnP

#totc #TalesoftheCocktail2023 #totcf",https://scontent-fra5-2.xx.fbcdn.net/v/t39.30808-6/379630382_697298822429184_6613874825077377038_n.jpg?_nc_cat=107&ccb=1-7&_nc_sid=127cfc&_nc_ohc=KWSf_Ljp3cgQ7kNvgEe5tG5&_nc_ht=scontent-fra5-2.xx&edm=AKIiGfEEAAAA&_nc_gid=Af5AlwtCfIDQAtwUvdOGCJI&oh=00_AYB34YrbA4JDkqI1NZysqD_MZMEut9ZIlk5IRB8n4LEX0g&oe=66F67132,5,1,1,0,6,551,764,813
2023-09-16,"Lights, camera, cocktails!🎥🍹 2023 Spirited Awards Official Media Partner Forbes brings the essence of Tales of the Cocktail 2023 straight to your screens, capturing the innovation and spirited camaraderie making this event a toast to the world of mixology!

#SA2023 #totc2023 #totc #TalesoftheCocktail2023 #totcf",https://scontent-fra3-2.xx.fbcdn.net/v/t15.5256-10/375767464_3610922689177085_263719626451498834_n.jpg?_nc_cat=111&ccb=1-7&_nc_sid=7965db&_nc_ohc=841_jI8KeIUQ7kNvgE5lmuk&_nc_ht=scontent-fra3-2.xx&edm=AKIiGfEEAAAA&_nc_gid=Af5AlwtCfIDQAtwUvdOGCJI&oh=00_AYB2dVAecfbjVijn1Q34UxaMxOkT6-LqLKD7N8MBnAJQLg&oe=66F68303,6,0,1,0,7,560,857,920
2023-09-18,"Indulge in #NegroniWeek with this stunning 🥃 Negroni 🥃 recipe from Jigger and Pony — 2023 Best International Hotel Bar Spirited Award winner!⬇️

🍸 Fords Gin
🍷 Cinzano Rosso
🍷 Campari

📸: Lauryn Ishak

TOTCF aims to support the worldwide cocktail community by sharing bartenders' creative concoctions & innovative recipes. Submit yours for an opportunity to be featured on our channels here: https://forms.gle/PjDunJWdgnEt7QnS9

#totcf #2023SpiritedAwards #SA2023",https://scontent-fra3-1.xx.fbcdn.net/v/t39.30808-6/380150076_698948848930848_9215202312915406597_n.jpg?stp=dst-jpg_p720x720&_nc_cat=105&ccb=1-7&_nc_sid=127cfc&_nc_ohc=HZLpeTPU16oQ7kNvgEbgZ_P&_nc_ht=scontent-fra3-1.xx&edm=AKIiGfEEAAAA&_nc_gid=Af5AlwtCfIDQAtwUvdOGCJI&oh=00_AYCLfF7Qm4Oh2_4qoxhh125XbM4FmCxOS2doyre7Nu4kVg&oe=66F6579A,13,0,2,0,14,1885,2222,2284
2023-09-18,"🌟 Our third grant finalist spotlight is Giving Kitchen from Atlanta, Georgia! Giving Kitchen is a food service community with a mission to provide emergency assistance to food service workers and bartenders through financial support and community resources. 

Click here to learn more about Giving Kitchen and the other 2023 grant finalists: https://bit.ly/3XLw2ST

Special thanks to our sponsors: Cointreau Edrington Bulleit 

#TOTCFGrant2023  #totc2023 #totc #TalesoftheCocktail2023 #totcf",https://scontent-fra3-2.xx.fbcdn.net/v/t39.30808-6/380165307_698957742263292_7450742517001734231_n.jpg?_nc_cat=111&ccb=1-7&_nc_sid=127cfc&_nc_ohc=Rl_pvsouurAQ7kNvgEcLTVx&_nc_ht=scontent-fra3-2.xx&edm=AKIiGfEEAAAA&_nc_gid=Af5AlwtCfIDQAtwUvdOGCJI&oh=00_AYCiNCEQ-jNRcGLGKJq3k_PTRHZYroBc5phgZBiqTlhh0Q&oe=66F66A32,1,0,0,0,1,486,664,713
2023-09-19,"Meet the Top 22 Semi-Finalists of the Most Imaginative Bartender competition!👏

These semi-finalists will compete in front of a panel of judges, including representatives from Tales of the Cocktail Foundation, Bombay Sapphire, and renowned industry experts, as they pour their creativity into every cocktail.🍹

Learn more about the competition here: https://bit.ly/3PLMcco 

#MIB2024 #BombaySapphire",https://scontent-fra3-1.xx.fbcdn.net/v/t39.30808-6/379791915_699693722189694_1038752578161324350_n.jpg?stp=dst-jpg_s720x720&_nc_cat=101&ccb=1-7&_nc_sid=127cfc&_nc_ohc=6AheHnuwk2gQ7kNvgG61Nac&_nc_ht=scontent-fra3-1.xx&edm=AKIiGfEEAAAA&_nc_gid=Af5AlwtCfIDQAtwUvdOGCJI&oh=00_AYB6CNgsFtU6dTTu3Y7Hq_6IG39OxqoKaVyqT76dRnh-3Q&oe=66F6569A,19,0,2,20,22,6225,7041,7079
2023-09-20,"In the ""Africa is Now!"" seminar, our panel explored the:
🌍 varied landscape of African bars
🎉 need to preserve and celebrate the continent’s rich cultural identity
🌟 importance of Africa's seat at the global industry table

To watch this seminar and other #totc2023 seminars, click here: https://bit.ly/45WDvBH

#totc #TalesoftheCocktail2023 #totcf",https://scontent-fra5-1.xx.fbcdn.net/v/t39.30808-6/380878739_700121262146940_889855291631578186_n.jpg?stp=dst-jpg_s720x720&_nc_cat=110&ccb=1-7&_nc_sid=127cfc&_nc_ohc=N7x-VKGDnXYQ7kNvgFlUii1&_nc_ht=scontent-fra5-1.xx&edm=AKIiGfEEAAAA&_nc_gid=Af5AlwtCfIDQAtwUvdOGCJI&oh=00_AYBSyA2pnS3nUNRxXmvrELjZyVY_NVIj7VedDl5lJoA-RQ&oe=66F65E0D,1,0,0,0,1,313,500,525
2023-09-22,"🌟 Introducing our final grant finalist spotlight – Turning Tables from New Orleans, LA! Turning Tables is a bar training program that advocates for equity in the hospitality industry for exposure in a system of support for the Black and Brown communities of New Orleans. 

Click here to learn more about Turning Tables and the other 2023 grant finalists: https://bit.ly/3XLw2ST

Special thanks to our sponsors: Rémy Cointreau Edrington Bulleit 

#TOTCFGrant2023  #totc2023 #totc #TalesoftheCocktail2023 #totcf",https://scontent-fra5-2.xx.fbcdn.net/v/t39.30808-6/381003660_701409315351468_8794652994415682480_n.jpg?_nc_cat=106&ccb=1-7&_nc_sid=127cfc&_nc_ohc=7OoJRyn4B5kQ7kNvgHOUOjh&_nc_ht=scontent-fra5-2.xx&edm=AKIiGfEEAAAA&_nc_gid=Af5AlwtCfIDQAtwUvdOGCJI&oh=00_AYDboKTw5UkwAVArlD1IIeaFI2d_dp2wh0qiYRmCgx9A7A&oe=66F654A3,1,0,0,0,1,983,1203,1248
2023-09-25,"Squeeze the day with this peel-ightful 🍊Blood Orange Margarita🍊 recipe from AJ (IG: @thehobbydrinkchef)!⬇️

🥃 1 oz Blanco Tequila
🍹 ½ oz Aperol
🥃 1 oz Mezcal
🧡 ¾ oz Triple Sec 
🍯 ¼ oz Agave Nectar
💚 ¾ oz Lime Juice
🧡 ¾ oz Blood Orange Juice
🌶️ 3 Dashes of Hot Pepper Bitters

✨ Add all ingredients to a shaker tin with ice and shake. Strain over fresh ice in a salt rimmed rocks glass. Garnish with a blood orange wheel.

TOTCF aims to support the worldwide cocktail community by sharing bartenders' creative concoctions & innovative recipes. Submit yours for an opportunity to be featured on our channels here: https://forms.gle/PjDunJWdgnEt7QnS9

#totcf",https://scontent-fra3-2.xx.fbcdn.net/v/t39.30808-6/384112363_703218295170570_4282145412050152566_n.jpg?stp=dst-jpg_s720x720&_nc_cat=111&ccb=1-7&_nc_sid=127cfc&_nc_ohc=QY_sLCKUYa0Q7kNvgHhulN5&_nc_ht=scontent-fra3-2.xx&edm=AKIiGfEEAAAA&_nc_gid=Af5AlwtCfIDQAtwUvdOGCJI&oh=00_AYCv6P-LDudmfW-oD4is4bqjRAsKIs6UC2fzPt9jMHAhPg&oe=66F6700A,10,1,0,0,12,1632,1892,1983
2023-09-27,"We were whisk-yed away by the fun had at Monkey Shoulder's Disco Nap at #totc2023! 🥃✨ From dance floor shenanigans to sipping on liquid grooves, it was a night of unforgettable beats and whisky treats.🕺💃🎶 

Photography: by Cory Fontenot

#MonkeyShoulder #DiscoNap #totc #TalesoftheCocktail2023 #totcf",https://scontent-fra5-1.xx.fbcdn.net/v/t39.30808-6/384115716_704345565057843_702946823521472065_n.jpg?stp=dst-jpg_s720x720&_nc_cat=100&ccb=1-7&_nc_sid=127cfc&_nc_ohc=R5kwIMZOzyQQ7kNvgHXE82L&_nc_ht=scontent-fra5-1.xx&edm=AKIiGfEEAAAA&_nc_gid=Af5AlwtCfIDQAtwUvdOGCJI&oh=00_AYDGQM1y_e9j5sYK-gW_1sgJb9Jc4tDDtSWzdvBzIcfbyQ&oe=66F68102,17,0,0,0,17,1133,1865,1914
2023-09-29,"Dive into the hidden truths about women in whisky by enjoying the ""Do You Even Like Whisky"" seminar from #totc2023! 🥃

This seminar explored some of the main challenges women in whisky face and the importance of an equitable industry for everyone. 🎥 Watch the seminar here: https://bit.ly/3t90pHH

#totc #TalesoftheCocktail2023 #totcf",https://scontent-fra3-1.xx.fbcdn.net/v/t39.30808-6/383850547_705577861601280_1905329489626822763_n.jpg?stp=dst-jpg_s720x720&_nc_cat=101&ccb=1-7&_nc_sid=127cfc&_nc_ohc=onfPXePZzPgQ7kNvgEAeYyu&_nc_ht=scontent-fra3-1.xx&edm=AKIiGfEEAAAA&_nc_gid=Af5AlwtCfIDQAtwUvdOGCJI&oh=00_AYBQyU2DyoHgh8HYUlu-P-jC0URBvCDON4nGrd4OFoF_4Q&oe=66F65FD3,2,0,0,0,3,328,506,535
2023-10-02,"In a recent Served Up - The Podcast episode, Eileen Wayner, Chief Executive Officer of Tales of the Cocktail Foundation, illuminated the essential role of education in the global beverage industry.🍹

She also shared how TOTCF is working to make beverage education more accessible worldwide while taking significant strides towards a more sustainable future for their conference and the industry as a whole.🌱

🎙️ Find Eileen's episode here: https://bit.ly/450b5FV

#totcf",https://external-fra5-1.xx.fbcdn.net/emg1/v/t13/13284571439161048689?url=https%3A%2F%2Fwww.southernglazers.com%2Fcontent%2Fdam%2Fweb%2Fphotos%2Fsg-corp-site-live%2Fhome%2Flogo.svg&fb_obo=1&utld=southernglazers.com&ccb=13-1&stp=dst-emg0_fr_q75&ur=50234c&_nc_sid=64c8fc&oh=06_Q3997vjGeJOyJ-UsPbUsHT2lXSgcCfCuTJSk3s8INVY5oNY&oe=66F27F8B,1,0,0,0,1,331,506,524
2023-10-03,"Tales of the Cocktail Foundation® (TOTCF) is pleased to announce the 2023 Grant Recipients: four exceptional organizations that were selected alongside The TOTCF’s Philanthropy & Development Committee through a thoughtful process that honors those who are making strides in bartender wellbeing and welfare.👏

🏆 Recipients include A Sip of Paradise Garden (Atlanta, Georgia), Equal Measures UK (London, UK), Giving Kitchen (Atlanta, Georgia) and Turning Tables (New Orleans, Louisiana).  Presented with Cointreau and supported by Edrington and Bulleit, $100,000 will be distributed amongst the four grant recipients. 

To learn more about the recipients and the Tales of the Cocktail Foundation Grant Program, click here: https://bit.ly/3PDCGqO

#TOTCFGrant2023 #TalesoftheCocktail2023 #totc2023",https://scontent-fra5-1.xx.fbcdn.net/v/t39.30808-6/385054331_707759134716486_7064004397636644299_n.jpg?_nc_cat=110&ccb=1-7&_nc_sid=127cfc&_nc_ohc=tD_PjUoxGAYQ7kNvgH7memR&_nc_ht=scontent-fra5-1.xx&edm=AKIiGfEEAAAA&_nc_gid=Af5AlwtCfIDQAtwUvdOGCJI&oh=00_AYCaN_3efVxnyprOVyiPIRip_EBBI9rsexowUaBFtY6vUA&oe=66F64FEB,2,0,0,0,3,828,1010,1049
2023-10-04,"We’re actually good - can't help it if we enjoy this 🎵Tilted Christine🎵 recipe from Panda & Sons  on #InternationalVodkaDay, inspired by the rhythms of Christine and the Queens!⬇️

🎶 House Infused Raspberry and Cacao Nib Grey Goose
🎶 Port of Leith Distillery Reserve Tawny Port
🎶 Smoked Pineapple
🎶 Lime
🎶 Gomme

TOTCF aims to support the worldwide cocktail community by sharing bartenders' creative concoctions & innovative recipes. Submit yours for an opportunity to be featured on our channels here: https://forms.gle/PjDunJWdgnEt7QnS9

#totcf",https://scontent-fra5-1.xx.fbcdn.net/v/t39.30808-6/386637835_708220364670363_7403539617647253199_n.jpg?stp=dst-jpg_s720x720&_nc_cat=110&ccb=1-7&_nc_sid=127cfc&_nc_ohc=-xZx6yR8otoQ7kNvgGaQExt&_nc_ht=scontent-fra5-1.xx&edm=AKIiGfEEAAAA&_nc_gid=Af5AlwtCfIDQAtwUvdOGCJI&oh=00_AYDJB4CHDOfhUkLmaRBe8it4f64LHIxk_AmM1KFY1WzgLQ&oe=66F674AE,3,0,1,0,3,1943,2193,2238
2023-10-06,"Through the 'Not All Heroes Wear Capes' seminar, discover how veterans in the hospitality industry have navigated starting a family AND building their successful careers!🦸  Also, learn how you, as a business owner or operator, can better support your staff with families.🌟

It's time to break the mold and provide practical best practices for our community to thrive in both their careers and homes.👏

🎥 To watch this seminar and other #totc2023 seminars, click here: https://bit.ly/3EH4kho

#totc #TalesoftheCocktail2023 #totcf",https://scontent-fra3-2.xx.fbcdn.net/v/t39.30808-6/387085612_709285884563811_6164240887647033403_n.jpg?stp=dst-jpg_s720x720&_nc_cat=104&ccb=1-7&_nc_sid=127cfc&_nc_ohc=TfI7RnPyeFIQ7kNvgExNv5M&_nc_ht=scontent-fra3-2.xx&edm=AKIiGfEEAAAA&_nc_gid=Af5AlwtCfIDQAtwUvdOGCJI&oh=00_AYBUDOr_cMVd7-VeCnCwliiuWnXgcHWTPeoP3j1J_Q-jcg&oe=66F67FDF,3,0,0,0,3,340,512,544
2023-10-07,"Cheers to another winning entry from the Libbey Maker's Cocktail Contest Experience at #totc2023!🍹 This cocktail was designed by Mitch Caddick using the Cidra Old Fashioned Rocks Beverage glass.

Find the Cidra Old Fashioned Rocks Beverage and other Libbey glasses here: https://bit.ly/3RVBzVU

#formakersbymakers #libbeypro",https://scontent-fra3-1.xx.fbcdn.net/v/t39.30808-6/385785930_709436687882064_5316987403324375084_n.jpg?stp=dst-jpg_p720x720&_nc_cat=105&ccb=1-7&_nc_sid=127cfc&_nc_ohc=KqyxX3Cmi3oQ7kNvgENq-2R&_nc_ht=scontent-fra3-1.xx&edm=AKIiGfEEAAAA&_nc_gid=Af5AlwtCfIDQAtwUvdOGCJI&oh=00_AYDNVYkGmwnSe3u_nD8PJ-rTaCdslkg3l5yWjHaAvNGJpg&oe=66F66B32,10,0,2,1,10,2645,3103,3180
2023-10-09,"Take a journey back to ""Suntory Time,"" where The House of Suntory brought Osaka to the Big Easy and #totc2023! 🥃 Swipe to relive the magic of a night filled with culture, cocktails, and celebration.✨

Photography by: Casey Joiner

#ExpressToOsaka #totc #TalesoftheCocktail2023 #totcf",https://scontent-fra5-2.xx.fbcdn.net/v/t39.30808-6/387821634_711115084380891_6264749341974234534_n.jpg?stp=dst-jpg_s720x720&_nc_cat=109&ccb=1-7&_nc_sid=127cfc&_nc_ohc=v9TXSpYU8YAQ7kNvgFJeRB_&_nc_ht=scontent-fra5-2.xx&edm=AKIiGfEEAAAA&_nc_gid=Af5AlwtCfIDQAtwUvdOGCJI&oh=00_AYAegeg4SdhdMpTGBYZHnOo6oZud34ttqf1Np_PuSbDing&oe=66F685A9,14,0,0,0,14,5352,5814,6319
2023-10-10,"PARADE Magazine recently featured Tales of the Cocktail among its '18 Can't-Miss Food Festivals, Cooking Events, and Cocktail Conferences to Hit This Year!' 🍸✨

Dive into the article and find out what makes our event a must-attend and the other events that made the list here: ",https://external-fra5-1.xx.fbcdn.net/emg1/v/t13/14716305708940633510?url=https%3A%2F%2Fparade.com%2F.image%2Ft_share%2FMTkwNTc4NjkwODM3OTgxMDUy%2Fyoung-woman-eating-pizza-at-festival.jpg&fb_obo=1&utld=parade.com&ccb=13-1&stp=dst-emg0_fr_q75&ur=50234c&_nc_sid=64c8fc&oh=06_Q399XKiwVRUecodL7uwYHTXNFxK6GN74LdTrZg8av670wz4&oe=66F25F1B,4,0,0,4,4,876,1159,1199
2023-10-19,"Announcing our 2023 Cocktail Apprentice BAR 5-Day™ Scholarship recipients:

🏆 Glenn Eldridge - Glenn Eldridge, Gin Portfolio Ambassador of Pernod Ricard Gulf Region, Dubai, U.A.E. and 2023 CAP Grey Coat & 2022 CAP Red Coat
🏆 Jacob Mentel - Brand Advocate for Coruscent, San Diego, CA and 2023 Grey Coat & 2022 Red Coat
🏆 Kai Lucas - Head Instructor of European Bartender School, Brooklyn, NY and 2023 CAP Red Coat
🏆 Leishla Maldonado - Beverage Director of Loma, Providence, RI and 2018 Red Coat

Through the Cocktail Apprentice BAR 5-Day™ Scholarship, recipients will attend The Beverage Alcohol Resource® (BAR®) 5-Day Program at The Culinary Institute of America in New York, where they will gain access to education, networking, and mentorship opportunities. This year, Maison Ferrand and Cointreau have partnered with Tales of the Cocktail Foundation to help support this year’s recipients in attending the program. 🥂

To learn more about the Cocktail Apprentice Program, visit: https://bit.ly/3M5tf28

#CAPRedCoat2024  #CAP2024 #totc2024 #TalesoftheCocktail2024 #totc2024 #totcf",https://scontent-fra3-2.xx.fbcdn.net/v/t39.30808-6/393798602_717572750401791_118147509541033654_n.jpg?_nc_cat=111&ccb=1-7&_nc_sid=127cfc&_nc_ohc=1sXMt3Bviy0Q7kNvgGBE1QN&_nc_ht=scontent-fra3-2.xx&edm=AKIiGfEEAAAA&_nc_gid=Af5AlwtCfIDQAtwUvdOGCJI&oh=00_AYCK0nFIQt0XZN1jk_kT0I7xybXoDPXgu9ljQlvuA3frYg&oe=66F64E67,8,0,0,0,10,2141,2474,2566
2023-10-24,"Discover what work-life balance looks like when you love what you do in this #totc2023 seminar, ""Finding Your Balance!"" 💼🌟 Our panel of passionate and (undeniably busy) industry professionals discussed how to harmonize your personal and professional life while staying true to your passion.

🎥 Watch this seminar and other #totc2023 seminars here: https://bit.ly/46fahyc

#totc #TalesoftheCocktail2023 #totcf",https://scontent-fra5-1.xx.fbcdn.net/v/t39.30808-6/395227745_720607043431695_1558224785321138200_n.jpg?stp=dst-jpg_s720x720&_nc_cat=102&ccb=1-7&_nc_sid=127cfc&_nc_ohc=Dy6gk6Cziy4Q7kNvgEXkXUb&_nc_ht=scontent-fra5-1.xx&edm=AKIiGfEEAAAA&_nc_gid=Af5AlwtCfIDQAtwUvdOGCJI&oh=00_AYDOis__cwNliDUWqwWePDKBsmdeSY__Sx1OXfiwhYXWGA&oe=66F670D7,5,0,0,0,6,349,531,549
2023-10-25,"Tales of the Cocktail is heading to Puerto Rico Cocktail Week 2023 to host two seminars on November 14! 🌎

Join industry experts leading the seminars including Eileen Wayner, CEO of Tales of the Cocktail Foundation, Claire Warner, Tales of the Cocktail Foundation Board Member, and Jennifer Contraveos, Director of Marketing for Lyre’s North America.

🍸 ""Why the Best Bars Choose No & Low"" will feature Jennifer Contraveos, Claire Warner, and Eileen Wayner as they discuss the importance of the non-alc space within the industry.

🍸 ""Get to Know Tales""  features Claire Warner and Eileen Wayner and invites you to explore the avenues of how you can participate in Tales of the Cocktail Foundation's programming throughout the year including the Cocktail Apprentice Program, Bartender Welfare & Well-Being Grant, and how to submit seminar proposals for Tales of the Cocktail.

Learn more and buy tickets to Puerto Rico Cocktail Week here: https://bit.ly/3F06vwH

#totc #TalesoftheCocktail #totc2023 #totcf #PRCW2023",https://scontent-fra5-2.xx.fbcdn.net/v/t39.30808-6/395163863_721314860027580_7161344888865881824_n.jpg?_nc_cat=107&ccb=1-7&_nc_sid=127cfc&_nc_ohc=HAIeUOXMqTcQ7kNvgGzOf2d&_nc_ht=scontent-fra5-2.xx&edm=AKIiGfEEAAAA&_nc_gid=Af5AlwtCfIDQAtwUvdOGCJI&oh=00_AYB3dWNIapPWH3B6lHg-EysPQ3A-ntYxy2SMpvDB31KxWA&oe=66F654B6,9,0,1,0,11,1823,2138,2160
2023-10-27,"Make your mark on #totc2024!🍹

You still have 1️⃣ month to submit your seminar proposal! Whether it’s a topic that discusses innovative techniques, conversations seeking to enhance the evolving needs of the industry, or insights that will help the community, we're eager to hear from you.✨

Start your seminar proposal now and submit your ideas by November 28 here ➡️ https://bit.ly/3RV84An

#totc #TalesoftheCocktail2024 #totcf",https://scontent-fra5-2.xx.fbcdn.net/v/t39.30808-6/395169719_722460716579661_6679211388980995636_n.jpg?_nc_cat=109&ccb=1-7&_nc_sid=127cfc&_nc_ohc=AXVuFH6JpXwQ7kNvgHRX2Es&_nc_ht=scontent-fra5-2.xx&edm=AKIiGfEEAAAA&_nc_gid=Af5AlwtCfIDQAtwUvdOGCJI&oh=00_AYB37o4GPYsNveZQnlneKJAh4WQOG32HebmkrU44s0_Qjg&oe=66F6859F,5,0,1,2,6,1292,1567,1615
2023-10-31,"🧙‍♀️Double, double, toil, and no more trouble this #Halloween with the 🔮Hexes for Your Exes🔮 recipe from Black Lagoon Pop-Up!⬇️

🔮 Lot 40
🔮 Lustau Blanco Vermouth
🔮 Chareau
🔮 Kiwi
🔮 Soda
🔮 Dash of Absinthe

TOTCF aims to support the worldwide cocktail community by sharing bartenders' creative concoctions & innovative recipes. Submit yours for an opportunity to be featured on our channels here: https://forms.gle/PjDunJWdgnEt7QnS9

#totcf",https://scontent-fra3-2.xx.fbcdn.net/v/t39.30808-6/398067721_724842149674851_1865933977695527628_n.jpg?stp=dst-jpg_s720x720&_nc_cat=104&ccb=1-7&_nc_sid=127cfc&_nc_ohc=d4CxR4RQ5EoQ7kNvgGbleer&_nc_ht=scontent-fra3-2.xx&edm=AKIiGfEEAAAA&_nc_gid=Af5AlwtCfIDQAtwUvdOGCJI&oh=00_AYD86ICVHnaywQEMYSFxhbKDLR___nvdz-7J53q4f9zcVQ&oe=66F680FD,4,0,0,0,4,2147,2376,2452
2023-11-07,"Honey, do we have your new favorite cocktail? Check out this 🍯Honeydew🍈 recipe from Rich Millwater at Eleven Madison Park!⬇️

🍹 Caribbean Rum
🍶 Shochu
🌼 Suze
🧡 Saffron
🌶️ Aji Amarillo
🌿 Lemongrass
🥒 Cucumber

📸: Evan Sung

TOTCF aims to support the worldwide cocktail community by sharing bartenders' creative concoctions & innovative recipes. Submit yours for an opportunity to be featured on our channels here: https://forms.gle/PjDunJWdgnEt7QnS9

#totcf",https://scontent-fra5-1.xx.fbcdn.net/v/t39.30808-6/400328821_728931285932604_174163237847083602_n.jpg?_nc_cat=110&ccb=1-7&_nc_sid=127cfc&_nc_ohc=menyR923vzsQ7kNvgGY8HVD&_nc_ht=scontent-fra5-1.xx&edm=AKIiGfEEAAAA&_nc_gid=Af5AlwtCfIDQAtwUvdOGCJI&oh=00_AYA153yNxdWgP3gFcLlDs9dIMrKVO7B6mT6G5DV5kqf9HA&oe=66F66B5D,7,2,1,0,9,2316,2591,2645
2023-11-08,"We're celebrating #IndigenousHeritageMonth with Danielle Goldtooth, a Dinè Mother, Mixologist, Farmer, and owner of Dii IINA. Join us as she delves into her remarkable journey of preserving Dinè agricultural heritage, promoting food sovereignty, and contributing to a brighter future for Indigenous communities.👏

🔗 Dive into her full feature here: https://bit.ly/3FO2rjG

 #totcf #totc2023heritagemonthseries",https://scontent-fra3-1.xx.fbcdn.net/v/t39.30808-6/400658054_729448712547528_3823960242906540839_n.jpg?_nc_cat=101&ccb=1-7&_nc_sid=127cfc&_nc_ohc=FaeQp6z5xIoQ7kNvgGmWww6&_nc_ht=scontent-fra3-1.xx&edm=AKIiGfEEAAAA&_nc_gid=Af5AlwtCfIDQAtwUvdOGCJI&oh=00_AYCrQU_z6HcMx-rFPWxEnnT1385lCw5_mKYBFMS1kAdTXw&oe=66F66F7D,8,0,2,1,9,2704,3444,3655
2023-11-09,"Hear from individuals from all aspects of the drink industry as they delve into inspiring stories and perspectives from people of color, while addressing how to uplift culture in various spaces. 🌟🍹

🎥 Watch this seminar and other #totc2023 sessions here: https://bit.ly/3ZVUiCY",https://scontent-fra3-1.xx.fbcdn.net/v/t39.30808-6/401106861_730157605809972_2460904673904914921_n.jpg?stp=dst-jpg_s720x720&_nc_cat=101&ccb=1-7&_nc_sid=127cfc&_nc_ohc=PQbL1f_TaTAQ7kNvgG1B24q&_nc_ht=scontent-fra3-1.xx&edm=AKIiGfEEAAAA&_nc_gid=Af5AlwtCfIDQAtwUvdOGCJI&oh=00_AYCblD3U2W1mmkwFzCje-vNbqpRKeXf-xIUQqtzRkPBnbA&oe=66F6653E,2,0,0,0,3,775,918,964
2023-11-14,"⬇️ Take a look at Raegan Gallagher’s creation using the Linear Coupe glass from the Libbey Maker's Cocktail Contest Experience at #totc2023!

Find the Linear Coupe and other Libbey glasses here: https://bit.ly/49ulKMB

#formakersbymakers #libbeypro",https://scontent-fra3-2.xx.fbcdn.net/v/t39.30808-6/401490518_732714258887640_7436968066010759945_n.jpg?stp=dst-jpg_p720x720&_nc_cat=111&ccb=1-7&_nc_sid=127cfc&_nc_ohc=eeo07xU3-fsQ7kNvgF1WnQ8&_nc_ht=scontent-fra3-2.xx&edm=AKIiGfEEAAAA&_nc_gid=Af5AlwtCfIDQAtwUvdOGCJI&oh=00_AYAQx3fgvSyHE9jQMdbhcazxngtlhZhF7tAQHiDlR-ExtQ&oe=66F65FB1,4,0,0,0,4,2006,2228,2293
2023-11-16,"Dive into the funky flavors and history of Jamaica Rum in our #totc2023 seminar 'Out of Many - One Rum'! 🥃 Join our panel as they discuss rum marques, aging processes, and why Jamaica Rum is taking on the world.🇯🇲

Groove on over and watch the seminar here: https://bit.ly/48R38pI

#totc #TalesoftheCocktail2023 #totcf",https://scontent-fra3-1.xx.fbcdn.net/v/t39.30808-6/401838067_733852415440491_6742701353246052116_n.jpg?stp=dst-jpg_s720x720&_nc_cat=103&ccb=1-7&_nc_sid=127cfc&_nc_ohc=hKXSn2s8-IkQ7kNvgEo7EST&_nc_ht=scontent-fra3-1.xx&edm=AKIiGfEEAAAA&_nc_gid=Af5AlwtCfIDQAtwUvdOGCJI&oh=00_AYAhS1pvcaa0NskfNVTUaMKDFQAVuUAKvVlQmRM-AuYFyg&oe=66F66717,0,0,0,0,0,776,886,886
2023-11-20,"Congratulations to Neal Bodenheimer, Tales of the Cocktail Foundation board member, who recently won VinePair’s Next Wave Award for Drinks Professional of the Year! 🥂

To learn about Neal's journey from a cocktail enthusiast to a global Drinks Professional of the Year, while aiding in the continued success of the Tales of the Cocktail Foundation, click the link below! ⬇️",https://external-fra5-1.xx.fbcdn.net/emg1/v/t13/12861341465592132677?url=https%3A%2F%2Fvinepair.com%2Fwp-content%2Fuploads%2F2023%2F10%2Fnext-wave-neal-bodenheimer-social.jpg&fb_obo=1&utld=vinepair.com&ccb=13-1&stp=dst-emg0_fr_q75&ur=50234c&_nc_sid=64c8fc&oh=06_Q399EBKdW6_S1ul16nQGCXD4OrKXUPV3olFsXD3uVvXuhjs&oe=66F27C1D,8,0,0,0,10,852,1031,1046
2023-11-21,"Jump into our #totc2023 seminar, 'Sales of the Cocktail: How 'Premiumisation' is Driving a Cocktail Boom,' to unlock the secrets of thriving in the drinks industry!🍹

Hear from our panel on the importance of cocktail and spirits innovation, the role education plays in guests' experience, and effective menu strategies to create premium experiences guests will pay more for.📣

Find this and other #totc2023 seminars here: https://bit.ly/46u7BNi

#totc #TalesoftheCocktail2023 #totcf",https://scontent-fra3-2.xx.fbcdn.net/v/t39.30808-6/404302188_736851111807288_5686824405369680746_n.jpg?stp=dst-jpg_s720x720&_nc_cat=111&ccb=1-7&_nc_sid=127cfc&_nc_ohc=KK1RrxGzbOwQ7kNvgEGJgnk&_nc_ht=scontent-fra3-2.xx&edm=AKIiGfEEAAAA&_nc_gid=Af5AlwtCfIDQAtwUvdOGCJI&oh=00_AYBlXT5ViaCszUA1JFqE6l6mq6gslNOIFr38KxCUkAHc1A&oe=66F678BF,0,0,0,1,0,734,864,900
2023-11-22,"We're fall-ing in love with this 🍁 Pumpkin Martini🍁 recipe from Parched Around the World!⬇️

🍁 1 ½ oz Vanilla Vodka
🍁 1 ½ oz Irish Cream Liqueur
🎃 1 ½ tbsp Pumpkin Puree
🎃 ¼ tsp Pumpkin Pie Spice
🍂 Rim: Graham cracker crumbs, brown sugar, and pumpkin pie spice

✨ Combine all ingredients in a cocktail shaker filled with ice. Shake until super cold and the pumpkin puree is well combined. Strain (or double strain for a thinner consistency) into a coupe glass rimmed with graham crackers, sugar, and spice.

TOTCF aims to support the worldwide cocktail community by sharing bartenders' creative concoctions & innovative recipes. Submit yours for an opportunity to be featured on our channels here: https://forms.gle/PjDunJWdgnEt7QnS9

#totcf",https://scontent-fra3-2.xx.fbcdn.net/v/t39.30808-6/404939084_737351528423913_9143773146595605044_n.jpg?_nc_cat=111&ccb=1-7&_nc_sid=127cfc&_nc_ohc=3LSQ8ccOJycQ7kNvgFFKaRP&_nc_ht=scontent-fra3-2.xx&edm=AKIiGfEEAAAA&_nc_gid=Af5AlwtCfIDQAtwUvdOGCJI&oh=00_AYDqvXXWFMO3g8Wleq_BHeaYo3ECA5OAEr_rSVD_AhbLeA&oe=66F67D2A,4,2,0,0,4,632,801,816
2023-11-26,"Only 4️⃣8️⃣ hours left to submit your #totc2024 seminar proposals!

Share your ideas on new spirits techniques, equity and inclusion, or business insights for an opportunity to be a part of the evolving needs of the hospitality industry. 

Submit your proposal by November 28 👉 https://bit.ly/3RV84An

#totc #TalesoftheCocktail2024 #totcf #totc2024seminarproposal",https://scontent-fra3-2.xx.fbcdn.net/v/t39.30808-6/405473402_737484548410611_4661842047752820745_n.jpg?_nc_cat=111&ccb=1-7&_nc_sid=127cfc&_nc_ohc=LczQGvryacYQ7kNvgFASYGZ&_nc_ht=scontent-fra3-2.xx&edm=AKIiGfEEAAAA&_nc_gid=Af5AlwtCfIDQAtwUvdOGCJI&oh=00_AYBCDoJ7OPaimcN4-I0604UBL0XpmtsM-XmdUlNddFlTnQ&oe=66F65448,0,0,0,0,0,1575,1739,1797
2023-11-27,"Raising our glasses to Nick Shea’s winning entry from the Libbey Maker's Cocktail Contest Experience at #totc2023! 🍹

You can find this Renewal Chisel Rocks glass and other Libbey products here: https://bit.ly/47HreSk

#formakersbymakers #libbeypro",https://scontent-fra5-1.xx.fbcdn.net/v/t39.30808-6/405095736_740065488152517_8709871234561327152_n.jpg?stp=dst-jpg_p720x720&_nc_cat=100&ccb=1-7&_nc_sid=127cfc&_nc_ohc=8QkHOEIMu-8Q7kNvgF-GjX6&_nc_ht=scontent-fra5-1.xx&edm=AKIiGfEEAAAA&_nc_gid=Af5AlwtCfIDQAtwUvdOGCJI&oh=00_AYBHIFhG5UD-BUAQKn9SVAaxlAjBl9tsOHEIZbY5M5NKCw&oe=66F66AA2,4,0,0,0,5,2335,2538,2624
2023-11-28,"Four Walls is a tribute to the bar and believes that bartenders are the center of communities. This #GivingTuesday and forever, 100% of the proceeds of this t-shirt will go to Tales of the Cocktail Foundation's Cocktail Apprentice Program. This program offers up-and-coming bartenders exclusive opportunities for scholarships, financial aid, and mentorship, to further support their growth within the industry. Shop at the link in bio.",https://scontent-fra5-1.xx.fbcdn.net/v/t39.30808-6/406509838_18401942785031014_8900620706518628106_n.jpg?stp=dst-jpg_s720x720&_nc_cat=110&ccb=1-7&_nc_sid=127cfc&_nc_ohc=MP9rGHqmjzsQ7kNvgGL2SEk&_nc_ht=scontent-fra5-1.xx&edm=AKIiGfEEAAAA&_nc_gid=Af5AlwtCfIDQAtwUvdOGCJI&oh=00_AYDvHZHQp64VOvw3COumi5inW406T8Jlz2eahALeWVZI3g&oe=66F66095,5,0,0,0,6,2648,2827,2920
2023-11-28,"🌟This Giving Tuesday, Tales of the Cocktail Foundation invites you to support our 2023 TOTCF Grant Recipients who are dedicated to enhancing the lives of working bartenders and service industry professionals. 

🌟 Join us in supporting:
A Sip of Paradise Garden: www.asipofparadisegarden.org 
Equal Measures UK: https://bit.ly/donate-equal-measures   
Giving Kitchen: bit.ly/GKGivingTuesday2023 
Turning Tables: https://secure.lglforms.com/form_engine/s/7N07u8Rlmu34vev6tV4Gww 

#TOTCFGrant2023 #TalesoftheCocktail2023 #totc2023",https://scontent-fra3-2.xx.fbcdn.net/v/t39.30808-6/406286365_740550914770641_2487290928506796282_n.jpg?_nc_cat=111&ccb=1-7&_nc_sid=127cfc&_nc_ohc=hdakH4jQC0kQ7kNvgFPZ2zG&_nc_ht=scontent-fra3-2.xx&edm=AKIiGfEEAAAA&_nc_gid=Af5AlwtCfIDQAtwUvdOGCJI&oh=00_AYDF8gfo7vWc371Kqgi2TpaLE8QUm_y2XCUC5oKOOnBImQ&oe=66F65A1B,1,0,1,0,1,1117,1294,1327
2023-11-28,"🚨SEMINAR PROPOSAL DEADLINE EXTENDED TO DECEMBER 1!🚨

Have an idea that will inspire spirits professionals? Let Tales of the Cocktail® be your platform to connect with the global cocktail community! Whether it’s a topic on new spirits techniques, equity and inclusion, or business insights — submit the seminar topics you want to see held at the world’s leading cocktail conference and be a part of evolving needs of the hospitality industry.

Submit a seminar proposal for Tales of the Cocktail 2024 by December 1, 2023 here 👉 https://bit.ly/3RV84An

#totc #TalesoftheCocktail2024 #totcf #totc2024seminarproposal",https://scontent-fra5-1.xx.fbcdn.net/v/t39.30808-6/406275164_740548824770850_3112864660975338622_n.jpg?_nc_cat=110&ccb=1-7&_nc_sid=127cfc&_nc_ohc=O94Ec3EgBBYQ7kNvgFS63K3&_nc_ht=scontent-fra5-1.xx&edm=AKIiGfEEAAAA&_nc_gid=Af5AlwtCfIDQAtwUvdOGCJI&oh=00_AYD9EXGyNl2dwbLqxprqUQxuBiTP4ZtVSX_NcDZCmLmT1g&oe=66F658DC,6,0,0,0,8,1547,1716,1716
2023-11-29,"Join us as we dive into the world of No & Low drinks in our 'Down to Business: How to Make No & Low Fly High' seminar! Discover insights from industry leaders on how progress equals profits and the importance of an alcohol-free menu for your business.

🎥 To watch this seminar and more from #totc2023, click here: https://bit.ly/3EPymiU

#totc2023 #totc #TalesoftheCocktail2023 #totcf",https://scontent-fra5-1.xx.fbcdn.net/v/t39.30808-6/405193349_741228668036199_1403360639286240582_n.jpg?stp=dst-jpg_s720x720&_nc_cat=102&ccb=1-7&_nc_sid=127cfc&_nc_ohc=fDIfGY29ij0Q7kNvgF_zr5X&_nc_ht=scontent-fra5-1.xx&edm=AKIiGfEEAAAA&_nc_gid=Af5AlwtCfIDQAtwUvdOGCJI&oh=00_AYBOBgpP0c48OSJBR8fZiyUK94HNj1mn5_-073yKzGE1vQ&oe=66F6830D,0,0,0,0,0,577,704,711
2023-11-29,"🪩 Da ba dee da ba di, we're sipping on this 🔵I'm Blue🔵 recipe from Marcello Cauda  (IG: @marcellocauda) and Giovanni Bruno (IG: @giovannibrunomix) at the Blue Bar at The Berkeley in London!⬇️

🔵 Grey-Goose Vodka 
🪩 Palette Roots, Everleaf Marine, Amarico
🔵 Longan & Passion Berries Shrub
🪩 Fever-Tree Grapefruit Soda
🔵 London Essence Peach & Jasmine Air
🪩 Passion Fruit Dust 
✨ Can be built with or without alcohol ✨
✨ Served in Kalinko handblown glassware✨

📸: Lateef Okunnu (IG: @lateef.photography)

TOTCF aims to support the worldwide cocktail community by sharing bartenders' creative concoctions & innovative recipes. Submit yours for an opportunity to be featured on our channels here: https://forms.gle/PjDunJWdgnEt7QnS9

#totcf",https://scontent-fra3-1.xx.fbcdn.net/v/t39.30808-6/405438688_741195231372876_6855726135861241877_n.jpg?stp=dst-jpg_p720x720&_nc_cat=103&ccb=1-7&_nc_sid=127cfc&_nc_ohc=xFnK9QENXokQ7kNvgFhXimV&_nc_ht=scontent-fra3-1.xx&edm=AKIiGfEEAAAA&_nc_gid=Af5AlwtCfIDQAtwUvdOGCJI&oh=00_AYB8DCuv-YxtgRAqaBzlLVGyA_EBxd6CyxQjBMdAsIXRDw&oe=66F6718A,7,5,1,1,11,2261,2625,2625
2023-11-30,"Tomorrow is your final chance to submit your #totc2024 seminar proposal to inspire, educate, and engage with the global bar community!🍹

⏰ Share your knowledge and ideas with the global bar community by submitting your proposal before midnight on December 1 here: https://bit.ly/3RV84An

#totc #TalesoftheCocktail2024 #totcf #totc2024seminarproposal",https://scontent-fra3-1.xx.fbcdn.net/v/t39.30808-6/405287325_741765467982519_2774270347294706225_n.jpg?_nc_cat=101&ccb=1-7&_nc_sid=127cfc&_nc_ohc=cMC-Qs8hVRQQ7kNvgFZUBMn&_nc_ht=scontent-fra3-1.xx&edm=AKIiGfEEAAAA&_nc_gid=Af5AlwtCfIDQAtwUvdOGCJI&oh=00_AYCSHi5xY3enlYX4rLJTaPuArsovMGaNpQhI1SAbLsD6yQ&oe=66F658A1,0,0,0,0,0,893,1054,1105
2023-12-01,"Start the month by sipping on the bright flavors of the ✨Arinato✨ recipe from Ivy Mix (IG: @ivymix), owner of Leyenda and author of Spirits of Latin America!⬇️

🍹 Mezcal Espadín
🍸 Lillet Blanc
🍷 Dolin Dry Vermouth
💛 Yellow Chartreuse
🍒 Luxardo Maraschino Liqueur
🌿 Peychaud’s Bitters
🍊 Grapefruit Twist for Garnish

📸: Shannon Sturgis

TOTCF aims to support the worldwide cocktail community by sharing bartenders' creative concoctions & innovative recipes. Submit yours for an opportunity to be featured on our channels here: https://forms.gle/PjDunJWdgnEt7QnS9

#totcf",https://scontent-fra5-2.xx.fbcdn.net/v/t39.30808-6/407291306_742262451266154_7399379356854941767_n.jpg?stp=dst-jpg_s720x720&_nc_cat=109&ccb=1-7&_nc_sid=127cfc&_nc_ohc=X2Ci0f9lM2sQ7kNvgHqfcqs&_nc_ht=scontent-fra5-2.xx&edm=AKIiGfEEAAAA&_nc_gid=Af5AlwtCfIDQAtwUvdOGCJI&oh=00_AYClONKqMTpBMjf1FUxi94AJ9Wh-gjnrjrRPc8bAv562rw&oe=66F672A1,1,0,0,0,1,1634,1875,1896
2023-12-05,"Tales of the Cocktail Foundation strives to educate, advance, and support the communities we touch, and one way we achieve this is through our grant-giving program. Through this grant program, we empower individuals, organizations, and non-profits who are driving positive change in the global hospitality industry.✨

Are you working on projects or programs that support bartenders’ welfare and well-being? Apply for a grant from Tales of the Cocktail Foundation! The Foundation is now accepting grant proposals for projects that improve the lives of bartenders in the areas of:

👉 Diversity & Equity
👉 Healthcare
👉 Mental Health
👉 Education
👉 Advocacy
👉 Workplace Inclusivity & Safety
👉 Other topics that focus on bartender well-being and welfare will be considered.
 
Applicants can be individuals, organizations, or 501(c)3 non-profits. Grant proposals are due on Feb. 16, 2024. Start your grant proposal by submitting a Letter of Intent here: https://bit.ly/3gCHC1o 

#totc2024 #TalesoftheCocktail2024 #totc2024 #totcf #TOTCFGrant2024",https://scontent-fra3-2.xx.fbcdn.net/v/t39.30808-6/408242967_744601551032244_9118897171603494270_n.jpg?_nc_cat=104&ccb=1-7&_nc_sid=127cfc&_nc_ohc=9_uoAlwrp58Q7kNvgGEo___&_nc_ht=scontent-fra3-2.xx&edm=AKIiGfEEAAAA&_nc_gid=Af5AlwtCfIDQAtwUvdOGCJI&oh=00_AYAw0IeNt_1T8OLvmdzG_L1RaaBu7Ms2Axy-Ycck6RAAHA&oe=66F660E8,1,0,0,0,2,589,753,774
2023-12-06,"The 2024 Most Imaginative Bartender semi-finalists shook up a glorious time in D.C. with their original Bombay Sapphire cocktails! From electrifying flavors to inspiring presentations, each finalist brought their unique talents to the competition.🔥

Out of the semi-finalists, 12 were selected to move forward in the competition to the 2024 MIB Finals in April. These 12 finalists will also enjoy a trip to the Bombay Sapphire Distillery at Laverstoke Mill in Hampshire, England.🍹

Congratulations to the finalists:
🏆 Nicholas Alpi
🏆 Dylan Brentwood
🏆 Chris Marek
🏆 Liz Kalles
🏆 Elise Hanson
🏆 Jessie Yoskin
🏆 Ricardo Rodriguez
🏆 Erin Birmingham
🏆 Linda Douglas
🏆 Bianca Cerise
🏆 Bridget Ramsey
🏆 Daddy Longlegs

#MIB2024",https://scontent-fra3-1.xx.fbcdn.net/v/t15.5256-10/401566276_913407266870457_8677028814273493785_n.jpg?_nc_cat=105&ccb=1-7&_nc_sid=7965db&_nc_ohc=uMo170_fvO0Q7kNvgE6Utnv&_nc_ht=scontent-fra3-1.xx&edm=AKIiGfEEAAAA&_nc_gid=Af5AlwtCfIDQAtwUvdOGCJI&oh=00_AYC5jnmrvr9L1kezE1TjUrT1umQM43vhFUduL7hu50snZQ&oe=66F65C69,4,0,0,0,4,595,886,893
2023-12-07,"Get ready to shake things up with Tales of the Cocktail Foundation in Good, Clean Fun - The Espresso Martini Competition, sponsored by Absolut and Kahlúa ☕🍸

This national, trade-focused program features a skills-based competition, challenging participants to make 4 Espresso Martinis as fast and clean as they can. And what's at stake? The grand prize is an educational trip to Absolut Akademi in the brand's home, Sweden! 🇸🇪✈️ 

Ready for some good, clean fun? Sign up before January 3 to compete at a local event near you: https://bit.ly/48aJuUt

#GoodCleanFun",https://scontent-fra5-2.xx.fbcdn.net/v/t39.30808-6/408866992_745832824242450_7379858488407700506_n.jpg?stp=dst-jpg_s720x720&_nc_cat=106&ccb=1-7&_nc_sid=127cfc&_nc_ohc=P5b5GR2p-lQQ7kNvgErxeVj&_nc_ht=scontent-fra5-2.xx&edm=AKIiGfEEAAAA&_nc_gid=Af5AlwtCfIDQAtwUvdOGCJI&oh=00_AYD-faD4qdPxMw88O6W53aTLcYcMkGVfjC2vY0U1uuiPdg&oe=66F66E02,4,0,1,0,4,1448,1795,1795
2023-12-08,"🌟 Do you want your content to stand out and gain recognition from media outlets but are unsure where to begin?

In our #totc2023 seminar, ""How to Get Featured in Top National Media,"" a panel of media experts, including Michael Anstendig, Kelly McCarthy, Tim Chan, Brad Japhe, Hanna Lee, and Margarita Sáder, delved into the secrets of storytelling, the role of social media in building your brand, and what they look for in content.🔍

To watch the seminar, click here ➡️ https://bit.ly/46iiwcW

#totc #TalesoftheCocktail2023 #totcf",https://scontent-fra3-1.xx.fbcdn.net/v/t39.30808-6/408971108_746366497522416_3553877297772636493_n.jpg?stp=dst-jpg_s720x720&_nc_cat=105&ccb=1-7&_nc_sid=127cfc&_nc_ohc=xIiyq5BMGRgQ7kNvgEjDgDg&_nc_ht=scontent-fra3-1.xx&edm=AKIiGfEEAAAA&_nc_gid=Af5AlwtCfIDQAtwUvdOGCJI&oh=00_AYBPaYRGhm-iewpxDWiGvXQV8UrqWlwcKMMBSuKHPIH54w&oe=66F666EE,1,0,0,0,1,639,764,764
2023-12-11,"Ride the flavors of this 🌊Tasty Waves🌊 recipe from Danny Garcia (IG: @dannyboygarcia) at Lady Jane in Denver, CO!🌊⬇️

🌊 Hendrick's Gin
🌊 SG Shochu ""Kome"" Shochu
🌊 Pandan
🌊 Lemongrass
🌊 Coconut Water
🌊 Lime Solution
🌊 Forced Carbonation

TOTCF aims to support the worldwide cocktail community by sharing bartenders' creative concoctions & innovative recipes. Submit yours for an opportunity to be featured on our channels here: https://forms.gle/PjDunJWdgnEt7QnS9

#totcf",https://scontent-fra5-2.xx.fbcdn.net/v/t39.30808-6/409921513_748078014017931_5435951871512181700_n.jpg?stp=dst-jpg_p720x720&_nc_cat=106&ccb=1-7&_nc_sid=127cfc&_nc_ohc=wUp3KJYFnAgQ7kNvgH0lI0h&_nc_ht=scontent-fra5-2.xx&edm=AKIiGfEEAAAA&_nc_gid=Af5AlwtCfIDQAtwUvdOGCJI&oh=00_AYDlRLxOTSkP10ktLwnbUVxO7khsfAbJ4OGNCH4x7AKMMg&oe=66F657C9,2,2,0,0,2,1725,1943,1943
2023-12-12,"Embark through the sap spirits industry in our #totc2023 seminar, 'Spirits of the Trees: Acerum, Arrack, and Ogogoro!' Our panel of sap industry producers takes participants through the history, production, and flavors of Sri Lanka's arrack, Nigeria's ogogoro, and Quebec's acerum. 🍹🌿

🎥 Watch the seminar now and learn about this hidden world of sap spirits here: https://bit.ly/47pJ7Ff

#totc #TalesoftheCocktail2023 #totcf",https://scontent-fra5-1.xx.fbcdn.net/v/t39.30808-6/409675303_748626227296443_9201368142283936806_n.jpg?stp=dst-jpg_s720x720&_nc_cat=102&ccb=1-7&_nc_sid=127cfc&_nc_ohc=wui3Mb2m1DMQ7kNvgGUjZZJ&_nc_ht=scontent-fra5-1.xx&edm=AKIiGfEEAAAA&_nc_gid=Af5AlwtCfIDQAtwUvdOGCJI&oh=00_AYB6j4dFvckGyHpee7jxJK78n8JG1-J1eTB9R0uH9ptoQw&oe=66F64F69,1,0,0,0,1,638,747,749
2023-12-14,"The final winning entry from the Libbey Maker's Cocktail Contest Experience at #totc2023 is Ashley Walton's creation using the Bourbon Cocktail glass!🍹 Cheers to all five winners for their incredible cocktail creations.

Find the Bourbon Cocktail and other Libbey glasses here: https://bit.ly/3Tr00LR

#formakersbymakers #libbeypro",https://scontent-fra5-1.xx.fbcdn.net/v/t39.30808-6/409844592_749900437169022_7328367533657810616_n.jpg?stp=dst-jpg_p720x720&_nc_cat=100&ccb=1-7&_nc_sid=127cfc&_nc_ohc=yhtPHylqujAQ7kNvgEelfc3&_nc_ht=scontent-fra5-1.xx&edm=AKIiGfEEAAAA&_nc_gid=Af5AlwtCfIDQAtwUvdOGCJI&oh=00_AYCmKQ7R_fvnXBndta8rc7eVhI9lNrllXz8NJscbrzmcDA&oe=66F65FAC,4,0,0,0,4,1677,1910,1915
2023-12-15,"🚨THE 2024 CAP RED COAT APPLICATIONS ARE NOW OPEN!🚨

Bartenders from around the globe are invited to apply for the Cocktail Apprentice Program! This mentorship initiative offers a unique opportunity to learn alongside industry pros during the #totc conference.🍹 Join the ranks of over 500 bartenders who have gained extensive experience managing and providing service at large-scale events.

🔗 Become a part of the next chapter in the Cocktail Apprentice Program's history by applying by February 1 here: https://bit.ly/3G1c51I

#CAPRedCoat2024 #CAP2024 #TalesoftheCocktail2024 #totc2024",https://scontent-fra3-2.xx.fbcdn.net/v/t39.30808-6/411273486_750423670450032_7435890554852748359_n.jpg?_nc_cat=104&ccb=1-7&_nc_sid=127cfc&_nc_ohc=3AqOooodUaEQ7kNvgGHVI9N&_nc_ht=scontent-fra3-2.xx&edm=AKIiGfEEAAAA&_nc_gid=Af5AlwtCfIDQAtwUvdOGCJI&oh=00_AYB4WB2PTpnMbNpxcFxL2lg09JeZxZObxbqmYSi9DgAj9w&oe=66F65FBA,4,0,2,4,4,1351,1597,1664
2023-12-19,"11 mentors, 11 stories, 1 seminar! The 'A Mob of Mentors' #totc2023 seminar was a celebration of mentorship, proving that age doesn't define a mentor.🍹

In the Pecha Kucha format (a presentation method of 20 slides shown for 20 seconds each), hear from industry professionals sharing their insights and stories on the transformative power of mentorship.

🎥 Discover the true meaning of mentorship and your own power as a mentor here: https://bit.ly/46vYP1u

#totc #TalesoftheCocktail2023 #totcf",https://scontent-fra5-2.xx.fbcdn.net/v/t39.30808-6/411873010_753006206858445_7322549025444041919_n.jpg?stp=dst-jpg_s720x720&_nc_cat=107&ccb=1-7&_nc_sid=127cfc&_nc_ohc=yVm0_0_s8lYQ7kNvgHegTFO&_nc_ht=scontent-fra5-2.xx&edm=AKIiGfEEAAAA&_nc_gid=Af5AlwtCfIDQAtwUvdOGCJI&oh=00_AYC2Y2DIKcmJq6zH0oLdb9utYWmHX6hdr7nca5o0vAD6rw&oe=66F679D5,1,0,0,0,1,736,866,878
2023-12-20,"Santa's favorite what to unwind after a busy day?🎅 This 🎄Paloma Navidad🎄 recipe from Katana Kitten in New York, NY!⬇️

🎄 Espolòn Tequila
🎄 Holiday Pina-Banana Cordial
🎄 Lime
🎄 Thai Chili
🎄 Dale’s Pimento Bitters
🎄 Cinnamon Salt

📸: Jordis Unga

TOTCF aims to support the worldwide cocktail community by sharing bartenders' creative concoctions & innovative recipes. Submit yours for an opportunity to be featured on our channels here: https://forms.gle/PjDunJWdgnEt7QnS9

#totcf #holidaycocktails",https://scontent-fra3-1.xx.fbcdn.net/v/t39.30808-6/410274053_753693893456343_6802478568345527712_n.jpg?stp=dst-jpg_p720x720&_nc_cat=103&ccb=1-7&_nc_sid=127cfc&_nc_ohc=PbJBfixQOU4Q7kNvgHaWH85&_nc_ht=scontent-fra3-1.xx&edm=AKIiGfEEAAAA&_nc_gid=Af5AlwtCfIDQAtwUvdOGCJI&oh=00_AYAv4GGS0wqb9FmiqpTb5ShYybAm4lVWtjhvMxvXpILa3Q&oe=66F65CF9,6,1,1,0,6,1730,1951,1962
2023-12-21,"🍹TOTCF's Sustainable Cocktail Challenge, sponsored by Flor de Caña, shook up some sustainable sips at the Key City Competitions!

🌿 Bartenders worldwide created cocktails using sustainable ingredients and techniques for the chance to win $10,000 and the title of ‘Flor de Caña World's Most Sustainable Bartender.’ Each of the finalists' creations told a story of innovation, responsibility, and a shared vision for a greener future.

🏆 Stay tuned to see the fun we mix up at the Global Final in Nicaragua this February! 🌎 

#FlordeCaña #FlordeCanaSustainableCocktailChallenge2024 #SustainableChallenge",https://scontent-fra3-1.xx.fbcdn.net/v/t39.30808-6/411927972_754328273392905_411053883751468943_n.jpg?stp=dst-jpg_s1080x2048&_nc_cat=105&ccb=1-7&_nc_sid=127cfc&_nc_ohc=A3Rdg404cA4Q7kNvgFyKf3m&_nc_ht=scontent-fra3-1.xx&edm=AKIiGfEEAAAA&_nc_gid=Af5AlwtCfIDQAtwUvdOGCJI&oh=00_AYC26DgLwAtMtlzFjAkrX06pwZ4NbKAhVDB3OXDqrj5aug&oe=66F685E5,12,0,0,0,13,3543,4120,4605
2023-12-22,"Hear from industry pros in the #totc2023 seminar, 'Thirst Trap,' on how the No & Low movement ties into inclusivity, hospitality, and psychology, and discover how you can future-proof No & Low into your spaces and menus.

🎥 To watch this seminar and other #totc2023 seminars, visit: https://bit.ly/48XzHCm

#totc #TalesoftheCocktail2023 #totcf",https://scontent-fra3-2.xx.fbcdn.net/v/t39.30808-6/413029552_754583393367393_6600350988483613185_n.jpg?stp=dst-jpg_s720x720&_nc_cat=104&ccb=1-7&_nc_sid=127cfc&_nc_ohc=CX2Ba7kKHzQQ7kNvgHTzgTA&_nc_ht=scontent-fra3-2.xx&edm=AKIiGfEEAAAA&_nc_gid=Af5AlwtCfIDQAtwUvdOGCJI&oh=00_AYAUDVZ5x-fhs36PptmtYxhIH2lfjgZHdSklvyfihmktgA&oe=66F650BD,0,0,0,0,0,620,747,763
2023-12-24,"Celebrate #NationalEggnogDay with this egg-cellent ✨Eggnog✨ recipe from Keily Dias (IG: @the.tipsy.adventure_)!⬇️

✨ 6 cl of Egg Liqueur 
✨ 6 cl of Dark Rum
✨ 1 Tbsp. of Vanilla
✨ 1 Tsp. of Cinnamon
✨ 1/2 tsp. of Nutmeg
✨ Milk Froth
✨ Brown Sugar 
✨ Cinnamon Stick

📸: Keily Dias

TOTCF aims to support the worldwide cocktail community by sharing bartenders' creative concoctions & innovative recipes. Submit yours for an opportunity to be featured on our channels here: https://forms.gle/PjDunJWdgnEt7QnS9

#totcf #holidaycocktails #ChristmasEve",https://scontent-fra5-1.xx.fbcdn.net/v/t39.30808-6/412984785_754586673367065_249823443386088397_n.jpg?stp=dst-jpg_p720x720&_nc_cat=102&ccb=1-7&_nc_sid=127cfc&_nc_ohc=2JjFqUtWJdYQ7kNvgG5h3UT&_nc_ht=scontent-fra5-1.xx&edm=AKIiGfEEAAAA&_nc_gid=Af5AlwtCfIDQAtwUvdOGCJI&oh=00_AYCr9yt0BwcnLMBqicfyytig6BA7y-BZ5HIkxvxjp73HzQ&oe=66F678FF,4,1,0,0,6,1801,2055,2082
2023-12-28,"Explore the New World Whiskey category in this #TOTC2023 seminar! 🥃 These hidden gems showcase a unique spin by harnessing innovation while authentically reflecting their local environment and culture.

🌍 To learn more about the diversity, innovation, and rich heritage that global whisky makers are bringing to the industry, watch the seminar here: https://bit.ly/485R5Uh

#totc #TalesoftheCocktail2023 #totcf",https://scontent-fra3-1.xx.fbcdn.net/v/t39.30808-6/413800204_754589390033460_8159229693841774919_n.jpg?stp=dst-jpg_s720x720&_nc_cat=103&ccb=1-7&_nc_sid=127cfc&_nc_ohc=MZLnTFEBRHUQ7kNvgEOsR6U&_nc_ht=scontent-fra3-1.xx&edm=AKIiGfEEAAAA&_nc_gid=Af5AlwtCfIDQAtwUvdOGCJI&oh=00_AYBLryRf5OxAGl2hHwF2S1ZoG1U_FLZpGbQ3rpXNnQYy5g&oe=66F683A2,3,0,0,0,3,975,1121,1121
2023-12-31,"This ✨Iridescent✨ recipe from Le Chick Miami in Miami, FL will make the whole place shimmer!⬇️

May your new year be filled with unforgettable moments and incredible cocktails!🍹

✨ATIAN Gin
✨Luxardo Bitter
✨Rockey’s Botanical
✨Apricot
✨Bubbles

TOTCF aims to support the worldwide cocktail community by sharing bartenders' creative concoctions & innovative recipes. Submit yours for an opportunity to be featured on our channels here: https://forms.gle/PjDunJWdgnEt7QnS9

#totcf #NYE",https://scontent-fra3-2.xx.fbcdn.net/v/t39.30808-6/413034077_754589826700083_7643330351789816237_n.jpg?stp=dst-jpg_p720x720&_nc_cat=104&ccb=1-7&_nc_sid=127cfc&_nc_ohc=D4Q6KaPTSM8Q7kNvgH5Yuv1&_nc_ht=scontent-fra3-2.xx&edm=AKIiGfEEAAAA&_nc_gid=Af5AlwtCfIDQAtwUvdOGCJI&oh=00_AYBlilKP-5XCxOFVqdk59W0jXpu0pkGk0oLOvJiksQ_ZPg&oe=66F6750D,5,0,1,0,5,2132,2368,2368
2024-01-01,"Start 2024 and #NationalBloodyMaryDay right with this 🍅Bloody Mary🍅 recipe from Social Misfits with direction from Lauren O'Brien!⬇️

🍅 GypsySpirits Vodka
🍅 Tomato
🌶️ Chili
🍋 Lemongrass
🍅 Lime
🍅 Ponzu
🌶️ Siracha
🍋 Onion
🍅 Wasabi
🍅 Cornichon
🌶️ Furikake Salt Rim

TOTCF aims to support the worldwide cocktail community by sharing bartenders' creative concoctions & innovative recipes. Submit yours for an opportunity to be featured on our channels here: https://forms.gle/PjDunJWdgnEt7QnS9

#totcf",https://scontent-fra5-2.xx.fbcdn.net/v/t39.30808-6/416710764_761175322708200_1506263783685239283_n.jpg?stp=dst-jpg_p720x720&_nc_cat=107&ccb=1-7&_nc_sid=127cfc&_nc_ohc=fkfDX74peu0Q7kNvgE7DqoK&_nc_ht=scontent-fra5-2.xx&edm=AKIiGfEEAAAA&_nc_gid=Af5AlwtCfIDQAtwUvdOGCJI&oh=00_AYCkQJNoyo7CY7WId1YE-en2v0FPesQjtYh5uspYQp1qOQ&oe=66F659D7,9,1,2,1,10,2457,3589,3589
2024-01-02,"Just popping in to say we miss your smiling faces!😄 Who's going to be your #totc2024 squad? Tag them below!⬇️

And mark your calendars for January 9 as we unveil the Tales of the Cocktail 2024 dates and theme!🗓️

Photography by: James French, Cory Fontenot, Joseph Vidrine",https://scontent-fra3-1.xx.fbcdn.net/v/t39.30808-6/416710915_761532079339191_4883759446929937308_n.jpg?stp=dst-jpg_s720x720&_nc_cat=108&ccb=1-7&_nc_sid=127cfc&_nc_ohc=oMR5vAdo91IQ7kNvgGLtk0w&_nc_ht=scontent-fra3-1.xx&edm=AKIiGfEEAAAA&_nc_gid=Af5AlwtCfIDQAtwUvdOGCJI&oh=00_AYAtmTj5c-nOyYVLOIl3VmCBGJAEWyspMEG4sl70z2di-w&oe=66F660C7,4,0,0,0,4,2307,2556,2840
2024-01-04,"Can we hear a little commotion for the dazzling flavors at #TalesoftheCocktail2023?🍹 From tantalizing tiki blends to elegant craft concoctions, every sip was a masterpiece in a glass.

Who's ready for #totc2024??🎉

Photography by: James French, Joseph Vidrine, Bryan Tarnowski, Rush Jagoe

#totc2024 #totc #totcf",https://scontent-fra3-1.xx.fbcdn.net/v/t39.30808-6/416706270_761573976001668_3005127721156426933_n.jpg?stp=dst-jpg_s720x720&_nc_cat=103&ccb=1-7&_nc_sid=127cfc&_nc_ohc=uj5Oxat4aPsQ7kNvgFA3nOr&_nc_ht=scontent-fra3-1.xx&edm=AKIiGfEEAAAA&_nc_gid=Af5AlwtCfIDQAtwUvdOGCJI&oh=00_AYALGqSSdKz0yRCmj1_ZzvTQiQwdCHkbOLJLOo2SdSBVlw&oe=66F6718F,30,0,2,0,34,7035,7764,8065
2024-01-08,"Anyone in the mood for dessert? 🥧 Satisfy your sweet tooth with this 🍑Peach Mango Pie🥭 recipe from Dominique Jackson, Beverage Director of Khla cocktail bar in Phoenix, AZ, USA! ⬇️

1.50 oz Soto Daiginjo Sake
.75 oz Fords Gin 
.25 oz Giffard Peche
.75 oz Liquid Alchemist Mango 
1 oz Fresh Lemon Juice
Topped with Fever Tree Mediterranean Tonic

TOTCF aims to support the worldwide cocktail community by sharing bartenders' creative concoctions & innovative recipes. Submit yours for an opportunity to be featured on our channels here: https://forms.gle/PjDunJWdgnEt7QnS9 

#totcf #PhoenixBars #SoutheastAsia",https://scontent-fra3-1.xx.fbcdn.net/v/t39.30808-6/415052364_763434112482321_4450519787800451504_n.jpg?stp=dst-jpg_p720x720&_nc_cat=101&ccb=1-7&_nc_sid=127cfc&_nc_ohc=9-cmJgJLwukQ7kNvgF5r5yz&_nc_ht=scontent-fra3-1.xx&edm=AKIiGfEEAAAA&_nc_gid=Af5AlwtCfIDQAtwUvdOGCJI&oh=00_AYDVVrF4cojvUqFZknrakqHk1vym7M_zUA5e2at79-2kFg&oe=66F6674E,6,0,0,0,6,1855,2170,2175
2024-01-09,"Mark your calendars! #TalesoftheCocktail2024 has its official dates and theme!🥂
⁠
Join us on July 21-26, 2024, in New Orleans, where our 2024 theme ✨ Inspire ✨ aims to entice and challenge the global drinks industry to embrace future thinking. ⁠⁠
 
Tickets will be on sale on #WorldCocktailDay, May 13, 2024!🍸 
 
#totc2024 #totc #totcf",https://scontent-fra5-1.xx.fbcdn.net/v/t39.30808-6/417434226_763439485815117_6834576117108373484_n.jpg?stp=dst-jpg_s720x720&_nc_cat=110&ccb=1-7&_nc_sid=127cfc&_nc_ohc=4jhdSjefkBQQ7kNvgH3fSyu&_nc_ht=scontent-fra5-1.xx&edm=AKIiGfEEAAAA&_nc_gid=Af5AlwtCfIDQAtwUvdOGCJI&oh=00_AYBWVi5oXelFKtSWuF1jGrPOyDdwoxTHbQKgISZaFyzCRA&oe=66F67D32,14,0,0,0,19,1775,2060,2071
2024-01-10,"Checking in to Tales of the Cocktail 2024?🛎️ Book your stay at The Ritz-Carlton, New Orleans , the host hotel and conference venue for #TalesoftheCocktail2024!
⁠
Event attendees are invited to secure their luxury hotel rooms and suites early, as the last day to book is Monday, June 24, 2024 (pending availability). Find yourself only floors above the global cocktail conference by booking your stay here: https://talesofthecocktail.org/events-book-hotel/ 

#totc2024 #totc #totcf #RitzCarltonNewOrleans",https://scontent-fra5-2.xx.fbcdn.net/v/t39.30808-6/417562712_763441899148209_3461079972589500672_n.jpg?stp=dst-jpg_p720x720&_nc_cat=109&ccb=1-7&_nc_sid=127cfc&_nc_ohc=3tH5rH69YuMQ7kNvgFWNlPf&_nc_ht=scontent-fra5-2.xx&edm=AKIiGfEEAAAA&_nc_gid=Af5AlwtCfIDQAtwUvdOGCJI&oh=00_AYBbAKyJrZ8bqIXwj2s42NUn1TStIXK5Fe-zzadty2-ckg&oe=66F65C84,2,0,1,3,3,1202,1430,1465
2024-01-11,"Join Tales of the Cocktail Foundation for Halfway to Tales on January 22, 2024, at Latrobe's On Royal! New Orleans bartenders and members of the spirits industry are welcome to attend this free day of seminars and an industry Happy Hour and Townhall, in partnership with Moët Hennessy 🥃
⁠ 
Come raise a glass to toast the halfway point for Tales of the Cocktail 2024, which will take place, July 21-26, 2024, in New Orleans!

✍️ Space is limited. Learn more and reserve your free spot here: https://talesofthecocktail.org/events/halfway-to-tales/

#totc2024 #totc #TalesoftheCocktail2024",https://scontent-fra5-1.xx.fbcdn.net/v/t39.30808-6/418299608_765704552255277_637408386212733454_n.jpg?stp=dst-jpg_s720x720&_nc_cat=100&ccb=1-7&_nc_sid=127cfc&_nc_ohc=UTH5Ypy7U_4Q7kNvgF3zEV3&_nc_ht=scontent-fra5-1.xx&edm=AKIiGfEEAAAA&_nc_gid=Af5AlwtCfIDQAtwUvdOGCJI&oh=00_AYBMj8bXvMPJ_omu8heHBKgKeTT1KdqNPlUi7QU5OCpg0A&oe=66F6500F,6,0,1,2,9,1599,1862,2076
2024-01-12,"Each year, Tales of the Cocktail Foundation’s Cocktail Apprentice Program® selects bartenders from around the globe to be a part of the new class of Cocktail Apprentices!🍸 This freshman class will assist in high-volume cocktail batching for seminars and tasting rooms as well as receive mentorship by working alongside some of the best in the drinks industry during #TalesoftheCocktail2024 🥂

Join the #CAPRedCoat2024 class here: https://talesofthecocktail.org/initiatives/cocktail-apprentice-program/

#CAP2024 #totc2024 #totcf",https://scontent-fra3-1.xx.fbcdn.net/v/t15.5256-10/417297900_397482642715078_5470996502945038246_n.jpg?_nc_cat=101&ccb=1-7&_nc_sid=7965db&_nc_ohc=xVWMtEIq4ysQ7kNvgGgJwW3&_nc_ht=scontent-fra3-1.xx&edm=AKIiGfEEAAAA&_nc_gid=Af5AlwtCfIDQAtwUvdOGCJI&oh=00_AYA2VQM5C89kejQ0u8Vz9r5TmKQiblSnjfYulxOxbnX-aA&oe=66F64F8D,4,1,0,1,4,643,931,950
2024-01-15,"Summer may be a ways away, but that won't stop us from enjoying this refreshing ⛅️Cloudbusting⛅️ recipe from Breanne Lotz, Manager & Bartender at The Blind Elephant ⬇️

🍸1.5 oz Absolut
🥂.5 oz Bonal Gentiane-Quina
🌤.5 oz White Miso Infused Dolin Dry Vermouth 
🌸.75 oz Cherry Blossom Syrup 
✨.75 oz Aquafaba
💚.5 oz Lime Juice

TOTCF aims to support the worldwide cocktail community by sharing bartenders' creative concoctions & innovative recipes. Submit yours for an opportunity to be featured on our channels here:

#totcf #wilmingtonnc",https://scontent-fra3-1.xx.fbcdn.net/v/t39.30808-6/418181524_765726382253094_839795310452778008_n.jpg?stp=dst-jpg_p720x720&_nc_cat=103&ccb=1-7&_nc_sid=127cfc&_nc_ohc=eGm0VshY4_kQ7kNvgHfoXxX&_nc_ht=scontent-fra3-1.xx&edm=AKIiGfEEAAAA&_nc_gid=Af5AlwtCfIDQAtwUvdOGCJI&oh=00_AYC-gluz8AYSOGlGkC-Sr4Fh_PNxMkYSPUENpU6OFfrv8g&oe=66F66E89,8,0,1,0,8,2052,2354,2392
2024-01-16,"We're on a mission to aid in the welfare + well being of bartenders and service workers across the globe. ✨ We're accepting grant proposals for projects that improve the lives of bartenders and hospitality workers in the areas of equity, mental health services, and more!  ⁠
⁠
🗓️ Submissions will close one month from today — February 16, 2024. Join in our mission by submitting a grant proposal here: https://talesofthecocktail.org/initiatives/philanthropy/ 
⁠
#TOTCFGrant2024 #totc2024 #TalesoftheCocktail2024 #totcf",https://scontent-fra3-2.xx.fbcdn.net/v/t39.30808-6/418936300_765797878912611_2154911624643078359_n.jpg?stp=dst-jpg_s720x720&_nc_cat=111&ccb=1-7&_nc_sid=127cfc&_nc_ohc=_KUpsn50H6cQ7kNvgF4Qlse&_nc_ht=scontent-fra3-2.xx&edm=AKIiGfEEAAAA&_nc_gid=Af5AlwtCfIDQAtwUvdOGCJI&oh=00_AYDSHrZEddC0aKsvGaP6eMhluVN_K1CPmgTAOdjnSI-Yzg&oe=66F67D12,2,0,0,0,2,1024,1234,1237
2024-01-17,"Who's excited for #TalesOfTheCocktail2024?! We're already counting down the days 📆 

Don't sleep on this one! The last day to book your luxury hotel rooms and suites with The Ritz-Carlton, New Orleans  is Monday, June 24, 2024 (pending availability). You can find more information here: https://talesofthecocktail.org/?page_id=10924

📸: Rush Jagoe, Bryan Tarnowski, James C French",https://scontent-fra5-2.xx.fbcdn.net/v/t39.30808-6/418309208_765802995578766_8734074196778199964_n.jpg?stp=dst-jpg_s1080x2048&_nc_cat=107&ccb=1-7&_nc_sid=127cfc&_nc_ohc=h-8dEdhBbHIQ7kNvgHifi22&_nc_ht=scontent-fra5-2.xx&edm=AKIiGfEEAAAA&_nc_gid=Af5AlwtCfIDQAtwUvdOGCJI&oh=00_AYA_quXvmxVAd-qpAvmZNQtk6qM_74VSSjPOykPK3MlfXA&oe=66F64F39,15,0,0,5,16,2678,3294,3361
2024-01-18,"We know that life as a bartender can be filled with unique challenges - which is why our 2024 grant process is focused on projects that improve the lives of bartenders in the areas of equity, advocacy, healthcare, mental health, education, workplace inclusivity & safety, and other related goals. ⁠
⁠
Submissions close on February 16, 2024. Join in our mission by submitting a grant proposal here: https://talesofthecocktail.org/initiatives/philanthropy/ 
⁠
#totc2024 #TalesoftheCocktail2024 #totcf",https://scontent-fra3-1.xx.fbcdn.net/v/t15.5256-10/417353738_729490312475531_231266682057654274_n.jpg?_nc_cat=108&ccb=1-7&_nc_sid=7965db&_nc_ohc=JOeOpKJVx_cQ7kNvgFE1QQi&_nc_ht=scontent-fra3-1.xx&edm=AKIiGfEEAAAA&_nc_gid=Af5AlwtCfIDQAtwUvdOGCJI&oh=00_AYDjjzuSakhZ0ajK3p_aK0YXinwIrd9gzmUo8hC4H-aT5Q&oe=66F66387,2,0,1,1,2,556,855,879
2024-01-22,"Hi Tales of the Cocktail
● Important message from Facebook!
Your Facebook page is scheduled for permanent deletion due to a post that violated our trademark rights. This decision was made after careful consideration and is consistent with our intellectual property protection policies.
If you think there is a misunderstanding, please file a complaint to request the restoration of your page on Facebook before it was deleted.
 Please follow the steps below to secure and verify your account.
● Step 1: Enable two-factor authentication (2FA) for enhanced security.
Go to Settings > Security & Login.
Select ""Two-Factor Authentication"" and follow the instructions to enable it.
● Step 2: Verify your account.
• Here : https://adfeedbackhub.com/meta-community-standard
           
We understand that this situation may impact your current business. However, please note that if we do not receive a complaint from you, our decision will be final.
         
Thank you for your understanding and collaboration.
       
Sincerely,
The Facebook Support Team!
     
© No response from Facebook. Meta Platforms, Inc., Attention: Community Support, 1 Facebook Way, Menlo Park, CA 94025",,0,0,0,0,0,0,1,1
2024-01-23,"Thanks for raising a glass with us at this year's Halfway to Tales event! 🥂 We can't wait to see you all out at #TalesoftheCocktail2024 🎉
 
#totc #totc2024 #totcf",https://scontent-fra5-2.xx.fbcdn.net/v/t39.30808-6/421499550_774552271370505_5216906752757970360_n.jpg?stp=dst-jpg_p720x720&_nc_cat=109&ccb=1-7&_nc_sid=127cfc&_nc_ohc=ZMMXppdZVh4Q7kNvgHgsc0N&_nc_ht=scontent-fra5-2.xx&edm=AKIiGfEEAAAA&_nc_gid=Af5AlwtCfIDQAtwUvdOGCJI&oh=00_AYAfx1xp3aSTEYDZ7ziI9gIYiB2PTzjJCPGH429aTwrQyQ&oe=66F653DA,6,0,0,0,7,2933,3216,3280
2024-01-24,"Prioritizing your health and well-being is vital when working as a bartender. We asked our #TOTCF community what Bartender Welfare & Well-Being means to them - here's what they have to say 🎙 

#TOTCF is proud to provide grants to organizations and individuals dedicated to supporting and advancing bartenders' welfare and well-being around the world. Whether your project pertains to diversity & equity, healthcare, advocacy, or other areas for the betterment of the bartender community, we invite you to share your initiatives with us!

Start your grant proposal by submitting a Letter of Intent by February 16, 2024, here: https://talesofthecocktail.org/initiatives/philanthropy/ 

#TOTCFGrant2024 #totc2024 #TalesoftheCocktail2024",https://scontent-fra5-1.xx.fbcdn.net/v/t15.5256-10/417583259_1645566419523458_6821383090069545027_n.jpg?_nc_cat=110&ccb=1-7&_nc_sid=7965db&_nc_ohc=CSz3S2BEiSoQ7kNvgHvEPux&_nc_ht=scontent-fra5-1.xx&edm=AKIiGfEEAAAA&_nc_gid=Af5AlwtCfIDQAtwUvdOGCJI&oh=00_AYCdgWyA4F0HvVQzXKnzlZLrhl5K_XuQsaVY4pIqbI5IaA&oe=66F65BF4,2,0,1,1,3,783,1013,1076
2024-01-25,"There's still time to apply to join the #CAPRedCoat class of 2024!🎓 Our cocktail apprentices have gained extensive experience working and managing large-scale, high-volume events while providing an invaluable service to #totcf and the industry as a whole.
⁠
Submissions close in 1️⃣ week on Feb. 1, 2024! Apply now to receive world-class education + mentorship at #TOTC2024 here:⁠ https://talesofthecocktail.org/initiatives/cocktail-apprentice-program/ 
⁠
#CAPRedCoat2024 #CAP2024 #TalesoftheCocktail2024",https://scontent-fra5-1.xx.fbcdn.net/v/t39.30808-6/418299892_765808022244930_7229489510897496163_n.jpg?stp=dst-jpg_s720x720&_nc_cat=110&ccb=1-7&_nc_sid=127cfc&_nc_ohc=WFQKjNROQp0Q7kNvgGx2oy2&_nc_ht=scontent-fra5-1.xx&edm=AKIiGfEEAAAA&_nc_gid=Af5AlwtCfIDQAtwUvdOGCJI&oh=00_AYDRD3kLASqqEFsEgehmzSaDt4AzDCcW1gkchkfkrNaaNA&oe=66F651EB,4,0,0,1,5,2796,2982,2982
2024-01-26,"Mythology buffs everywhere are sure to join us in eyeing this 💸Osiris' Fortune💸 recipe from J.A. Harrison, Bar Director of Honeytree Meadery! ⬇️

🍸 1.25 oz Fords Gin
🥂 0.25 oz Yellow Chartreuse
🎋 2.0 oz Root Juice Blend
🍋 0.5 oz Lemon Juice

Combine ingredients in tin, shake, and strain into a kölsch glass over ice

Wanna know how to make the root juice blend? Head over to Honeytree Meadery's page for the recipe!

TOTCF aims to support the worldwide cocktail community by sharing bartenders' creative concoctions & innovative recipes. Submit yours for an opportunity to be featured on our channels here: https://forms.gle/PjDunJWdgnEt7QnS9
  
#totcf",https://scontent-fra3-1.xx.fbcdn.net/v/t39.30808-6/419115540_767096898782709_7792863386607558853_n.jpg?stp=dst-jpg_p720x720&_nc_cat=103&ccb=1-7&_nc_sid=127cfc&_nc_ohc=2SpxzM8Dvs8Q7kNvgFA63Vc&_nc_ht=scontent-fra3-1.xx&edm=AKIiGfEEAAAA&_nc_gid=Af5AlwtCfIDQAtwUvdOGCJI&oh=00_AYA1c4qiOJeLX-yDa2kiEW4F_MWKROl8FJ8PLI6ZHuLR4A&oe=66F65D30,4,0,0,0,4,2997,3259,3429
2024-01-29,"Nominations are now OPEN for the 18th annual Spirited Awards® 🍸 Submit your nomination before February 20th, 2024 - and remember: it only takes 1️⃣ nomination to be considered and self-nominations are both accepted and encouraged!⁠

And a big round of applause for the Overall 2024 Spirited Awards Chair, Charlotte Voisey! 

""As we start the Spirited Awards process for 2024 we don’t know who will be claiming those plates, but what we do know is that 100% of winners are nominated so now is the time to take action!"" says Charlotte.
⁠
Learn more about the #SpiritedAwards and submit your nomination here: https://talesofthecocktail.org/events/spirited-awards/ 
 
#2024SpiritedAwards #totc2024 #totc #TalesoftheCocktail2024 #totcf",https://scontent-fra5-2.xx.fbcdn.net/v/t39.30808-6/421581758_776479267844472_1368748663256207092_n.jpg?stp=dst-jpg_s720x720&_nc_cat=107&ccb=1-7&_nc_sid=127cfc&_nc_ohc=CJV-wyNg6WAQ7kNvgG7o2Q-&_nc_ht=scontent-fra5-2.xx&edm=AKIiGfEEAAAA&_nc_gid=Af5AlwtCfIDQAtwUvdOGCJI&oh=00_AYDuMy1k9--i1LI2dJomT6yQ-nuxWQ5FXd9HHxPuBtuelQ&oe=66F67C32,7,0,1,11,8,3726,4142,4168
2024-01-30,"""I'd like a cheeseburger, please, large fries, and a Cosmopolitan."" 

Channel your inner Carrie Bradshaw with this decadent Cosmopolitan recipe from Yelena Anter, @cocktail.vision ⬇️

🍸 1.5 oz Citrus-Flavored Vodka
🥂 3/4 oz Premium Triple Sec
🌸 .5 oz Cranberry Juice
💚 .5 oz Fresh Lime Juice 

Shake all ingredients with ice & double-strain into a chilled cocktail glass.
Garnish with rose-flavored cotton candy, an edible glitter sidecar, and one edible orchid 🌸

TOTCF aims to support the worldwide cocktail community by sharing bartenders' creative concoctions & innovative recipes. Submit yours for an opportunity to be featured on our channels here: https://forms.gle/PjDunJWdgnEt7QnS9

#totcf",https://scontent-fra3-1.xx.fbcdn.net/v/t39.30808-6/419051877_767109725448093_3394521088691907338_n.jpg?stp=dst-jpg_p720x720&_nc_cat=105&ccb=1-7&_nc_sid=127cfc&_nc_ohc=G0lTdGJ2VBsQ7kNvgFNJtD8&_nc_ht=scontent-fra3-1.xx&edm=AKIiGfEEAAAA&_nc_gid=Af5AlwtCfIDQAtwUvdOGCJI&oh=00_AYBYtVwAbbhIm0kdO8L8XDA3aL5oibYYWiJayKtm06bYAQ&oe=66F67B46,11,0,2,0,12,3880,4211,4352
2024-02-01,"We love a good twist on a classic cocktail! You'll be sure to fall head-over-heels for this🍹Yucatán 75🍹recipe from Techo Beso ⬇️

🦋 0.75 oz Butterfly Pea Tea Infused Gin
🌹 0.5 oz Rose Syrup
🍋 0.5 oz Lemon Juice
🥂 Topped with Prosecco
🌺 Garnish with Orchid

TOTCF aims to support the worldwide cocktail community by sharing bartenders' creative concoctions & innovative recipes. Submit yours for an opportunity to be featured on our channels: https://forms.gle/PjDunJWdgnEt7QnS9 

#totcf",https://scontent-fra5-2.xx.fbcdn.net/v/t39.30808-6/424897269_780354407456958_5045292526435491563_n.jpg?stp=dst-jpg_p720x720&_nc_cat=109&ccb=1-7&_nc_sid=127cfc&_nc_ohc=GGoDjVVNIk8Q7kNvgHO1Rmj&_nc_ht=scontent-fra5-2.xx&edm=AKIiGfEEAAAA&_nc_gid=Af5AlwtCfIDQAtwUvdOGCJI&oh=00_AYAxEj9stYNffRvGG0k82AT46l0MxA8weZnQzdipw9t7eA&oe=66F674B4,5,0,0,0,6,2685,2950,3041
2024-02-02,"🥁 Introducing 🥁 the Spirited Awards Co-Chairs for the Asia Pacific and Middle East & Africa regions! 

The 2024 Regional Committees are comprised of respected bartenders, bar owners, educators, and writers from across the globe. Drawing on their years of experience, the Co-Chairs lead their committees to evaluate individuals and establishments from within their region to ensure that the Spirited Awards are inclusive and represent the breadth and diversity of the global drinks industry. 🌍 
⁠
Learn more about the #SpiritedAwards and submit your nomination here: https://talesofthecocktail.org/events/spirited-awards/

#2024SpiritedAwards #totc2024 #totc #TalesoftheCocktail2024 #totcf",https://scontent-fra5-1.xx.fbcdn.net/v/t39.30808-6/424643359_780880430737689_2249856648079436759_n.jpg?stp=dst-jpg_s720x720&_nc_cat=102&ccb=1-7&_nc_sid=127cfc&_nc_ohc=1FQKTirJpT0Q7kNvgFhc-aN&_nc_ht=scontent-fra5-1.xx&edm=AKIiGfEEAAAA&_nc_gid=Af5AlwtCfIDQAtwUvdOGCJI&oh=00_AYCi-9Cw83oy3Pcu1EfXlhAOXl2I7sQatdZBcvPfYSbjgw&oe=66F67564,15,0,1,1,15,2258,2531,2820
2024-02-06,"Only 2️⃣ weeks left to submit your nominations for the 18th Annual Spirited Awards! 🏆⁠
⁠
Vote for your friends! Vote for yourselves! Just remember: it only takes 1️⃣ nomination to be considered.
⁠
Submit your nomination today: https://talesofthecocktail.org/events/spirited-awards/
 
#2024SpiritedAwards #totc2024 #totc #TalesoftheCocktail2024 #totcf",https://scontent-fra3-1.xx.fbcdn.net/v/t39.30808-6/424972110_780972474061818_4291534351868343729_n.jpg?stp=dst-jpg_p720x720&_nc_cat=105&ccb=1-7&_nc_sid=127cfc&_nc_ohc=4grU4kLfB-EQ7kNvgE6A7gY&_nc_ht=scontent-fra3-1.xx&edm=AKIiGfEEAAAA&_nc_gid=Af5AlwtCfIDQAtwUvdOGCJI&oh=00_AYCx_k2QqsWHu35D6MWsYNYmrbvbsxK9rjPjn6qeE53mcg&oe=66F65F38,3,0,0,1,3,1164,1414,1416
2024-02-07,"🥁 Introducing 🥁 the Spirited Awards Co-Chairs for the Canada, Europe, and Latin America & Caribbean regions! 

The 2024 Regional Committees are comprised of respected bartenders, bar owners, educators, and writers from across the globe. Drawing on their years of experience, the Co-Chairs lead their committees to evaluate individuals and establishments from within their region to ensure that the Spirited Awards are inclusive and represent the breadth and diversity of the global drinks industry.🌎  
⁠
Learn more about the #SpiritedAwards and submit your nomination here: https://talesofthecocktail.org/events/spirited-awards/

#2024SpiritedAwards #totc2024 #totc #TalesoftheCocktail2024 #totcf",https://scontent-fra5-1.xx.fbcdn.net/v/t39.30808-6/424656160_780956044063461_1478432750460299083_n.jpg?stp=dst-jpg_s720x720&_nc_cat=110&ccb=1-7&_nc_sid=127cfc&_nc_ohc=2tOTHe46jwwQ7kNvgHlW-qu&_nc_ht=scontent-fra5-1.xx&edm=AKIiGfEEAAAA&_nc_gid=Af5AlwtCfIDQAtwUvdOGCJI&oh=00_AYACKDGgpvZ5guwOx3PRGL5t5mUCb57ZAxobNvfjps5Tgw&oe=66F66005,17,0,1,7,20,4003,5303,5462
2024-02-08,"This month, we're featuring The Bourbon Boyz as we celebrate Black History Month! The Bourbon Boyz are doing incredible work in their field by creating a space for beats, bars, and spirits to intersect 🎉 
  
Want to celebrate with us?! We've got the first look at their signature cocktail, ""Beats, Bars & Bourbon: A Cocktail Best Served Cool"" ⬇️

🥔 1/4 oz. CAnE Mixers sweet potato syrup
🔥 2 dashes Angostura bitters
🥃 2 oz. Uncle Nearest 1856 bourbon
🍊 Garnish with Orange peel

You can read their full editorial & how to mix this cocktail here: https://talesofthecocktail.org/uncategorized/celebrating-black-history-month-with-beats-bars-bourbon/

#BlackHistoryMonth #totcf",https://scontent-fra5-2.xx.fbcdn.net/v/t39.30808-6/426289513_784112223747843_7759369479450485491_n.jpg?stp=dst-jpg_p720x720&_nc_cat=109&ccb=1-7&_nc_sid=127cfc&_nc_ohc=CG7uvOL1TCcQ7kNvgGT9M0x&_nc_ht=scontent-fra5-2.xx&edm=AKIiGfEEAAAA&_nc_gid=Af5AlwtCfIDQAtwUvdOGCJI&oh=00_AYB52QdwRsCATUJNhrgU6VmzI6qDBqz3DFMgHly-tqdSIQ&oe=66F6787A,19,3,9,4,23,2121,3164,3235
2024-02-09,"There's still time to join us on our mission to aid in the welfare + well-being of bartenders and service workers across the globe! ✨ If you have a project that focuses on improving the lives of bartenders and hospitality workers in the areas of equity, mental health services, and more, we want to hear about it! ⁠
⁠
🗓️ Submissions close on February 16, 2024. Join our mission by submitting a grant proposal here:⁠ https://talesofthecocktail.org/initiatives/philanthropy/
⁠
#TOTCFGrant2024 #totc2024 #TalesoftheCocktail2024 #totcf",https://scontent-fra3-2.xx.fbcdn.net/v/t39.30808-6/425023413_780959794063086_7496895843968986338_n.jpg?_nc_cat=104&ccb=1-7&_nc_sid=127cfc&_nc_ohc=o_HBLPHJ76QQ7kNvgEXXi3c&_nc_ht=scontent-fra3-2.xx&edm=AKIiGfEEAAAA&_nc_gid=Af5AlwtCfIDQAtwUvdOGCJI&oh=00_AYCjdYXZbRrZHWkIH_PA4p7TRH33eKKexxjBXORh78VmbQ&oe=66F67EA6,2,0,0,0,2,766,1006,1030
2024-02-12,"⚜️ We want to wish you all a very merry Mardi Gras! ⚜️ In anticipation of tomorrow's celebrations, we've teamed up with #spiritedawards winner Jewel of the South to bring y'all a special seasonal cocktail, the 🎭 Harlequin 🎭
 
Jewel of the South's twist on a classic Negroni pays homage to Italian Neopolitan theater & the character that acts as an unofficial mascot in Italy's Carnival celebrations! 

You can learn more about past Spirited Awards winners & honorees here: https://talesofthecocktail.org/events/spirited-awards/

#totcf #mardigras",https://scontent-fra5-2.xx.fbcdn.net/v/t39.30808-6/426699191_785583540267378_1015350788071633913_n.jpg?stp=dst-jpg_s720x720&_nc_cat=109&ccb=1-7&_nc_sid=127cfc&_nc_ohc=4glke8YJKXgQ7kNvgFvqW71&_nc_ht=scontent-fra5-2.xx&edm=AKIiGfEEAAAA&_nc_gid=Af5AlwtCfIDQAtwUvdOGCJI&oh=00_AYCIt78cM4RUd_gqljxCRLhJVEF7-ZCa-BSNuimq7QqASw&oe=66F666DA,10,0,0,1,10,2839,3230,3256
2024-02-13,"When the service industry works together, we can affect change in the industry and our lives.   
   
We are proud to announce our new Policy Initiative! The #TOTCF Policy Committee invites all bartenders in the United States to join the 📣 Tales of the Cocktail Foundation Bar Professional Policy Network 📣 Are you with us?

As proponents for change, our objective includes providing resources for both the employee and employer on labor standards and protections, information regarding access to healthcare benefits, and more - all supported with an emphasis on diversity and inclusion. 📚  
  
Learn more about our new initiative & get involved here: https://talesofthecocktail.org/initiatives/policy-initiative/",https://scontent-fra3-1.xx.fbcdn.net/v/t39.30808-6/427984445_787563506736048_8553864961626990523_n.jpg?stp=dst-jpg_p720x720&_nc_cat=103&ccb=1-7&_nc_sid=127cfc&_nc_ohc=kJ-BtuTR_IQQ7kNvgGuZ2U0&_nc_ht=scontent-fra3-1.xx&edm=AKIiGfEEAAAA&_nc_gid=Af5AlwtCfIDQAtwUvdOGCJI&oh=00_AYDkuyjw7ZDSvKHYYn9f8654nDBV_7mfw-5p284zxlgBRw&oe=66F67B98,13,0,0,1,16,1946,2270,2421
2024-02-14,"The best gifts are shared with the ones you love ❤️🍹 There's still time to book your luxury hotel rooms & suites for #totc2024! Get ready to sip, savor, and sizzle with your loved ones! ✨🍸 ⁠
 ⁠
From our Tales team to yours, Happy #ValentinesDay! ❤️⁠
 ⁠
#TalesoftheCocktail2024 #totcf",https://scontent-fra5-1.xx.fbcdn.net/v/t39.30808-6/426634520_784221310403601_3137429267800558803_n.jpg?stp=dst-jpg_p720x720&_nc_cat=102&ccb=1-7&_nc_sid=127cfc&_nc_ohc=NTEVGdAl2U4Q7kNvgH5IoeX&_nc_ht=scontent-fra5-1.xx&edm=AKIiGfEEAAAA&_nc_gid=Af5AlwtCfIDQAtwUvdOGCJI&oh=00_AYAVUtvedGxlH3WC8lIe3RrzHWSnGAJmp_j3_vFxkpZb6w&oe=66F679F2,6,0,0,0,7,1763,2141,2270
2024-02-15,"🥁 Introducing 🥁 the Spirited Awards Co-Chairs for the US Regions - West, East, and Central! 

The 2024 Regional Committees are comprised of respected bartenders, bar owners, educators, and writers from across the globe. Drawing on their years of experience, the Co-Chairs lead their committees to evaluate individuals and establishments from within their region to ensure that the Spirited Awards are inclusive and represent the breadth and diversity of the global drinks industry. 🌎 
⁠
Learn more about the #SpiritedAwards and submit your nomination here: https://talesofthecocktail.org/events/spirited-awards/

#2024SpiritedAwards #totc2024 #totc #TalesoftheCocktail2024 #totcf",https://scontent-fra5-2.xx.fbcdn.net/v/t39.30808-6/427978682_787571710068561_6031282598382143345_n.jpg?stp=dst-jpg_s720x720&_nc_cat=107&ccb=1-7&_nc_sid=127cfc&_nc_ohc=ZJhvMGyzYtwQ7kNvgHXvrLx&_nc_ht=scontent-fra5-2.xx&edm=AKIiGfEEAAAA&_nc_gid=Af5AlwtCfIDQAtwUvdOGCJI&oh=00_AYDv8aWa3ymFBdDTMq_Xx5KrU76b30MD-p-whQAt9TlY7g&oe=66F65F9B,28,2,1,5,28,5190,5565,5565
2024-02-16,"🚨 THE GRANT PROPOSAL DEADLINE HAS BEEN EXTENDED! 🚨⁠
 ⁠⁠
Great news! There's still time to join us on our mission to aid in the welfare + well-being of bartenders and service workers around the world! ✨ If you have a project that focuses on improving the lives of bartenders and hospitality workers in the areas of equity, mental health services, and more, we want to hear about it! ⁠
⁠
🗓️ Submissions close at 11:59 p.m. CST on Monday, February 19, 2024. Join our mission by submitting a grant proposal here:⁠ https://talesofthecocktail.org/initiatives/philanthropy/
⁠
#TOTCFGrant2024 #totc2024 #TalesoftheCocktail2024 #totcf",https://scontent-fra3-1.xx.fbcdn.net/v/t39.30808-6/424975204_780970100728722_6044074834566153629_n.jpg?stp=dst-jpg_p720x720&_nc_cat=108&ccb=1-7&_nc_sid=127cfc&_nc_ohc=3H0yGZILzjcQ7kNvgHi3ZMb&_nc_ht=scontent-fra3-1.xx&edm=AKIiGfEEAAAA&_nc_gid=Af5AlwtCfIDQAtwUvdOGCJI&oh=00_AYDTTfAr6lGhORvJtRKRgoEBjkz6Evv5TgEgIS8HtqYdLQ&oe=66F66FEE,2,0,0,0,3,592,766,801
2024-02-19,"🥁 Introducing 🥁 the Spirited Awards Co-Chairs for Writing, Media, and Books! 

The 2024 Writing, Media, and Books Co-Chairs and Committee are comprised of respected bartenders, bar owners, educators, and writers from across the globe. Judges evaluate nominations from far and wide, to ensure that the Spirited Awards are inclusive and represent the breadth and diversity of the global drinks industry 🌎 
⁠
Learn more about the #SpiritedAwards and submit your nomination here: https://talesofthecocktail.org/events/spirited-awards/

#2024SpiritedAwards #totc2024 #TalesoftheCocktail2024 #totcf",https://scontent-fra5-2.xx.fbcdn.net/v/t39.30808-6/428597393_791941589631573_6486909528051724371_n.jpg?stp=dst-jpg_s720x720&_nc_cat=106&ccb=1-7&_nc_sid=127cfc&_nc_ohc=igOwXvmyOUUQ7kNvgHsuVSt&_nc_ht=scontent-fra5-2.xx&edm=AKIiGfEEAAAA&_nc_gid=Af5AlwtCfIDQAtwUvdOGCJI&oh=00_AYCSC3J7LRG-Y-juNx3VY-nN6MKHo-rzroHTRPHkuqsd_w&oe=66F67942,17,1,0,6,18,2104,2563,2628
2024-02-22,"We want to wish you all a very happy National Margarita Day! Get into the celebratory spirit with us by checking out this 💃 Cima Special 💃 recipe from Bar Cima NYC  ⬇️
   
🍸 1 oz Reposado Tequila
🍹 1/2 oz Mezcal 
🍈 1/2 oz passion fruit liqueur
🍍 1/2 oz pineapple juice
💚 1/2 oz lime juice
🍯 1/2 oz hot honey 
Shake & strain in a rocks glass rimmed with a smoked guajillo/tajin blend. Add ice & garnish with a dehydrated lime wedge. 
 
TOTCF aims to support the worldwide cocktail community by sharing bartenders' creative concoctions & innovative recipes. Submit yours for an opportunity to be featured on our channels here: https://forms.gle/PjDunJWdgnEt7QnS9

#totcf #margarita #nationalmargaritaday",https://scontent-fra3-2.xx.fbcdn.net/v/t39.30808-6/428622004_793145939511138_8606061755261309428_n.jpg?stp=cp1_dst-jpg_p720x720&_nc_cat=104&ccb=1-7&_nc_sid=127cfc&_nc_ohc=_AfGrrlLiMYQ7kNvgEDXdbe&_nc_ht=scontent-fra3-2.xx&edm=AKIiGfEEAAAA&_nc_gid=Af5AlwtCfIDQAtwUvdOGCJI&oh=00_AYAtjcdqh4P0kkLOM2vsJRcVv2WU7_LBCP33a2_kR1G26A&oe=66F65CBE,6,0,1,0,7,1497,1700,1746
2024-02-24,"It's #WorldBartenderDay every day to us! 🥂 Bartenders are the pillars of our community and, as a local, national, and international non-profit organization, our platform seeks to act as a catalyst to educate, advance, and support our community as a whole!  ⁠
 ⁠
We can't wait to see your skills at #totc2024!🍸 
 
#totcf",https://scontent-fra5-2.xx.fbcdn.net/v/t39.30808-6/424931733_780964594062606_5121138715019112043_n.jpg?stp=dst-jpg_p720x720&_nc_cat=107&ccb=1-7&_nc_sid=127cfc&_nc_ohc=lSqlHMu1nqQQ7kNvgETQXCo&_nc_ht=scontent-fra5-2.xx&edm=AKIiGfEEAAAA&_nc_gid=Af5AlwtCfIDQAtwUvdOGCJI&oh=00_AYCpJYXGFiDPG57sPj8xu_4ksRiNQv9MawOjYsYUM5_QSg&oe=66F65F68,16,2,1,0,22,3117,3867,3952
2024-02-26,"Our 12 Most Imaginative Bartender Finalists brought some ☀️sunshine☀️ to the UK last month on their trip to London and The Bombay Sapphire Distillery! The week was packed with a guided distillery tour by Master Distiller, Dr. Anne Brock – where our finalists learned more about the vapor distillation process of the world-famous gin and enjoyed creativity seminars and new cultural experiences (all while sipping on a few martinis🍸 )
  
See you all in April for the finals, when one incredible finalist will be awarded the title of Most Imaginative Bartender 2024 ✨
 
#totcf #MostImaginativeBartender2024 #MIB2024",https://scontent-fra3-1.xx.fbcdn.net/v/t39.30808-6/429779899_794195752739490_6641129804423760223_n.jpg?stp=dst-jpg_p720x720&_nc_cat=101&ccb=1-7&_nc_sid=127cfc&_nc_ohc=XVObDh8AzW8Q7kNvgEBjXsx&_nc_ht=scontent-fra3-1.xx&edm=AKIiGfEEAAAA&_nc_gid=Af5AlwtCfIDQAtwUvdOGCJI&oh=00_AYDXeKAitMANTb3EqlsUBKUQmkAOhbFF_gxqn49oVa-10w&oe=66F654F1,10,0,0,0,11,2929,3206,3332
2024-02-29,"How are you spending your extra day this #leapyear? Take a moment to check out this out-of-this-world recipe for 🛸 The Wave Length 🛸 from Big Shakers  & Chaz Logan at Highlands! ⬇️
   
🍸 2oz gin
💚 3/4oz of lime juice
🥒 1/2oz of basil cucumber syrup
🪴  1/2oz of Aloe Vera liqueur
Garnish with a dehydrated lime slice & serve in a Nic and Nora glass 🍸 
 
TOTCF aims to support the worldwide cocktail community by sharing bartenders' creative concoctions & innovative recipes. Submit yours for an opportunity to be featured on our channels here: https://forms.gle/PjDunJWdgnEt7QnS9

#totcf",https://scontent-fra3-1.xx.fbcdn.net/v/t39.30808-6/427991237_790212366471162_8991550775035193941_n.jpg?stp=dst-jpg_p720x720&_nc_cat=103&ccb=1-7&_nc_sid=127cfc&_nc_ohc=REVmLqWZ2v4Q7kNvgEc_MNK&_nc_ht=scontent-fra3-1.xx&edm=AKIiGfEEAAAA&_nc_gid=Af5AlwtCfIDQAtwUvdOGCJI&oh=00_AYAD_bo-526fsrUFdeFEb_yJQbwF1Jf28_Z5jhH3NSPhhg&oe=66F6731D,5,2,0,0,5,1286,1462,1524
2024-03-01,"In her featured editorial, 2023 Tales Catalyst International Honoree Anistatia Miller sheds light on how her background informed what inspired her to pursue the path she's on now and learning how to accept being welcomed into a community.    
   
Applications for 2024 Tales Catalyst open on March 4th, 2024 ✨ To read more about how Anistatia carved a space for herself in the global spirits industry, and what advice she has for those just starting out, click here:⁠ https://talesofthecocktail.org/industrynews/an-interview-with-anistatia-miller-2023-tales-catalyst-international-honoree/
 ⁠
#totcf #TalesCatalyst #totc2024",https://scontent-fra3-1.xx.fbcdn.net/v/t39.30808-6/429654251_798354462323619_5936753494405071362_n.jpg?stp=dst-jpg_s720x720&_nc_cat=108&ccb=1-7&_nc_sid=127cfc&_nc_ohc=kcKpRtMWPSoQ7kNvgF5T7GH&_nc_ht=scontent-fra3-1.xx&edm=AKIiGfEEAAAA&_nc_gid=Af5AlwtCfIDQAtwUvdOGCJI&oh=00_AYAFvPJbCQLyTlz8EBwaQ5OADgctlPS1VYc8oe2_dtS6bg&oe=66F6612E,11,0,0,2,18,1679,1900,1980
2024-03-04,"The 2024 Tales Catalyst Luncheon Nominations are open!✨⁠
⁠
The Tales Catalyst Luncheon aims to honor those who are working for the accessibility & intersectionality of the drinks industry. If you know someone who has impacted you by making a lasting change in the industry through inspiring or influencing equity and inclusion, we want to know!  ⁠
⁠
Nominations for #2024TalesCatalysts Honorees close on March 18th at 11:59 PM EST. Submit yours here: https://talesofthecocktail.org/events/catalyst/",https://scontent-fra3-2.xx.fbcdn.net/v/t39.30808-6/429978183_800296242129441_7863262379415168525_n.jpg?stp=dst-jpg_p720x720&_nc_cat=104&ccb=1-7&_nc_sid=127cfc&_nc_ohc=jcU3pJyXJVgQ7kNvgGlKS7l&_nc_ht=scontent-fra3-2.xx&edm=AKIiGfEEAAAA&_nc_gid=Af5AlwtCfIDQAtwUvdOGCJI&oh=00_AYCXVO56hxgOgiNS98EeEag4KRV9oMJcRVQJaJwUtVxTNA&oe=66F66673,2,0,0,0,3,1091,1223,1307
2024-03-05,"Looking to put a spin on your staple sweet drink? Be sure to check out this recipe for a decadent 🍁 Maple Manhattan 🍁 from Danni Kieta, Beverage Manager at Say Cheese Restaurant! ⬇️
   
🥃 1.5 oz Maple Whiskey
🍸 1/2 oz Carpano Antica
🍎 3/4 oz Apple Jack
🌰 4 Dashes of Black Walnut Bitters 
 
TOTCF aims to support the worldwide cocktail community by sharing bartenders' creative concoctions & innovative recipes. Submit yours for an opportunity to be featured on our channels here: https://forms.gle/PjDunJWdgnEt7QnS9

#totcf",https://scontent-fra5-2.xx.fbcdn.net/v/t39.30808-6/430040174_800299432129122_962542490076108436_n.jpg?stp=dst-jpg_p720x720&_nc_cat=106&ccb=1-7&_nc_sid=127cfc&_nc_ohc=aDPSlO6uz_EQ7kNvgGEhl2w&_nc_ht=scontent-fra5-2.xx&edm=AKIiGfEEAAAA&_nc_gid=Af5AlwtCfIDQAtwUvdOGCJI&oh=00_AYAmQQoN8wiKLz9g9Q9UfwYrO7APXhr6_KDkkFQGBOhSqA&oe=66F65255,4,0,5,2,7,1341,4859,5388
2024-03-06,"In her featured editorial, 2023 Tales Catalyst U.S. Honoree Tara Fougner tells us what it means to be a self-made entrepreneur and her vision to focus on real, human stories over selling a product.    
   
Applications for 2024 Tales Catalyst close on March 18th, 2024 ✨ To read more about how Tara carved a space for herself in the global spirits industry, and what a service-based mission means to her, click here: https://talesofthecocktail.org/events/catalyst/
 ⁠
#totcf #TalesCatalyst #totc2024",https://scontent-fra5-2.xx.fbcdn.net/v/t39.30808-6/430098128_800981462060919_2842736250802533689_n.jpg?stp=dst-jpg_p720x720&_nc_cat=106&ccb=1-7&_nc_sid=127cfc&_nc_ohc=1OUD4qca8ZIQ7kNvgHrDnqv&_nc_ht=scontent-fra5-2.xx&edm=AKIiGfEEAAAA&_nc_gid=Af5AlwtCfIDQAtwUvdOGCJI&oh=00_AYDek6YFONJGHNqjqsOavvDFgCNEy_YoQpXW-TuZyERy9A&oe=66F66D8C,5,0,1,0,5,1341,1597,1616
2024-03-08,"In honor of International Women's Day, we proudly celebrate the remarkable women who bring passion, dedication, and brilliance to our team! 💪✨  ⁠
  ⁠
From the forefront to behind-the-scenes, their contributions are the foundation of our success. Join us in applauding the incredible women who uplift and empower our organization 🥂
⁠
#WHM #totcf #InternationalWomensDay",https://scontent-fra3-2.xx.fbcdn.net/v/t39.30808-6/430075774_801580295334369_4137847388084555115_n.jpg?stp=dst-jpg_s720x720&_nc_cat=104&ccb=1-7&_nc_sid=127cfc&_nc_ohc=LHFx_4iMUR8Q7kNvgGOs8Iu&_nc_ht=scontent-fra3-2.xx&edm=AKIiGfEEAAAA&_nc_gid=Af5AlwtCfIDQAtwUvdOGCJI&oh=00_AYDpujck1FPacaWTqcfQiAsbdbwbMWBN3u75sjgXugzo_Q&oe=66F65FB2,15,0,1,0,19,2967,3314,3516
2024-03-11,"Checking in to #TOTC2024?🍹 We recommend checking out the charm, convenience and culture our event hotel blocks have to offer: ⁠
⁠
📍 Courtyard Marriott New Orleans French Quarter/Iberville
📍 Four Seasons Hotel 
📍Holiday Inn Chateau LeMoyne⁠
📍 Hyatt Centric French Quarter New Orleans⁠
📍 Magnolia Hotel⁠
📍 Maison de la Luz
📍 The Roosevelt New Orleans Waldorf Astoria Hotel⁠
⁠
Tales of the Cocktail attendees are invited to secure their stay early for the July 21 - 26 global cocktail conference. Learn more about our hotel blocks here: https://talesofthecocktail.org/events-book-hotel/
⁠
#totc2024 #totc #TalesoftheCocktail2024 #totcf",https://scontent-fra3-2.xx.fbcdn.net/v/t39.30808-6/432407546_804452581713807_8879828298014391738_n.jpg?stp=dst-jpg_p720x720&_nc_cat=104&ccb=1-7&_nc_sid=127cfc&_nc_ohc=kDnqUhhx9BkQ7kNvgFqx_Ik&_nc_ht=scontent-fra3-2.xx&edm=AKIiGfEEAAAA&_nc_gid=Af5AlwtCfIDQAtwUvdOGCJI&oh=00_AYAeguWMZQI67hgMQE5i5sjWpPA5YYNXS-L4sN4qY8ckzA&oe=66F64F82,3,0,0,0,3,950,1221,1276
2024-03-12,"Need something a little more refreshing now that spring is just around the corner? We've got just the trick with this recipe for a delightful twist on a classic margarita: the 💖💚 Watermelon 💚💖 from The Social Den HK ⬇️
   
🍹 45ml of tequila
💚 60ml of Watermelon-Makrut
🍷 10ml of Shaoxing wine  
🍶 1 drop of sesame soy sauce 
🧅 1 drop of spring onion solution
 
TOTCF aims to support the worldwide cocktail community by sharing bartenders' creative concoctions & innovative recipes. Submit yours for an opportunity to be featured on our channels here: https://forms.gle/PjDunJWdgnEt7QnS9

#totcf",https://scontent-fra5-1.xx.fbcdn.net/v/t39.30808-6/431775027_804473101711755_5312343591470317728_n.jpg?stp=cp1_dst-jpg_p720x720&_nc_cat=100&ccb=1-7&_nc_sid=127cfc&_nc_ohc=O164JjePBg8Q7kNvgEenCUH&_nc_ht=scontent-fra5-1.xx&edm=AKIiGfEEAAAA&_nc_gid=Af5AlwtCfIDQAtwUvdOGCJI&oh=00_AYAhzJNMd4NlssiBK5I-B6u4rARB40_sVb2w5x4ztoiHLA&oe=66F65D80,9,0,0,0,9,1360,1552,1617
2024-03-17,"It's St. Patrick's Day and we know just the way to celebrate! 💚 We've teamed up with 2023 #SpiritedAwards Regional Honoree for ""Best International Bar Team - Europe"" BAR 1661 to bring y'all a special #stpaddysday cocktail, 🍀 The Belfast Coffee 🍀 ⁠
⁠
You can learn more about past Spirited Awards winners & honorees here: https://talesofthecocktail.org/events/spirited-awards/",https://scontent-fra3-1.xx.fbcdn.net/v/t39.30808-6/430109170_805713861587679_7490755906597099204_n.jpg?stp=dst-jpg_s720x720&_nc_cat=103&ccb=1-7&_nc_sid=127cfc&_nc_ohc=ydSePJtfGQQQ7kNvgETEdSR&_nc_ht=scontent-fra3-1.xx&edm=AKIiGfEEAAAA&_nc_gid=Af5AlwtCfIDQAtwUvdOGCJI&oh=00_AYBPfVT66Rv5FZfsT-d1yi2S_yV-I-cagdu5rITbWDdmBg&oe=66F664A6,9,0,1,0,10,2477,2715,2727
2024-03-18,"Still searching for the right hotel for your time at #TalesoftheCocktail2024?🥂 Take a look at The Roosevelt New Orleans Waldorf Astoria Hotel, one of our partner hotels for #totc2024!  ⁠
⁠
Open since 1893 and once home to Louisiana’s legendary governor, Huey P. Long, The Roosevelt New Orleans Waldorf Astoria Hotel allows you to explore the French Quarter one block from the doors! Take in city views from the rooftop pool and discover authentic New Orleans flavors at the hotel restaurants.
⁠
Event attendees are invited to secure their stay early, as event reservations for this hotel close on June 20th, 2024. Learn more about our hotel blocks here: https://talesofthecocktail.org/events-book-hotel/",https://scontent-fra5-2.xx.fbcdn.net/v/t39.30808-6/433678667_808816844610714_1141093420602127970_n.jpg?stp=dst-jpg_p720x720&_nc_cat=107&ccb=1-7&_nc_sid=127cfc&_nc_ohc=gMjF2rEsHikQ7kNvgE2czjb&_nc_ht=scontent-fra5-2.xx&edm=AKIiGfEEAAAA&_nc_gid=Af5AlwtCfIDQAtwUvdOGCJI&oh=00_AYBGSBT6FmRldOOVaoK7T0Dta_YANdU3_ztRKIopsjblAQ&oe=66F669ED,0,0,1,0,1,1068,1299,1352
2024-03-20,"We're counting down the days until we can see your smiling faces at #TalesoftheCocktail2024! If you haven't already, be sure to book your stay with any of our incredible partner hotels!
 
Tickets for #totc2024 go on sale on World Cocktail Day, May 13th, 2024 🍸 Learn more about our hotel blocks here: https://talesofthecocktail.org/events-book-hotel/",https://scontent-fra3-1.xx.fbcdn.net/v/t39.30808-6/432500524_808839331275132_8766565338389638410_n.jpg?stp=dst-jpg_p720x720&_nc_cat=105&ccb=1-7&_nc_sid=127cfc&_nc_ohc=HuO-tWGpLEEQ7kNvgFrXI16&_nc_ht=scontent-fra3-1.xx&edm=AKIiGfEEAAAA&_nc_gid=Af5AlwtCfIDQAtwUvdOGCJI&oh=00_AYB3ed_u2E-MRGAUJfLujwLZcLvFMzX2FTJzfrlia6ZTZg&oe=66F65C82,7,2,1,2,7,2681,2984,3046
2024-03-25,"Still searching for the right hotel for your time at #TalesoftheCocktail2024?🥂 Take a look at Maison de la Luz, one of our partner hotels for #totc2024!  ⁠
⁠
A place for reverie and proper Southern swoon, Maison de la Luz finds beauty in the curious and defines luxury as moving through the world with grace. With 67 resplendent guest rooms & suites, private sanctuaries, and bespoke concierge service, Maison de la Luz is a lighthouse for the senses!
⁠
Event attendees are invited to secure their stay early, as event reservations for this hotel close on June 20th, 2024. Learn more about our hotel blocks here: https://talesofthecocktail.org/events-book-hotel/",https://scontent-fra5-1.xx.fbcdn.net/v/t39.30808-6/434195859_813229890836076_1741960301595885293_n.jpg?stp=dst-jpg_p720x720&_nc_cat=110&ccb=1-7&_nc_sid=127cfc&_nc_ohc=vxJmdoHA6McQ7kNvgGntAci&_nc_ht=scontent-fra5-1.xx&edm=AKIiGfEEAAAA&_nc_gid=AT9up5oP214WSiySI9hzqE3&oh=00_AYDkk7im-sbfazCCXvnSf46MEazeP8fCn01-V58f9qHvCQ&oe=66F684F9,3,0,0,3,3,1194,1410,1418
2024-03-26,"Celebrate #WomensHistoryMonth with the women of the #TOTC Cocktail Apprentice Program Leadership! ✨ In their feature editorial, these CAP leaders reflect on dismantling barriers within the hospitality sector and celebrating the contributions of women in bartending. ⁠
⁠
Want to celebrate with us? We've got the first look at their signature cocktail, ""Paving the Way"" ⬇️
   
🍹 1.5 Mezcal (not too smokey)
🌶 0.5 oz. Ancho Reyes Chili Liqueur
🍍 1.5 oz Freshly Juiced Ripe Pineapple  
💚 0.25 oz. Lime Syrup 
🌻 2 - 3 dashes The Bitter Bottle Roasted Dandelion Root Bitters
Garnished with an Ancho Chili Salt Rim and a fresh dandelion
⁠
Find our full interview with Cris, Juyoung, Kaleena, and Alexis here: https://talesofthecocktail.org/in-depth/evolving-inclusion-in-the-hospitality-industry/",https://scontent-fra3-1.xx.fbcdn.net/v/t39.30808-6/434384114_813856877440044_3841534174899850969_n.jpg?stp=dst-jpg_p720x720&_nc_cat=108&ccb=1-7&_nc_sid=127cfc&_nc_ohc=B2KCHymIQqUQ7kNvgHX6eTJ&_nc_ht=scontent-fra3-1.xx&edm=AKIiGfEEAAAA&_nc_gid=AT9up5oP214WSiySI9hzqE3&oh=00_AYANjdm-S_rL9T9K7LdtD8EaK2_1azP2RKNV-V1MbM0FNA&oe=66F66063,6,0,0,1,6,1396,1556,1627
2024-03-28,"Is it time to take care of a little spring cleaning? We've got just the inspo to get you all ready to toss those old love letters! Check out the 🔥 Fool Me Once 🔥 from Causwells and Elmer Mejicanos ⬇️
   
🍹 1.5oz Blanco tequila
🍸 .5oz select aperitif
🍒 1oz passion fruit syrup  
🍋 .5oz lemon 
🍳 1oz egg white
🧊 2oz seltzer water
 
Garnish with 3 pieces of edible rice paper (love letter) & lightly dust the top with corn ash (burnt corn masa).
 
TOTCF aims to support the worldwide cocktail community by sharing bartenders' creative concoctions & innovative recipes. Submit yours for an opportunity to be featured on our channels here: https://forms.gle/PjDunJWdgnEt7QnS9

#totcf",https://scontent-fra3-1.xx.fbcdn.net/v/t39.30808-6/432368784_804534471705618_6610262307855727108_n.jpg?stp=dst-jpg_p720x720&_nc_cat=101&ccb=1-7&_nc_sid=127cfc&_nc_ohc=5s8dk_BDGAcQ7kNvgGPpApu&_nc_ht=scontent-fra3-1.xx&edm=AKIiGfEEAAAA&_nc_gid=AT9up5oP214WSiySI9hzqE3&oh=00_AYByF2rwMbdStoLmRS9eZsQYspb6n6u8AAsz_Mz3T82L1w&oe=66F684DA,5,0,0,0,5,1187,1372,1421
2024-04-01,"Still searching for the right hotel for your time at #TalesoftheCocktail2024?🥂 Take a look at the Courtyard New Orleans French Quarter/Iberville, one of our partner hotels for #totc2024!  ⁠
⁠
Ideally located near celebrated attractions in New Orleans, the Courtyard Marriott New Orleans French Quarter/Iberville offers 4-star rooms and suites, a restaurant and bar, and a fitness center.
⁠
Event attendees are invited to secure their stay early, as event reservations for this hotel close on June 21st, 2024. Learn more about our hotel blocks here: https://talesofthecocktail.org/events-book-hotel/",https://scontent-fra5-2.xx.fbcdn.net/v/t39.30808-6/434384263_817793573713041_15378366445875407_n.jpg?stp=dst-jpg_p720x720&_nc_cat=109&ccb=1-7&_nc_sid=127cfc&_nc_ohc=xsaKmH-i_88Q7kNvgHOuDbo&_nc_ht=scontent-fra5-2.xx&edm=AKIiGfEEAAAA&_nc_gid=AT9up5oP214WSiySI9hzqE3&oh=00_AYAbrb6feuzzg7zZanlJjlf89geG3Tt-tGJlPK9lISfLxw&oe=66F6579E,1,0,0,0,1,1140,1353,1385
2024-04-03,"Spring is in full swing, everyone! With the days getting longer and temperatures creeping up, why not grab a refreshing cocktail to keep spirits high?! Check out this 🍹Grand Canyon Crusher🍹 recipe from The Grand Canyon Brewing Company  ⬇️
   
🍹 1.5oz rum
🍈 3/4oz passion fruit liqueur
🍇 1/4oz blackberry liqueur  
🍯 1/2oz Rich Simple (2:1) 
🍋 1/2oz lemon juice
🌱 Garnish with frosted blackberries, dehydrated lemon, and a slap of mint 🌱
 
TOTCF aims to support the worldwide cocktail community by sharing bartenders' creative concoctions & innovative recipes. Submit yours for an opportunity to be featured on our channels here: https://forms.gle/PjDunJWdgnEt7QnS9

#totcf",https://scontent-fra5-1.xx.fbcdn.net/v/t39.30808-6/434505748_817798457045886_6979696874506589177_n.jpg?stp=dst-jpg_p720x720&_nc_cat=110&ccb=1-7&_nc_sid=127cfc&_nc_ohc=duppV5kPZVUQ7kNvgHHE6my&_nc_ht=scontent-fra5-1.xx&edm=AKIiGfEEAAAA&_nc_gid=AT9up5oP214WSiySI9hzqE3&oh=00_AYCPvI8lQXtKPzSBvOLxL3dCynIA4KQTueji2lCpDZEvPQ&oe=66F65274,10,0,0,0,11,1454,1661,1742
2024-04-05,"Ahoy! Hendrick's Expedition Cocktail is back! 🙌 🔎

We're delighted to join forces once more with Hendrick's Gin to present this extraordinary program. Embark on a unique and innovative educational experience where progressive journeys could lead you to the Hendrick’s Gin Palace!

Stay tuned for an event coming to a city near you: https://www.eventbrite.com/e/hendricks-expedition-cocktail-austin-tickets-853098870687?aff=oddtdtcreator 

#HendricksExpeditionCocktail 🍸🌟",https://scontent-fra5-1.xx.fbcdn.net/v/t39.30808-6/436086144_820337573458641_5110428153781113289_n.jpg?stp=dst-jpg_p720x720&_nc_cat=100&ccb=1-7&_nc_sid=127cfc&_nc_ohc=tmIFig2fB5MQ7kNvgF2IR4J&_nc_ht=scontent-fra5-1.xx&edm=AKIiGfEEAAAA&_nc_gid=AT9up5oP214WSiySI9hzqE3&oh=00_AYDU79z6Ri-pYEiPEoOCC9-Q4xB_P_8H3YvfjwLt2Zp4cA&oe=66F668D9,11,0,0,5,11,2823,3136,3240
2024-04-08,"Still searching for the right hotel for your time at #TalesoftheCocktail2024?🥂 Take a look at the Magnolia Hotel, one of our partner hotels for #totc2024!  ⁠
⁠
Just steps away from the French Quarter’s world-renowned nightlife and distinguished architecture, find yourself strolling Bourbon Street as the sounds of famed jazz clubs and the scents of Cajun cuisine and local cocktails tempt the senses.
⁠
Event attendees are invited to secure their stay early, as event reservations for this hotel close on June 20th, 2024. Learn more about our hotel blocks here: https://talesofthecocktail.org/events-book-hotel/",https://scontent-fra3-1.xx.fbcdn.net/v/t39.30808-6/436926033_822258876599844_9166245638515634940_n.jpg?stp=dst-jpg_p720x720&_nc_cat=101&ccb=1-7&_nc_sid=127cfc&_nc_ohc=pLUi4-lZJj8Q7kNvgE3w75z&_nc_ht=scontent-fra3-1.xx&edm=AKIiGfEEAAAA&_nc_gid=AT9up5oP214WSiySI9hzqE3&oh=00_AYBpYhxP_pa7lsoMCBYZb1C-HhJKBU2zNd2YygIkcxhjMw&oe=66F674E0,3,0,0,0,3,1177,1474,1511
2024-04-09,"This is for all the classic cocktail lovers out there 🍸 Celebrate National Gin & Tonic Day with us & our new friends, Welton Room ✨ Check out their recipe for a delectable ✨ New World Gin & Tonic ✨ below ⬇️
   
🍸 2 oz Gin
🪵 .75 oz house-made Chinchona Tonic
💚 .5 oz Lime Juice  
🍳 1.5 oz Egg White 
🔥 a few dashes of Angostura Bitters
🌹 Garnish with rose petals
 
TOTCF aims to support the worldwide cocktail community by sharing bartenders' creative concoctions & innovative recipes. Submit yours for an opportunity to be featured on our channels here: https://forms.gle/PjDunJWdgnEt7QnS9

#totcf #ginandtonic #nationalginandtonicday",https://scontent-fra3-1.xx.fbcdn.net/v/t39.30808-6/436877453_822262456599486_7111359021748643683_n.jpg?_nc_cat=101&ccb=1-7&_nc_sid=127cfc&_nc_ohc=kcYWTi365tUQ7kNvgGYHLGd&_nc_ht=scontent-fra3-1.xx&edm=AKIiGfEEAAAA&_nc_gid=AT9up5oP214WSiySI9hzqE3&oh=00_AYA2yvA_2ZUOOnUFgVF9Vv7LoqmPPKKUMLyf1-LLPrmjzw&oe=66F66600,8,0,0,0,9,1335,1552,1566
2024-04-12,"As #totc2024 gets closer, we can't help but look back on last year's #SpiritedAwards! 

Join us in raising a glass to the 2023 Helen David Lifetime Achievement Award Winner, Desmond Payne, MBE 🥂 This award recognizes the achievement of an individual who has made significant contributions and lasting impact in the hospitality industry throughout their career! 

Keep an eye on our channels because we'll announce the #2024SpiritedAwards Regional Top 10 Honorees on April 18th⁠! 🎉 You can learn more about one of the industry’s most sought-after awards here: https://talesofthecocktail.org/events/spirited-awards/⁠⁠  
 ⁠
Special thanks to Forbes, our 2024 Spirited Awards Official Media Partner.",https://scontent-fra5-2.xx.fbcdn.net/v/t15.5256-10/420798694_943897107460068_8903773515910994643_n.jpg?_nc_cat=107&ccb=1-7&_nc_sid=7965db&_nc_ohc=ZmoaDBl7iC0Q7kNvgGqPte0&_nc_ht=scontent-fra5-2.xx&edm=AKIiGfEEAAAA&_nc_gid=AT9up5oP214WSiySI9hzqE3&oh=00_AYBASUDxFXRdXCJfCiGGGaPBBbCiDO7kHOSwGrzCZ56iLg&oe=66F67268,5,0,0,0,5,571,1078,1122
2024-04-15,"Still searching for the right hotel for your time at #TalesoftheCocktail2024?🥂 Take a look at the Hyatt Centric French Quarter New Orleans, one of our partner hotels for #totc2024!  ⁠
⁠
Start your New Orleans journey at Hyatt Centric French Quarter New Orleans, the upscale hotel in the heart of the action in the vibrant French Quarter. With classic architecture, creative cuisine, and the lively Bourbon Street scene, you’ll find that the fun never ends!
⁠
Event attendees are invited to secure their stay early, as event reservations for this hotel close on June 22nd, 2024. Learn more about our hotel blocks here: https://talesofthecocktail.org/events-book-hotel/",https://scontent-fra3-1.xx.fbcdn.net/v/t39.30808-6/437947655_826566729502392_6177064792056107658_n.jpg?stp=dst-jpg_p720x720&_nc_cat=101&ccb=1-7&_nc_sid=127cfc&_nc_ohc=4gIBzxmshG4Q7kNvgGOA2XH&_nc_ht=scontent-fra3-1.xx&edm=AKIiGfEEAAAA&_nc_gid=AT9up5oP214WSiySI9hzqE3&oh=00_AYApaAzzyt7rxpDSwkEDWSupMVYmbyXY6WdQLX5NXLqo_g&oe=66F668D4,1,0,0,1,1,1152,1446,1547
2024-04-18,"🥁 Drumroll, please...🥁 The 18th Annual Spirited Awards® Regional Top 10 Honorees are here! 🎉⁠
⁠
TOTCF’s 2024 Spirited Awards® Regional Top 10 Honorees recognize the following categories in 8 global regions:⁠
⁠
🔸Best U.S. Bar Team presented by @williamgrantusa
🔸Best International Bar Team presented by @TalesoftheCocktail
🔸Best U.S. Cocktail Bar presented by @delmaguey
🔸Best International Cocktail Bar presented by @patrontequila
🔸Best U.S. Hotel Bar presented by @GreyGoose
🔸Best International Hotel Bar presented by @fordsgin
🔸Best U.S. Restaurant Bar presented by @TalesoftheCocktail
🔸Best International Restaurant Bar presented by @ginmare
🔸Best New U.S. Cocktail Bar presented by @DiageoBarAcademy
🔸Best New International Cocktail Bar presented by @DiageoBarAcademy
⁠
Find the full list of honorees and more on one of the industry’s most sought-after awards here: https://talesofthecocktail.org/industrynews/tales-of-the-cocktail-foundation-announces-spirited-awards-2024-regional-top-10-honorees/

Special thanks to Forbes, our 2024 Spirited Awards Official Media Partner!

#SpiritedAwards2024 #SpiritedAwards #totc2024 #totc #totcf",https://scontent-fra3-1.xx.fbcdn.net/v/t39.30808-6/437930899_828342949324770_3133216963703920873_n.jpg?_nc_cat=101&ccb=1-7&_nc_sid=127cfc&_nc_ohc=T4Md0MsJd7QQ7kNvgGVzEL1&_nc_ht=scontent-fra3-1.xx&edm=AKIiGfEEAAAA&_nc_gid=AT9up5oP214WSiySI9hzqE3&oh=00_AYBLyH1zeiTSQMse0zNi67bvgUbxudda4ed7Fc5S1Xxd2g&oe=66F66FB1,14,0,3,13,20,1835,2181,2253
2024-04-20,"This spring might be for the girls! 💅 Grab your She Wolves and party like it's 2005 with this stunning 🌹Rosehips Don't Lie🌹 from Lady Jane  ⬇️
   
🍸 1oz Vokda
🌹 1oz Rosehip Grenadine
✨ .5oz Heirloom “Alchermes”  
💚 .75 oz Lime Juice 
🥃 2d Sirene Galangal Bitters
🥂 1oz Sparkling Rosé
🧊 Shake and fine strain over Hoshizaki ice in a goblet
🌱 Garnish with 3 skewered cranberries & mint bouquet
 
TOTCF aims to support the worldwide cocktail community by sharing bartenders' creative concoctions & innovative recipes. Submit yours for an opportunity to be featured on our channels here: https://forms.gle/PjDunJWdgnEt7QnS9

#totcf",https://scontent-fra3-1.xx.fbcdn.net/v/t39.30808-6/437931214_829088672583531_1319904038883034845_n.jpg?stp=cp1_dst-jpg_p720x720&_nc_cat=108&ccb=1-7&_nc_sid=127cfc&_nc_ohc=JcYjD65AcakQ7kNvgHOCwXB&_nc_ht=scontent-fra3-1.xx&edm=AKIiGfEEAAAA&_nc_gid=AT9up5oP214WSiySI9hzqE3&oh=00_AYAmwpMci0zeDq-ppl98wpzXQs8mlCwFI4kjwQZvKvbGsQ&oe=66F657B0,4,0,0,0,4,1442,1695,1721
2024-04-23,"🎉 Drumroll, please! 🎉 The moment we've all been waiting for is here – the winners of the Good, Clean Fun Espresso Martini Competition have been crowned! 🏆 

After a whirlwind of speedy shakes and pristine pours, eight finalists emerged victorious - earning the coveted title of Espresso Martini Champions! 🌟 Get ready to raise your glasses and cheer for our incredible winners as they prepare to jet off to the Absolut Akademi in Sweden for the experience of a lifetime! 🇸🇪

Photography: Atlas Media + Humar Miranda 

#GoodCleanFun",https://scontent-fra5-1.xx.fbcdn.net/v/t39.30808-6/438633648_831523919006673_4437143833754470593_n.jpg?stp=dst-jpg_s1080x2048&_nc_cat=102&ccb=1-7&_nc_sid=127cfc&_nc_ohc=T4kY5Lf7ADcQ7kNvgE_mHxg&_nc_ht=scontent-fra5-1.xx&edm=AKIiGfEEAAAA&_nc_gid=AT9up5oP214WSiySI9hzqE3&oh=00_AYCDX-YiVt80M46C76PZuY9gqMOFaSRF1pgPVcz_xvipew&oe=66F65FE6,17,0,1,0,18,2049,3126,3134
2024-04-26,"On behalf of Tales of the Cocktail Foundation and Bombay Sapphire, we're excited to highlight this year's Most Imaginative Bartender – Elise Hanson, Bar Manager at Bar Raval in Toronto! 🏆 

She's bringing innovation to the bar scene with her project, Higher Harvests, turning local bar and restaurant rooftops into lush gardens 🌱 to promote sustainability. Elise received a $20,000 grant to fund her initiative! 🌟 Learn more about her initiative here: https://talesofthecocktail.org/behind-bar/tales-of-the-cocktail-foundation-and-bombay-sapphire-announce-the-2024-most-imaginative-bartender-elise-hanson/ 

Cheers to creativity and a brighter future! 🥂 

#MIB2024",https://scontent-fra5-1.xx.fbcdn.net/v/t39.30808-6/439953969_833338102158588_250202552933191797_n.jpg?stp=dst-jpg_s1080x2048&_nc_cat=102&ccb=1-7&_nc_sid=127cfc&_nc_ohc=utddBwad-OEQ7kNvgHEfcVp&_nc_ht=scontent-fra5-1.xx&edm=AKIiGfEEAAAA&_nc_gid=AT9up5oP214WSiySI9hzqE3&oh=00_AYA8JA0-EQpgiED02UDZS3kCBVhxBLMcae_751rGD26Mrw&oe=66F66F07,18,3,0,1,27,2993,3355,3409
2024-04-27,"Still searching for the right hotel for your time at #TalesoftheCocktail2024?🥂 Take a look at the Four Seasons Hotel, one of our partner hotels for #totc2024!  ⁠
⁠
Unlocking the authentic New Orleans, Four Seasons invites you to their landmark tower – a heritage icon with a central downtown location on the banks of the Mississippi River.
⁠
Event attendees are invited to secure their stay early, as event reservations for this hotel close on June 20th, 2024. Learn more about our hotel blocks here: https://talesofthecocktail.org/events-book-hotel/",https://scontent-fra3-2.xx.fbcdn.net/v/t39.30808-6/438830003_833345288824536_4394363058868905623_n.jpg?stp=dst-jpg_p720x720&_nc_cat=104&ccb=1-7&_nc_sid=127cfc&_nc_ohc=bs6MTCbHBGUQ7kNvgErkVkN&_nc_ht=scontent-fra3-2.xx&edm=AKIiGfEEAAAA&_nc_gid=AT9up5oP214WSiySI9hzqE3&oh=00_AYAzoVc0x_V0iUJehHm49zkc77GCJQadtkef9NgK15mWDA&oe=66F64E09,2,0,0,1,2,1115,1390,1430
2024-04-29,"Still searching for the right hotel for your time at #TalesoftheCocktail2024?🥂 Take a look at the Holiday Inn Chateau LeMoyne, one of our partner hotels for #totc2024!  ⁠
⁠
The French Quarter hotel, only a 10-minute walk to Jackson Square and Bourbon Street, makes this the ideal hotel for exploring New Orleans by walking or streetcar. Make reservations today to enjoy the charm and culture of this historic New Orleans hotel.
⁠
Event attendees are invited to secure their stay early, as event reservations for this hotel close on June 20th, 2024. Learn more about our hotel blocks here: https://talesofthecocktail.org/events-book-hotel/",https://scontent-fra5-1.xx.fbcdn.net/v/t39.30808-6/440461572_835356865290045_2658013046935734494_n.jpg?stp=dst-jpg_p720x720&_nc_cat=110&ccb=1-7&_nc_sid=127cfc&_nc_ohc=-EY8vfNn8Q0Q7kNvgG5pwtn&_nc_ht=scontent-fra5-1.xx&edm=AKIiGfEEAAAA&_nc_gid=AT9up5oP214WSiySI9hzqE3&oh=00_AYBjhmxwaMqvVt5VXIMNHj-quNB6X_dtfV4bkuVKCzm1kg&oe=66F68633,1,0,1,0,1,969,1478,1510
2024-04-30,"Are y'all ready?! Tickets for #TalesoftheCocktail2024 go on sale in TWO WEEKS! 🔥 

We cannot wait to see each and every one of you at #totc2024! Be sure to keep an eye out over the coming weeks because we're gearing up to announce additional details, programs, events, and more! 

Tickets go on sale on World Cocktail Day, May 13th, 2024 🍸",https://scontent-fra5-2.xx.fbcdn.net/v/t39.30808-6/440791479_835984841893914_5841891404871870026_n.jpg?stp=dst-jpg_p720x720&_nc_cat=109&ccb=1-7&_nc_sid=127cfc&_nc_ohc=4mZIx8kiA4QQ7kNvgHpFyA-&_nc_ht=scontent-fra5-2.xx&edm=AKIiGfEEAAAA&_nc_gid=AT9up5oP214WSiySI9hzqE3&oh=00_AYA0VLKjw3melS3s1Y5GGdSFJlNTZjEMX3VG2_v8jL7Yaw&oe=66F65200,2,0,0,0,6,792,1074,1099
2024-05-01,"🥁 Introducing 🥁 the 2024 CAP Red Coats! 🎉
   
The Cocktail Apprentice Program (CAP) is an exclusive mentorship program for up-and-coming bartenders to learn alongside some of the biggest names in the business during #TalesoftheCocktail2024. The CAP Red Coat class includes 40 new apprentices who are selected to join the Cocktail Apprentice Program each year to learn the ropes and make the cocktails featured at #totc2024 🎉
 
You can learn more about the #CAP2024 class here: https://talesofthecocktail.org/industrynews/tales-of-the-cocktail-foundation-totcf-announces-the-2024-cocktail-apprentice-program-cap-class/

Special thanks to our media partner, Pre Shift, an industry newsletter from Milk Punch  and Eater  🥂

#CAPRedCoat2024 #totc2024 #totcf",https://scontent-fra3-2.xx.fbcdn.net/v/t39.30808-6/440782278_836741228484942_883969178935275367_n.jpg?stp=dst-jpg_s720x720&_nc_cat=104&ccb=1-7&_nc_sid=127cfc&_nc_ohc=5MRJhb_stFsQ7kNvgE5ziB0&_nc_ht=scontent-fra3-2.xx&edm=AKIiGfEEAAAA&_nc_gid=AT9up5oP214WSiySI9hzqE3&oh=00_AYA1VUi04WfycaG83aofvk1frTP69SMEYyJC-rh1u69AMw&oe=66F65B40,18,1,2,4,25,3572,4120,4302
2024-05-06,"In celebration of #AAPIHeritageMonth, we want to highlight incredible creations from AAPI-owned bars, restaraunts, and creators throughout May! Check out this 🎀 House of Geisha 🎀 recipe from the Monkey Bar team at Welton Room ⬇️
   
🍸 1 1/2oz vodka
🍶 3/4oz Junmai Sake
💚 3/4oz freshly squeezed lime juice
🍯 1/2oz simple syrup
🥒 muddled cucumbers
 
TOTCF aims to support the worldwide cocktail community by sharing bartenders' creative concoctions & innovative recipes. Submit yours for an opportunity to be featured on our channels here: https://forms.gle/PjDunJWdgnEt7QnS9

#totcf",https://scontent-fra3-1.xx.fbcdn.net/v/t39.30808-6/441448271_839970604828671_6930684925549267320_n.jpg?stp=dst-jpg_p720x720&_nc_cat=101&ccb=1-7&_nc_sid=127cfc&_nc_ohc=lyCPej4Pb20Q7kNvgFKxytq&_nc_ht=scontent-fra3-1.xx&edm=AKIiGfEEAAAA&_nc_gid=AT9up5oP214WSiySI9hzqE3&oh=00_AYAXZpBFr17VzkUN-6oB1-YEaBhZFw93Utmnf0hzZK1vfg&oe=66F66CE3,3,0,0,0,4,2036,2414,2432
2024-05-08,"We're celebrating #AAPIHeritageMonth with Caer Maiko Ferguson! ✨ In her feature editorial, Caer details her work creating spaces for Asian people, culture, and flavors in front of (and behind) the bar. ⁠
⁠
Want to celebrate with us? We've got the first look at Caer's signature cocktail, the ""Crazy Rich Lychee Martini"" ⬇️
🍸 1.25oz Gin 
🍈 1.25oz Daijoubu Lychee Cordial*
🍶 .25oz Pisco 

*You can find the full specs on how to make the Daijoubu Lychee Cordial & how to serve this cocktail in Caer's editorial!*
⁠
Find our full interview with Caer Maiko here: https://talesofthecocktail.org/people/celebrating-asian-pacific-american-heritage-month-unapologetically-normal/",https://scontent-fra5-2.xx.fbcdn.net/v/t39.30808-6/442418243_840092651483133_1056294092022581704_n.jpg?stp=dst-jpg_p720x720&_nc_cat=106&ccb=1-7&_nc_sid=127cfc&_nc_ohc=9Aldw_LkrcMQ7kNvgGoq8bf&_nc_ht=scontent-fra5-2.xx&edm=AKIiGfEEAAAA&_nc_gid=AT9up5oP214WSiySI9hzqE3&oh=00_AYB_ff8MzDHdk1Qp0qiT9G55W3bFZVGYA_CO7ys6kwuIDg&oe=66F66FB4,3,0,0,0,4,1679,2014,2064
2024-05-10,"Tickets to the world's leading cocktail conference go on sale in THREE days! 🎉🥂⁠
⁠
We are so excited to see you all at #TalesoftheCocktail2024! Whether you're joining us for a day, an evening, or the whole week, the time to secure your tickets is right around the corner 🍸⁠
⁠
#totc2024 #totcf",https://scontent-fra5-1.xx.fbcdn.net/v/t39.30808-6/441877050_840116374814094_1163502027002019812_n.jpg?stp=dst-jpg_s1080x2048&_nc_cat=110&ccb=1-7&_nc_sid=127cfc&_nc_ohc=ycGEI19T-g4Q7kNvgEUvs3j&_nc_ht=scontent-fra5-1.xx&edm=AKIiGfEEAAAA&_nc_gid=AT9up5oP214WSiySI9hzqE3&oh=00_AYBdo9lM0XhQfRjuBzeOc9z3t708e64QC5rHyGCBlvupUg&oe=66F66451,22,3,1,0,22,605,1159,1167
2024-05-14,"🥁 Introducing 🥁 the 2024 CAP Grey Coats! 🎉
   
The Cocktail Apprentice Program (CAP) is an exclusive mentorship program for up-and-coming bartenders to learn alongside some of the biggest names in the business during #TalesoftheCocktail2024. The CAP Grey Coat class includes 20 apprentices selected to be the behind-the-scenes Tales of the Cocktail mentors and leaders! 🎉
 
You can learn more about the #CAP2024 class here: https://talesofthecocktail.org/industrynews/tales-of-the-cocktail-foundation-totcf-announces-the-2024-cocktail-apprentice-program-cap-class/

Special thanks to our media partner, Pre Shift, an industry newsletter from Punch  and Eater 🥂

#totc2024 #totcf",https://scontent-fra5-2.xx.fbcdn.net/v/t39.30808-6/441692721_839989311493467_2074976571467214837_n.jpg?stp=dst-jpg_s720x720&_nc_cat=107&ccb=1-7&_nc_sid=127cfc&_nc_ohc=CKOmB1qSzwIQ7kNvgHmCL4D&_nc_ht=scontent-fra5-2.xx&edm=AKIiGfEEAAAA&_nc_gid=AT9up5oP214WSiySI9hzqE3&oh=00_AYDwHPVMsIKagMYwAmLStomAQJfQBgldEd2CuDRbm7Q7lQ&oe=66F68429,18,0,5,4,20,3289,4332,4507
2024-05-17,"We're all for cocktails that would impress the likes of Daisy Buchanan! 🥂 Check out this ✨ Beautiful Fool ✨ recipe from the bar team at The Gatsby Hawaii ⬇️
   
🍹 1.5oz Pau Vodka
🍸 0.5oz Fids St. Gin
🧉 0.5oz salted sumac lychee syrup
🍾 0.75oz Blanco Spanish Vermouth
🍋 0.25oz lemon juice
🍊 2 dashes orange bitters
🍈 Garnish with candied lychee & sprinkled sumac
 
TOTCF aims to support the worldwide cocktail community by sharing bartenders' creative concoctions & innovative recipes. Submit yours for an opportunity to be featured on our channels: https://forms.gle/PjDunJWdgnEt7QnS9

#totcf",https://scontent-fra3-1.xx.fbcdn.net/v/t39.30808-6/442412929_844568024368929_6073521209892947799_n.jpg?stp=dst-jpg_p720x720&_nc_cat=105&ccb=1-7&_nc_sid=127cfc&_nc_ohc=sm4dO-9KlNgQ7kNvgHKOgPG&_nc_ht=scontent-fra3-1.xx&edm=AKIiGfEEAAAA&_nc_gid=AT9up5oP214WSiySI9hzqE3&oh=00_AYAshU5tkFt2rlHzD-2DAsFMJbw1VapJWJPTYQx25n_6TA&oe=66F66C58,12,0,1,0,13,1580,2213,2256
2024-05-20,"Still deciding the best ticket type for your #TalesoftheCocktail2024 experience? Why not check out our Seminar & Tasting Week Pass! 🥂
   
This discounted package is the best way to experience TOTC2024 with access to Seminars, Wellness Workshops, and Tasting Rooms, including all brand education, turn-key bars, and experiential tastings 🎉
 
You can learn more about the #totc2024 ticket packages here: https://talesofthecocktail.org/tickets/",https://scontent-fra3-1.xx.fbcdn.net/v/t39.30808-6/442415688_849449167214148_5627812671412686404_n.jpg?stp=dst-jpg_s1080x2048&_nc_cat=108&ccb=1-7&_nc_sid=127cfc&_nc_ohc=ZrVmzmd_vdgQ7kNvgHLKFg3&_nc_ht=scontent-fra3-1.xx&edm=AKIiGfEEAAAA&_nc_gid=AT9up5oP214WSiySI9hzqE3&oh=00_AYAWcGEAGBJycaq8Yr0luSmEgHrybhZbEXitXdN_kgBWzQ&oe=66F6531A,7,1,1,7,7,1679,2339,2339
2024-05-21,"🥁 Introducing 🥁 the 2024 CAP Black Coats! 🎉
   
The Cocktail Apprentice Program (CAP) is an exclusive mentorship program for up-and-coming bartenders to learn alongside some of the biggest names in the business during #TalesoftheCocktail2024. The CAP Black Coat class includes 4 Cocktail Apprentices who assist Tales of the Cocktail with their detail-oriented work to both support and manage the CAP Grey Coat and Red Coat classes! 🎉
 
You can learn more about the #CAP2024 class here: https://talesofthecocktail.org/industrynews/tales-of-the-cocktail-foundation-totcf-announces-the-2024-cocktail-apprentice-program-cap-class/

Special thanks to our media partner, Pre Shift, an industry newsletter from Milk Punch  and Eater  🥂

#totc2024 #totcf",https://scontent-fra3-2.xx.fbcdn.net/v/t39.30808-6/438834376_836058291886569_5403672637836696548_n.jpg?stp=dst-jpg_s720x720&_nc_cat=111&ccb=1-7&_nc_sid=127cfc&_nc_ohc=gC2ZakxvEWMQ7kNvgH5eO3W&_nc_ht=scontent-fra3-2.xx&edm=AKIiGfEEAAAA&_nc_gid=AT9up5oP214WSiySI9hzqE3&oh=00_AYBOQe8PzJkjgX0E-ExQnzHqXojOZhv68bOAn72zxYtgEQ&oe=66F66D27,4,0,2,0,4,1432,2030,2092
2024-05-23,"Founded in 2002, #TalesoftheCocktail has grown from an annual walking tour of historic New Orleans cocktail bars into the world’s premier cocktail festival. 🍸 With hundreds of opportunities developed specifically for bartenders, distillers, bar and spirits professionals, and other cocktail enthusiasts, Tales of the Cocktail would not be possible without the support of our volunteers.

 Please consider volunteering your time to make the most of your trip to New Orleans and support the conference - all volunteers who serve more than 10 hours will earn a free Tasting Week Pass! You can learn more about volunteer opportunities for #TalesoftheCocktail2024 here: https://talesofthecocktail.org/get-involved/volunteer/

 #totc2024 #totcf",https://scontent-fra5-2.xx.fbcdn.net/v/t39.30808-6/442419309_849497980542600_8413430156376983422_n.jpg?stp=dst-jpg_s720x720&_nc_cat=109&ccb=1-7&_nc_sid=127cfc&_nc_ohc=cKy-aKQHGYcQ7kNvgFxdf5G&_nc_ht=scontent-fra5-2.xx&edm=AKIiGfEEAAAA&_nc_gid=AT9up5oP214WSiySI9hzqE3&oh=00_AYDJp0B_TGuT1XN-grHqA0ctljYAKgLi1y-ndYL5E5OAkw&oe=66F65324,4,0,0,5,4,1374,2296,2296
2024-05-28,"🥁 Introducing 🥁 the 2024 CAP White Coats! 🎉
   
The Cocktail Apprentice Program (CAP) is an exclusive mentorship program for up-and-coming bartenders to learn alongside some of the biggest names in the business during #TalesoftheCocktail2024. The CAP White Coat class includes 5 - 6 experienced Cocktail Apprentices responsible for managing and directing the entire Cocktail Apprentice Program during #totc2024! 🎉
 
You can learn more about the #CAP2024 class here: https://talesofthecocktail.org/industrynews/tales-of-the-cocktail-foundation-totcf-announces-the-2024-cocktail-apprentice-program-cap-class/

Special thanks to our media partner, Pre Shift, an industry newsletter from Milk Punch  and Eater  🥂",https://scontent-fra5-1.xx.fbcdn.net/v/t39.30808-6/440478223_836059371886461_5479186180342623794_n.jpg?stp=dst-jpg_s720x720&_nc_cat=100&ccb=1-7&_nc_sid=127cfc&_nc_ohc=5XYUW0e9dTAQ7kNvgHY78v1&_nc_ht=scontent-fra5-1.xx&edm=AKIiGfEEAAAA&_nc_gid=AT9up5oP214WSiySI9hzqE3&oh=00_AYBRIw4Qo1Xx1r_fTiqpiUB5lb_H0DaSWR-67mb-86dOkA&oe=66F682CE,4,0,0,1,6,1311,1741,1741
2024-05-29,"🥂 Cheers to the 18th Annual Spirited Awards Top 10 Nominees! 🥂
⁠
The 2024 Spirited Awards celebrate global excellence in the drinks industry and recognize professionals, organizations, and establishments shaping the cocktail community. The Top 10 Nominees award categories include: ⁠
⁠
🔸U.S. Bartender of the Year presented by @pernodricardusa
🔸International Bartender of the Year presented by @TalesoftheCocktail
🔸Best U.S. Bar Mentor presented by @jamesonwhiskey
🔸Best International Bar Mentor presented by @TalesoftheCocktail
🔸Best U.S. Brand Ambassador presented by @TalesoftheCocktail
🔸Best International Brand Ambassador presented by @TalesoftheCocktail
🔸Best U.S. Bar Team presented by @williamgrantusa
🔸Best International Bar Team presented by @TalesoftheCocktail
🔸Best U.S. Cocktail Bar presented by @delmaguey
🔸Best International Cocktail Bar presented by @patrontequila
🔸Best U.S. Hotel Bar presented by @GreyGoose
🔸Best International Hotel Bar presented by @fordsgin
🔸Best U.S. Restaurant Bar presented by @TalesoftheCocktail
🔸Best International Restaurant Bar presented by @ginmare
🔸Best New U.S. Cocktail Bar presented by @DiageoBarAcademy
🔸Best New International Cocktail Bar presented by @DiageoBarAcademy
🔸World’s Best Cocktail Menu presented by @DiageoBarAcademy
🔸World’s Best Spirits Selection presented by @TalesoftheCocktail
🔸Best New Spirit or Cocktail Ingredient presented by @TalesoftheCocktail
🔸Best Cocktail & Spirits Writing presented by @TalesoftheCocktail
🔸Best Cocktail & Spirits Publication presented by @TalesoftheCocktail
🔸Best Broadcast, Podcast, or Online Video Series presented by @TalesoftheCocktail
🔸Best New Cocktail or Bartending Book presented by @TalesoftheCocktail
🔸Best New Book on Drinks Culture, History, or Spirits presented by @TalesoftheCocktail
⁠
You can find the full list of nominees here:⁠ https://talesofthecocktail.org/industrynews/tales-of-the-cocktail-foundation-announces-top-10-nominees-for-the-2024-spirited-awards/
⁠
Special thanks to Forbes, our 2024 Spirited Awards Official Media Partner.⁠
⁠
#SpiritedAwards2024 #SpiritedAwards #2024SATop10 #totc2024 #totc #TalesoftheCocktail2024 #totcf",https://scontent-fra3-2.xx.fbcdn.net/v/t39.30808-6/446996888_855211346637930_7559719409684631119_n.jpg?stp=dst-jpg_p720x720&_nc_cat=111&ccb=1-7&_nc_sid=127cfc&_nc_ohc=lDpZ9IRqtVYQ7kNvgG4JhCD&_nc_ht=scontent-fra3-2.xx&edm=AKIiGfEEAAAA&_nc_gid=AT9up5oP214WSiySI9hzqE3&oh=00_AYBEJT8evBll3yzqrZdWOWToi-qAO_uq0cG6U7XAaIaY6Q&oe=66F682BC,7,3,7,13,11,1852,3618,3737
2024-06-01,"🏳️‍🌈❤️ Happy Pride Month, everyone! ❤️🏳️‍🌈 

As we kick off this special month, we celebrate the beautiful diversity within our community! 🌈💪 This is a time to honor the courage, resilience, and strength of our LGBTQIA+ peers, and to reaffirm our commitment to creating a world that celebrates and embraces our differences. 

We cannot wait to celebrate with you all at #TalesoftheCocktail2024! 🏳️‍⚧️🏳️‍🌈 

#pride #pridemonth #totc2024 #totcf",https://scontent-fra5-1.xx.fbcdn.net/v/t39.30808-6/445474399_856599133165818_5986345142981019877_n.jpg?stp=dst-jpg_s720x720&_nc_cat=100&ccb=1-7&_nc_sid=127cfc&_nc_ohc=X-FSIAqkG58Q7kNvgHrqqcz&_nc_ht=scontent-fra5-1.xx&edm=AKIiGfEEAAAA&_nc_gid=AT9up5oP214WSiySI9hzqE3&oh=00_AYAarXr1dr7iz0VzyO-GoUjuj9R8dgBuRes7pqLY_jEgwQ&oe=66F67285,6,2,1,0,7,479,920,946
2024-06-06,"#PrideMonth is in full swing and we have just the cocktail recipe to celebrate with! Check out this 🏳️‍🌈 Don't Ask, Don't Tell 🏳️‍🌈 from The Modern, submitted by Collin Azevedo ⬇️

🍸 1.5 Oz Empress Gin
🍹 .5 Oz Velvet Falernum 
🪔 .75 Oz Sesame Orgeat
🍋 .75 Oz Lemon Juice
🏳️‍🌈 Garnish with a lemon peel and your favorite #pride flag

TOTCF aims to support the worldwide cocktail community by sharing bartenders' creative concoctions & innovative recipes. Submit yours for an opportunity to be featured on our channels here: https://forms.gle/PjDunJWdgnEt7QnS9

#totcf",https://scontent-fra3-1.xx.fbcdn.net/v/t39.30808-6/445235618_856601703165561_176121436778928866_n.jpg?stp=dst-jpg_s720x720&_nc_cat=101&ccb=1-7&_nc_sid=127cfc&_nc_ohc=X6aTUT28NycQ7kNvgHSs8NQ&_nc_ht=scontent-fra3-1.xx&edm=AKIiGfEEAAAA&_nc_gid=AT9up5oP214WSiySI9hzqE3&oh=00_AYAdpcjKnoT4bRmqU2oyA18P-1xWuvZ1Pe3fM5OFOxs-wQ&oe=66F6603F,11,1,5,0,15,3197,4039,4274
2024-06-10,"We are so excited to announce our #CAP2024 White Coat Advisor: Cris Dehlavi! 🎉

A Cocktail Apprentice since 2010, Cris became a Black Coat in 2013 and the first female White Coat in 2015. In 2016, she was inducted into the Dame Hall of Fame (now known as Tales Catalyst) and continued evolving the #CocktailApprenticeProgram with her fellow white coats, mentoring new classes every year. Among her many achievements, Cris has completed the highly respected Bar 5-Day program, WSET Level 3 in Spirits, Level One Sommelier, and most recently received her General Certificate in Distillation.

To read more about our #CAP2024 class, click here: https://talesofthecocktail.org/industrynews/tales-of-the-cocktail-foundation-totcf-announces-the-2024-cocktail-apprentice-program-cap-class/",https://scontent-fra3-2.xx.fbcdn.net/v/t39.30808-6/448146395_862762322549499_4177721860177863867_n.jpg?stp=dst-jpg_s720x720&_nc_cat=104&ccb=1-7&_nc_sid=127cfc&_nc_ohc=ZZUp5sCYYnkQ7kNvgGtwqo-&_nc_ht=scontent-fra3-2.xx&edm=AKIiGfEEAAAA&_nc_gid=AT9up5oP214WSiySI9hzqE3&oh=00_AYBF22FQ2jWMzt_fiewCzZ4qwz68ZafHm5Atou6IBWJ2Ng&oe=66F65951,28,3,0,0,43,2839,3289,3414
2024-06-11,"From day to night, Tales of the Cocktail® has you covered! All attendees are invited to join in the fun at any of our By Invitation Events, hosted by our amazing sponsors at iconic New Orleans venues! Brands also host exclusive events that are invitation-only and only allow a lucky few in. 🥂 

Be sure to RSVP to any of our incredible events ahead of #totc2024 to secure your spot through our Conference Agenda: https://talesofthecocktail.org/by-invitation-events/

We can't wait to show you all what unforgettable moments #TalesoftheCocktail2024 has in store!",https://scontent-fra5-1.xx.fbcdn.net/v/t39.30808-6/448090214_862755802550151_581049418437756582_n.jpg?stp=dst-jpg_p720x720&_nc_cat=102&ccb=1-7&_nc_sid=127cfc&_nc_ohc=uiKc55k06r0Q7kNvgEZESno&_nc_ht=scontent-fra5-1.xx&edm=AKIiGfEEAAAA&_nc_gid=AT9up5oP214WSiySI9hzqE3&oh=00_AYCrElc_FxYRlzANppnhJZJZg6UqL08vJU2YfuGizGIuoQ&oe=66F67A0D,7,1,1,9,9,1460,1951,2015
2024-06-13,"Learn the latest tricks of the trade and grow in your career at #TalesoftheCocktail2024 Seminars! 📚 Aimed at educating people in the drinks industry, our 2024 seminars’ themes of Business, Culture, and Beyond the Bar offer relevant content applicable to today’s bartenders, managers, and owners.🍾
⁠
TOTC strives to bring innovative, inclusive, and stimulating educational programming to the annual conference. Learn more about the #totc2024 seminars here: https://talesofthecocktail.org/seminars/",https://scontent-fra3-2.xx.fbcdn.net/v/t39.30808-6/448205772_862872599205138_4121113954236900330_n.jpg?stp=dst-jpg_s720x720&_nc_cat=104&ccb=1-7&_nc_sid=127cfc&_nc_ohc=Sw0g5AvvalIQ7kNvgG0HyLd&_nc_ht=scontent-fra3-2.xx&edm=AKIiGfEEAAAA&_nc_gid=AT9up5oP214WSiySI9hzqE3&oh=00_AYAiLFtwo8oFLme_HZz1b5nkfJRysf_JMbuO0FqidrQtgw&oe=66F6529B,4,0,1,1,5,918,1258,1340
2024-06-14,"Raise a glass to New Orleans' cocktail heritage with Tales of the Cocktail®'s exclusive Cocktail Tours! 🥂 From the storied streets of Bourbon Street to the hidden gems of the Big Gay Bar Tour, each excursion offers a tantalizing glimpse into the city's libation legacy. Don't just drink -- dive into history! ⁠
⁠
Special thanks to NOLA.com, the Official Media Partner of #TalesoftheCocktail2024 Cocktail Tours! 🎉⁠

To learn more about our 2024 Cocktail Tours, click here: https://talesofthecocktail.org/new-orleans-cocktail-tours/

#totc2024 #totcf",https://scontent-fra3-2.xx.fbcdn.net/v/t39.30808-6/448086191_862836092542122_671068132004306308_n.jpg?stp=dst-jpg_s720x720&_nc_cat=111&ccb=1-7&_nc_sid=127cfc&_nc_ohc=sDnlxMsEBAIQ7kNvgGMK4c5&_nc_ht=scontent-fra3-2.xx&edm=AKIiGfEEAAAA&_nc_gid=AT9up5oP214WSiySI9hzqE3&oh=00_AYBo7u-CDp3Wm59Pmm2G94nLUfFzcmQqKQH3sqdPnJl6ww&oe=66F657FF,2,0,1,0,2,1083,1370,1413
2024-06-17,"Your 2024 Spirited Awards Top 4 Finalists are here! 🏅 ⁠

The Top 4 Finalists award categories include:⁠
⁠
🔸U.S. Bartender of the Year presented by @pernodricardusa
🔸International Bartender of the Year presented by @bodegaslustau
🔸Best U.S. Bar Mentor presented by @jamesonwhiskey
🔸Best International Bar Mentor presented by @TalesoftheCocktail
🔸Best U.S. Brand Ambassador presented by @TalesoftheCocktail
🔸Best International Brand Ambassador presented by @TalesoftheCocktail
🔸Best U.S. Bar Team presented by @williamgrantusa
🔸Best International Bar Team presented by @TalesoftheCocktail
🔸Best U.S. Cocktail Bar presented by @delmaguey
🔸Best International Cocktail Bar presented by @patrontequila
🔸Best U.S. Hotel Bar presented by @GreyGoose
🔸Best International Hotel Bar presented by @fordsgin
🔸Best U.S. Restaurant Bar presented by @TalesoftheCocktail
🔸Best International Restaurant Bar presented by @ginmare
🔸Best New U.S. Cocktail Bar presented by @DiageoBarAcademy
🔸Best New International Cocktail Bar presented by @DiageoBarAcademy
🔸World’s Best Cocktail Menu presented by @DiageoBarAcademy
🔸World’s Best Spirits Selection presented by @TalesoftheCocktail
🔸Best New Spirit or Cocktail Ingredient presented by @TalesoftheCocktail
🔸Best Cocktail & Spirits Writing presented by @TalesoftheCocktail
🔸Best Cocktail & Spirits Publication presented by @TalesoftheCocktail
🔸Best Broadcast, Podcast, or Online Video Series presented by @TalesoftheCocktail
🔸Best New Cocktail or Bartending Book presented by @TalesoftheCocktail
🔸Best New Book on Drinks Culture, History, or Spirits presented by @TalesoftheCocktail
⁠
Learn more about this year’s finalists here: https://talesofthecocktail.org/industrynews/tales-of-the-cocktail-foundation-announces-2024-spirited-awards-top-four-finalists/
⁠
Special thanks to Forbes, our 2024 Spirited Awards Official Media Partner.",https://scontent-fra5-2.xx.fbcdn.net/v/t39.30808-6/448642967_867269498765448_1355378759696081423_n.jpg?stp=dst-jpg_p720x720&_nc_cat=106&ccb=1-7&_nc_sid=127cfc&_nc_ohc=DHXHpUsGi3sQ7kNvgFJWnO4&_nc_ht=scontent-fra5-2.xx&edm=AKIiGfEEAAAA&_nc_gid=AT9up5oP214WSiySI9hzqE3&oh=00_AYAmK-7AjTzwMj01UOHe8vmGf0R_fQ9bYlWAr6bmbEZ86g&oe=66F6750E,12,0,7,31,13,2363,3702,4362
2024-06-19,"We're celebrating this #Juneteenth with Keyatta Mincey-Parker! ✨ In her feature editorial, Keyatta details the importance of acknowledge the hospitality industry's past shortcomings while also honoring the stories, cultures, and people behind each drink.
⁠
Want to celebrate with us? We've got the first look at Keyatta's signature cocktail, the 💐 Afternoon In The Garden 💐 ⬇️
🥃 2oz Amaro Georgiano 
🍾 3oz Prosecco
🌼 2oz Montaine Honeysuckle Sparkling Water
🍋 Garnish with dehydrated citrus or fresh herbs
⁠
Read our full interview with Keyatta here: https://talesofthecocktail.org/people/celebrating-heritage-through-hospitality-building-stronger-communities-in-the-cocktail-industry/",https://scontent-fra5-1.xx.fbcdn.net/v/t39.30808-6/448537633_867964312029300_1448026194811843370_n.jpg?stp=dst-jpg_s720x720&_nc_cat=110&ccb=1-7&_nc_sid=127cfc&_nc_ohc=CFfkVzXCTcYQ7kNvgGV35TU&_nc_ht=scontent-fra5-1.xx&edm=AKIiGfEEAAAA&_nc_gid=AT9up5oP214WSiySI9hzqE3&oh=00_AYCgKGP7I5NLAnHTV4ioU3sb6fcvQVO6SqtSChh3P2bPdg&oe=66F67C3C,3,0,0,0,4,814,1073,1100
2024-06-20,"Experience the perfect blend of taste and knowledge at the Bookstore & Bitters Market! 📚 Sample enticing bitters brands and peruse through a curated collection of the latest cocktail books. 
⁠
Dive into the world of mixology, uncover hidden gems, and join in ""Shots of Inspiration"" sessions for enlightening conversations with fellow cocktail enthusiasts.⁠ 🍹

Learn more about the #TalesoftheCocktail2024 Bookstore & Bitters Market here: https://talesofthecocktail.org/totc-conference-agenda/  

#totc2024 #totcf",https://scontent-fra3-2.xx.fbcdn.net/v/t39.30808-6/448626223_867972005361864_4671747276970075551_n.jpg?stp=dst-jpg_s720x720&_nc_cat=111&ccb=1-7&_nc_sid=127cfc&_nc_ohc=Ol10LFiNUzcQ7kNvgEVXpEQ&_nc_ht=scontent-fra3-2.xx&edm=AKIiGfEEAAAA&_nc_gid=AT9up5oP214WSiySI9hzqE3&oh=00_AYAMicdXQRHXOQAkzWNnB8qpnjSk1y0gG2ql5us7ttQx1A&oe=66F67D38,3,0,0,1,3,371,608,653
2024-06-20,"Experience the perfect blend of taste and knowledge at the Bookstore & Bitters Market, presented by Octavia Books! 📚 Sample enticing bitters brands and peruse through a curated collection of the latest cocktail books. 
⁠
Dive into the world of mixology, uncover hidden gems, and join in ""Shots of Inspiration"" sessions for enlightening conversations with fellow cocktail enthusiasts.⁠ 🍹

Learn more about the #TalesoftheCocktail2024 Bookstore & Bitters Market here: https://talesofthecocktail.org/totc-conference-agenda/  

#totc2024 #totcf",https://scontent-fra3-2.xx.fbcdn.net/v/t39.30808-6/448637483_868014345357630_8977473342568862260_n.jpg?stp=dst-jpg_s720x720&_nc_cat=111&ccb=1-7&_nc_sid=127cfc&_nc_ohc=DZeWDGdhIg8Q7kNvgHvwQsm&_nc_ht=scontent-fra3-2.xx&edm=AKIiGfEEAAAA&_nc_gid=AT9up5oP214WSiySI9hzqE3&oh=00_AYD7xLHBHqBhMnUZYNUi90kk8tt2frwLuqfkXskx-DjTxA&oe=66F6523D,2,0,0,0,2,504,728,777
2024-06-21,"Need a refreshing cocktail to help you beat the heat this summer? We have just the thing! Check out this 🧊 Rush 🧊 recipe from Taylor Lax (@the.cocktail.bandit on Instagram)! ⬇️

☕ .5oz Cold Brew Coffee Liqueur
🍌 .75oz Kin Whiskey Banana Liqueur
🥃 1.25oz Amontillado Sherry Lustau
🧉 3oz Coconut Sparkling Water
🥛 Non-Dairy Cream
🫚 Garnish with Grated Cinnamon
 
TOTCF aims to support the worldwide cocktail community by sharing bartenders' creative concoctions & innovative recipes. Submit yours for an opportunity to be featured on our channels here: https://forms.gle/PjDunJWdgnEt7QnS9

#totcf",https://scontent-fra5-2.xx.fbcdn.net/v/t39.30808-6/448641453_868011458691252_5394441884523989680_n.jpg?stp=dst-jpg_p720x720&_nc_cat=106&ccb=1-7&_nc_sid=127cfc&_nc_ohc=HhCTwsdx1FYQ7kNvgH-5t1C&_nc_ht=scontent-fra5-2.xx&edm=AKIiGfEEAAAA&_nc_gid=AT9up5oP214WSiySI9hzqE3&oh=00_AYBxuhcv1A_b8B0yLEbf1VDDdwB5zKab2fO4iwCBzXXfPA&oe=66F6540A,3,0,0,0,3,1454,1746,1774
2024-06-23,"Beyond the Bar® is more than a program—it's a movement. 💪 With exciting events like Day of Service, Networking Nook, and the 2024 Grant Recipient Showcase, our Beyond the Bar programming at #totc2024 offers a platform to tackle the pressing issues facing our industry. 
⁠
Join our global community as we delve into vital topics like mental health, diversity, and sustainability to help shape the future of the drinks industry! You can register for the #TalesoftheCocktail2024 Day of Service here: https://forms.gle/UWfMSKN6nzz3bFZe9
⁠
Special thanks to The Spill, the Official Media Partner of our Beyond the Bar® programming! 🎉⁠
⁠
#totcf",https://scontent-fra5-2.xx.fbcdn.net/v/t39.30808-6/448816058_870037018488696_6471549225920257492_n.jpg?stp=dst-jpg_s720x720&_nc_cat=109&ccb=1-7&_nc_sid=127cfc&_nc_ohc=Y2GpXO1xmi0Q7kNvgFfpVVs&_nc_ht=scontent-fra5-2.xx&edm=AKIiGfEEAAAA&_nc_gid=AT9up5oP214WSiySI9hzqE3&oh=00_AYBkYwhXd_dqLQ7-9OQODOveamogiF-OCwI5JR_xtTGjjA&oe=66F66539,3,0,1,0,3,912,1203,1253
2024-06-24,"Join Espolòn Tequila to celebrate 25 years of championing unapologetic originality! 🎉 

Revel in the raw energy and revolutionary spirit at Noche Neón, the fiesta to end all fiestas. Expect vibrant musical guests, bold celebrations, dazzling visuals inspired by street art, and excellent cocktails. Let’s raise a glass to Espolòn! 

RSVP here: https://camparitakestales2024.splashthat.com./

#CampariTakesTales2024 #TalesoftheCocktail2024",https://scontent-fra3-1.xx.fbcdn.net/v/t39.30808-6/449060484_871939171631814_8536209243373921240_n.jpg?stp=dst-jpg_s720x720&_nc_cat=101&ccb=1-7&_nc_sid=127cfc&_nc_ohc=12TJIin0d5YQ7kNvgFW7-oh&_nc_ht=scontent-fra3-1.xx&edm=AKIiGfEEAAAA&_nc_gid=AT9up5oP214WSiySI9hzqE3&oh=00_AYAXRnaS5oZf92sbA7FBymKGoyBRCV6-QNw5qde0PkF9-w&oe=66F65150,10,0,0,5,11,1601,1951,1955
2024-06-25,"Announcing the 2024 Spirited Awards Helen David Lifetime Achievement Award, Tales Visionary Award, Timeless U.S. Award, and Timeless International Award Winners! 🏅 ⁠

These awards recognize an International and U.S.-based bar or individual that has contributed to the history of cocktails and/or spirits and is respected as an institution that has inspired the culture and growth of other bar professionals and/or establishments. We are proud to announce the following winners: ⁠
⁠
🔸Helen David Lifetime Achievement Award winner Hidetsugu Ueno 
🔸Tales Visionary Award winner Colin Asare-Appiah 
🔸Timeless U.S. Award winner The Buena Vista
🔸Timeless International Award winner Cafe Pacifico

Join us in celebrating these industry icons at the 18th Annual Spirited Awards! You can grab your tickets here: ⁠https://www.ticketmaster.com/event/1B0060B7028B978C?did=fillmorenola24sa
⁠
Special thanks to Forbes, our 2024 #SpiritedAwards Official Media Partner.",https://scontent-fra3-1.xx.fbcdn.net/v/t39.30808-6/448979967_872081648284233_1714139595630887209_n.jpg?stp=dst-jpg_s720x720&_nc_cat=101&ccb=1-7&_nc_sid=127cfc&_nc_ohc=7kzTLatchfgQ7kNvgGf9Wfc&_nc_ht=scontent-fra3-1.xx&edm=AKIiGfEEAAAA&_nc_gid=AT9up5oP214WSiySI9hzqE3&oh=00_AYALAW57r-rLZZAiIInJYn263yizqsVL_tG-5bS2A_J8HQ&oe=66F67BE2,11,0,0,0,16,1374,1691,1771
2024-06-26,"🔸 Congratulations to the 2024 Tales Catalyst Honorees: Becky Paskin, International Catalyst Honoree, and Keyatta Mincey Parker, U.S. Catalyst Honoree! 🔸⁠
⁠
Join us as we celebrate the 2024 Tales Catalyst Honorees on Tuesday, July 23rd! This celebration will honor these leaders who have made unique and lasting contributions to accessibility and intersectionality within the global spirits industry. ✨⁠
⁠
Special thanks to our Tales Catalyst presenting sponsor Diageo Bar Academy 
and the Tales Catalyst Media Partners Beverage Media Group and SevenFifty Daily! 
⁠
Learn more about this event and purchase your tickets here: https://talesofthecocktail.org/industrynews/tales-of-the-cocktail-foundation-announces-tales-catalyst-honorees/⁠
⁠
#2024TalesCatalyst #TalesCatalyst #totc2024 #TalesoftheCocktail2024 #totcf",https://scontent-fra3-1.xx.fbcdn.net/v/t39.30808-6/449093616_872778301547901_7795573201717518712_n.jpg?stp=dst-jpg_s720x720&_nc_cat=101&ccb=1-7&_nc_sid=127cfc&_nc_ohc=CrJ5Bv4HycsQ7kNvgFkmNrq&_nc_ht=scontent-fra3-1.xx&edm=AKIiGfEEAAAA&_nc_gid=AT9up5oP214WSiySI9hzqE3&oh=00_AYApkqy6oHk2Npd2yFe6bJYXuhcEsiwOIoKbbsMqNtrLaA&oe=66F650AF,7,0,0,0,7,682,948,971
2024-06-27,"Cheers to 300 Years! 🎉

Join Rémy Martin to celebrate their 300th Anniversary with specialty cocktails crafted by legends from Harry’s Bar, Accomplice, Allegory, and Turning Tables! Arrive before midnight for an exclusive surprise and stay for captivating performances throughout the night. 

Wednesday, July 24th – 11pm-2am
The Chicory, 611 Fulton Street

#remymartin300",https://scontent-fra5-1.xx.fbcdn.net/v/t39.30808-6/449264706_873922601433471_8708340736638353595_n.jpg?stp=dst-jpg_p720x720&_nc_cat=110&ccb=1-7&_nc_sid=127cfc&_nc_ohc=EomTwtDNFGgQ7kNvgFHZLBk&_nc_ht=scontent-fra5-1.xx&edm=AKIiGfEEAAAA&_nc_gid=AT9up5oP214WSiySI9hzqE3&oh=00_AYA65goBdv4yWF9Vthy5rxuPel62o8jhDuovuiXFAAqpzg&oe=66F67C92,13,1,0,0,13,689,945,994
2024-06-28,"We're celebrating #PrideMonth with Daddy Long Legs! ✨ In their feature editorial, they explore the intersections of being a Black, Queer, and Non-Binary bartender navigating predominately white spaces throughout their career.
⁠
Want to celebrate with us? We've got the first look at Daddy Long Legs' signature cocktail, 💃 The Lady Who Appears to be a Gentleman 💃 ⬇️
⁠
🍯 1.25 oz Goat Cheese & Honey Vodka
🍓 0.75 oz Strawberry Tomato Cordial
🍹 0.75 oz Ten-to-One Caribbean Rum 
🍸 0.5 oz Martini and Rossi Dry Vermouth 
🍋 0.25 oz lemon juice
⁠
Read our full interview with Daddy Long Legs here: https://talesofthecocktail.org/people/celebrating-pride-month-say-it-louder-for-the-people-in-the-back/",https://scontent-fra3-2.xx.fbcdn.net/v/t39.30808-6/449379933_874542901371441_3522169173035459215_n.jpg?stp=dst-jpg_s720x720&_nc_cat=104&ccb=1-7&_nc_sid=127cfc&_nc_ohc=IMtvjD2Dy0oQ7kNvgGtXEbs&_nc_ht=scontent-fra3-2.xx&edm=AKIiGfEEAAAA&_nc_gid=AT9up5oP214WSiySI9hzqE3&oh=00_AYBetY7WnTshT8PtklERE1jQh1qaeMLpgAVi_bq3OCoLGw&oe=66F656CF,7,0,0,0,10,613,907,989
2024-06-29,"Celebrate the spirit of innovation at Meet the Distillers, where attendees and partners come together to explore the artistry behind spirits! 🥃
⁠
With over 30 distillers from around the globe, this event promises attendees the chance to sample a wide array of spirits while engaging with passionate creators. 🌎 This year, we're excited to offer two sessions on Thursday, ensuring attendees have ample time to explore and discover new favorites! 
⁠
Don't miss this opportunity to indulge your senses and connect with fellow spirits enthusiasts! 🥂",https://scontent-fra3-1.xx.fbcdn.net/v/t39.30808-6/449368779_874678158024582_7718970473911522185_n.jpg?stp=dst-jpg_s720x720&_nc_cat=105&ccb=1-7&_nc_sid=127cfc&_nc_ohc=uGeHH9X5UsQQ7kNvgFrF7jl&_nc_ht=scontent-fra3-1.xx&edm=AKIiGfEEAAAA&_nc_gid=AT9up5oP214WSiySI9hzqE3&oh=00_AYCI48bTCInap1Ilho8vjMCoHihmWCwg8g2699v8UDkadw&oe=66F667C9,4,0,0,0,4,587,816,903
2024-06-30,"Elevate your #totc2024 experience with captivating Seminars at the renowned Ritz-Carlton, New Orleans! 
⁠⁠
Attendees gain valuable insights into issues, trends, and innovations within the bar industry while sponsors enjoy prominent logo placement on the TOTC2024 agenda and signage. 
⁠
Join us at any of our incredible seminars as we aim to redefine the boundaries of spirits education! 🥂
⁠⁠
#totc #totcf",https://scontent-fra5-2.xx.fbcdn.net/v/t39.30808-6/449455386_874682891357442_7889670475050035472_n.jpg?stp=dst-jpg_s720x720&_nc_cat=109&ccb=1-7&_nc_sid=127cfc&_nc_ohc=6gPiMczqR_YQ7kNvgHmUOE8&_nc_ht=scontent-fra5-2.xx&edm=AKIiGfEEAAAA&_nc_gid=AT9up5oP214WSiySI9hzqE3&oh=00_AYCdaWFv2An7zbS6XDB9Al5nxoU_Jxah7t30FHrNtXMvkA&oe=66F67187,2,0,0,0,2,498,696,751
2024-07-01,"Experience #TalesOfTheCocktail2024 with Brown-Forman! 🎉🥂 We cannot wait for you all to experience: 

1️⃣ Industry Night by Fords Gin: Enjoy global drink specials from around the globe, guest chef family meals, and epic beats from Miami’s finest 🎶

2️⃣ House of Herradura: Celebrate 150 years of Casa Herradura and the 50th anniversary of Reposado 🥃

3️⃣ A Spectacle for the Senses by Woodford Reserve: Discover the 200+ flavors of Woodford Reserve through cocktails from top bar talent ✨ 

Join us for unforgettable nights and amazing experiences! Keep an eye out for these RSVP links coming soon 👀 

#totc2024 #BrownForman",https://scontent-fra3-2.xx.fbcdn.net/v/t39.30808-6/449519943_876684491157282_8653867206502699617_n.jpg?stp=dst-jpg_s720x720&_nc_cat=104&ccb=1-7&_nc_sid=127cfc&_nc_ohc=R91Ako1ud7IQ7kNvgHFn5XA&_nc_ht=scontent-fra3-2.xx&edm=AKIiGfEEAAAA&_nc_gid=AT9up5oP214WSiySI9hzqE3&oh=00_AYB7gvH7jwslKbibTjHCwHXduSXhN3jku_v27DC2Bvjm4w&oe=66F66641,7,0,2,0,7,1081,1402,1538
2024-07-03,"The New Orleans Spirits Competition, presented by Tales of the Cocktail Foundation, will honor the top spirits of the year and bring wider recognition to the best of the distilled spirits community. Who decides which products are the most outstanding? Some of the most respected and talented spirits industry leaders in the world!

This year's judges include Dale DeGroff, Jeff “Beachbum” Berry, Clay Risen, Emma Janzen, Paul Clarke, Anu Apte, Bridget Albert, Martin Cate, Lisa Roper Wicker, Steve Beal, and many more. 

Check out the full list of incredible judges and join them in judging the top spirits in each category on July 22nd and 23rd at The Ritz Carlton: https://www.nolaspiritscomp.com/copy-of-judges-23

Special thanks to Imbibe, the Official Media Partner of the New Orleans Spirits Competition!",https://scontent-fra3-2.xx.fbcdn.net/v/t39.30808-6/449777322_878056847686713_4481420095597881934_n.jpg?stp=dst-jpg_s720x720&_nc_cat=111&ccb=1-7&_nc_sid=127cfc&_nc_ohc=pdbTfPPrOVgQ7kNvgG4kyu3&_nc_ht=scontent-fra3-2.xx&edm=AKIiGfEEAAAA&_nc_gid=AT9up5oP214WSiySI9hzqE3&oh=00_AYCVEj4WOGwHJXgSw4GujZotAEhU4-x9yNy1lCMHTDW7_Q&oe=66F668D3,3,0,0,3,4,591,1159,1195
2024-07-04,"Want to join #totcf in our pledge to support local bar sustainability? All event attendees are invited to join Edrington, Tales of the Cocktail Foundation, New Orleans Water Collaborative, and Green Light in a Day of Service on July 21, 2024! 🌎 💪

Volunteers will have the opportunity to learn about Tales of the Cocktail Foundation's sustainability initiatives, the history & intersection of water and justice in New Orleans, and paint rain barrels that will then go to bars and restaurants in the city! 

The deadline to sign up is July 10th - secure your spot here:  https://forms.gle/xbwwChdbVY474M9n9

Special thanks to Edrington Americas, the official sponsor of #TalesoftheCocktail2024 Day of Service!",https://scontent-fra3-1.xx.fbcdn.net/v/t39.30808-6/449696729_878142067678191_3179980038508419439_n.jpg?stp=dst-jpg_s720x720&_nc_cat=108&ccb=1-7&_nc_sid=127cfc&_nc_ohc=7MH9Saim9HIQ7kNvgHW0smS&_nc_ht=scontent-fra3-1.xx&edm=AKIiGfEEAAAA&_nc_gid=AT9up5oP214WSiySI9hzqE3&oh=00_AYDlZi6Z9-v-TdLNsjBjkbwd0YdLkhMBoU16ROe8ZPgriQ&oe=66F68615,4,0,0,0,4,1384,2178,2239
2024-07-05,"At Tales of the Cocktail®, we believe in celebrating not just spirits, but also the rich culture of New Orleans. ⚜️

Join us for Spirited Dining events, where sponsors and local restaurants come together to create a gastronomic journey like no other. From innovative cocktail pairings to tantalizing signature drinks, it's a feast for the senses! 🍽️

Special thanks to Wine Enthusiast, the official Media Partner for #TalesoftheCocktail2024 Spirited Dining!",https://scontent-fra5-2.xx.fbcdn.net/v/t39.30808-6/449782660_878145447677853_8359889968422522909_n.jpg?stp=dst-jpg_s720x720&_nc_cat=106&ccb=1-7&_nc_sid=127cfc&_nc_ohc=NMB9DMeGnTwQ7kNvgG7ejJN&_nc_ht=scontent-fra5-2.xx&edm=AKIiGfEEAAAA&_nc_gid=AT9up5oP214WSiySI9hzqE3&oh=00_AYC3hmIfOIy8DxnOEaLQp8shJRpTbazv4vvyFCrvhLAlcg&oe=66F65D6D,7,0,1,0,8,852,1533,1593
2024-07-06,"Are y'all ready for one of the most anticipated nights of the year?? The William Grant and Sons Portfolio Party at Tales of the Cocktail is coming up soon! (#iykyk) 

This year it's a Bombonera explosion of surprises and delights – curious to know more? Join us at the Orpheum Theater on July 23rd: https://urldefense.com/v3/__https:/www.eventbrite.com/e/la-bombonera-presented-by-william-grant-sons-at-tales-of-the-cocktail-tickets-927367490127?aff=oddtdtcreator__;!!N96JrnIq8IfO5w!gwijN5yIOxeZq4yTj0aoSUzAl81lB-2tf5D8rKvBNYDZ_YkwnHYPONKysrhHPREGiA0iG3Cn0RmnfdwoBMPjptY_aBC-K4GFqWo$

#TalesoftheCocktail2024 #totc2024 #totcf",https://scontent-fra5-1.xx.fbcdn.net/v/t39.30808-6/449971727_879976147494783_1767815544700499745_n.jpg?stp=dst-jpg_s720x720&_nc_cat=102&ccb=1-7&_nc_sid=127cfc&_nc_ohc=dzky2V3mcIYQ7kNvgGz28GP&_nc_ht=scontent-fra5-1.xx&edm=AKIiGfEEAAAA&_nc_gid=AT9up5oP214WSiySI9hzqE3&oh=00_AYDOBdQVRhurTuLdSvVsqzF5-BFogbKCXk2N5_HUJnsJOQ&oe=66F662A1,12,1,2,6,14,1207,1977,2052
2024-07-07,"🍸 Get ready to mix it up at Tales of the Cocktail® with Guest Shifts! 🍸

Experience unique collaborations between guest bartenders, local New Orleans venues, and brands. Let's shake things up together! 🥂
⁠⁠
#totc2024 #totcf",https://scontent-fra5-1.xx.fbcdn.net/v/t39.30808-6/449979553_879984784160586_3075504089143502284_n.jpg?stp=dst-jpg_s720x720&_nc_cat=102&ccb=1-7&_nc_sid=127cfc&_nc_ohc=yaXXJJds3eoQ7kNvgGUDM8g&_nc_ht=scontent-fra5-1.xx&edm=AKIiGfEEAAAA&_nc_gid=AT9up5oP214WSiySI9hzqE3&oh=00_AYClF16MLXCFEcYcqKP55fuEHS3muD5DsMvLtRw-058h4Q&oe=66F671E5,11,0,0,0,11,1436,1765,1787
2024-07-08,"Wanting to create your own TOTC agenda, RSVP to TOTC events, and stay in the know about all things TOTC 2024?🍹 There's an app for that! 📲 ⁠
⁠
Our Tales of the Cocktail 2024 Whova App is now live! Download the Whova - Event & Conference App from the Google Play or Apple App Store to use the app — keep in mind that you must be a ticket holder who has completed registration to use the app. 
⁠
All registered attendees can download the TOTC2024 Whova App now: https://whova.com/portal/tales_202407/?source=text_link
⁠
#totc2024 #TalesoftheCocktail2024",https://scontent-fra5-2.xx.fbcdn.net/v/t39.30808-6/450472738_881235897368808_7545959111405952744_n.jpg?stp=dst-jpg_p720x720&_nc_cat=107&ccb=1-7&_nc_sid=127cfc&_nc_ohc=f65RhZayWwsQ7kNvgEshxkn&_nc_ht=scontent-fra5-2.xx&edm=AKIiGfEEAAAA&_nc_gid=AT9up5oP214WSiySI9hzqE3&oh=00_AYBF3FclTDQdGhajnT_Zl7JZZ9tTSQX2yHHXK8hVeDWmTg&oe=66F66D36,1,0,0,5,1,1324,1608,1618
2024-07-09,"What do you get when you ask two top bars to curate an immersive experience that blends their two bar concepts together? Well, we can’t wait to show you in July! La Gran Familia Café is back for its second year at Tales of the Cocktail! ⁠🔥
⁠
Get excited because this year’s collaborators are ready to bring it 💪 You can learn more about this event here: https://www.bacardilgfevents.com/
⁠
#totc2024 #TalesoftheCocktail2024",https://scontent-fra5-1.xx.fbcdn.net/v/t39.30808-6/450478664_881883003970764_7766346925686225203_n.jpg?stp=dst-jpg_s720x720&_nc_cat=110&ccb=1-7&_nc_sid=127cfc&_nc_ohc=Z0IxbKMrkZkQ7kNvgF5OGuV&_nc_ht=scontent-fra5-1.xx&edm=AKIiGfEEAAAA&_nc_gid=AT9up5oP214WSiySI9hzqE3&oh=00_AYDzQQl-kFTw3hVemdSwjxKuBRv-VI6oTVR7jCHOtDoHlQ&oe=66F679E6,3,0,0,6,3,1162,1456,1520
2024-07-10,"Don't miss the New Orleans Spirits Competition championship rounds on July 22nd and 23rd at Tales of the Cocktail®! Taste the top six spirits along with the judges as part of a live audience while panels of experts determine which brands are worthy of being deemed Spirits of the Year. 🏆

Then join us on Thursday, July 25th, to learn who won the top awards, sample some of the medal-winning spirits, and chat with the New Orleans Spirits Competition judges, founders, and many of the distillers who make the winning products!  

Learn more and purchase your tickets here: https://talesofthecocktail.org/tickets/

Special thanks to Imbibe, the Official Media Partner of the New Orleans Spirits Competition!",https://scontent-fra3-2.xx.fbcdn.net/v/t39.30808-6/450405562_882488500576881_4959028801488382339_n.jpg?stp=dst-jpg_s720x720&_nc_cat=111&ccb=1-7&_nc_sid=127cfc&_nc_ohc=gazKjxP338UQ7kNvgEaKSVd&_nc_ht=scontent-fra3-2.xx&edm=AKIiGfEEAAAA&_nc_gid=AT9up5oP214WSiySI9hzqE3&oh=00_AYCp4pLkCc4RAtdtEiBUQ5Nd410Fde81RdtSUp6kYlphGQ&oe=66F68474,2,0,0,1,2,1182,1483,1490
2024-07-11,"✨ Join us all week long at the World Class Lounge in Salon 1B at the Ritz Carlton, New Orleans ✨ Get ready for an incredible lineup of education, industry experts, and exceptional cocktails! 

Seats are limited and it's first-come, first-served, so make sure to purchase your Tasting Pass and RSVP to secure your spot here: https://www.diageobaracademy.com/en-us/home/tales-2024 

We can't wait to see you there! 🎉

#totc2024 #totcf",https://scontent-fra5-2.xx.fbcdn.net/v/t39.30808-6/450766554_883084490517282_2737487170260826712_n.jpg?stp=cp1_dst-jpg_p720x720&_nc_cat=107&ccb=1-7&_nc_sid=127cfc&_nc_ohc=t-pQzMdaWDIQ7kNvgHD6u64&_nc_ht=scontent-fra5-2.xx&edm=AKIiGfEEAAAA&_nc_gid=AT9up5oP214WSiySI9hzqE3&oh=00_AYAvFXqhIA5SRkI9SH7hfkoaA01HqMGUUPgMi5xwjnFgWQ&oe=66F6593A,7,0,1,4,7,1698,2011,2091
2024-07-12,"Mermaids, Magicians, and Mezcal - oh my! TOTC2024's All Day Events are sure to be legendary 🎉⁠ 

Join us for an unforgettable experience at this lineup of daytime events! Space at these events is limited, so secure your spot here: https://talesofthecocktail.org/totc-conference-agenda/
⁠⁠
#totc2024 #totcf",https://scontent-fra5-2.xx.fbcdn.net/v/t39.30808-6/450484253_883651230460608_7515094995912338733_n.jpg?stp=dst-jpg_s720x720&_nc_cat=106&ccb=1-7&_nc_sid=127cfc&_nc_ohc=xMmozYLIZmgQ7kNvgFJbqu8&_nc_ht=scontent-fra5-2.xx&edm=AKIiGfEEAAAA&_nc_gid=AT9up5oP214WSiySI9hzqE3&oh=00_AYAtjbsV7Pbnb7aUv4pO3U-2P-RC161rreIb_u1KIn58Wg&oe=66F6662B,5,0,0,3,7,639,936,969
2024-07-13,"🏆 Wanting to learn more about our 2024 #SpiritedAwards Top 4 Finalists? 🏆 Now you can with the official 2024 Spirited Awards Digital Playbill! 🎉⁠
⁠⁠
You can check out the #SpiritedAwards2024 Digital Playbill right here: https://issuu.com/totcf/docs/twostudios_totc_spiritedawardsplaybill_071124b
⁠
Special thanks to Forbes, the official media partner for the 18th Annual Spirited Awards⁠!",https://scontent-fra5-1.xx.fbcdn.net/v/t39.30808-6/451049949_883655320460199_975183740780297531_n.jpg?stp=dst-jpg_p720x720&_nc_cat=102&ccb=1-7&_nc_sid=127cfc&_nc_ohc=ldp16movsz4Q7kNvgGNk4x5&_nc_ht=scontent-fra5-1.xx&edm=AKIiGfEEAAAA&_nc_gid=AT9up5oP214WSiySI9hzqE3&oh=00_AYDNctNOR8p2Epl5H-8Ldwn_9BEvfJdWvG-HCA_LPOiyaA&oe=66F676CB,3,0,1,1,3,1189,1512,1541
2024-07-14,"We aren't the type to gatekeep a good party - which is why we've made it easier than ever to fill up your #TalesoftheCocktail2024 itineraries! 🥳 
⁠
All #totc2024 attendees are invited to join their favorite brands and experience the magic of an afternoon filled with culture, cocktails, and celebration✨ 

Download our Whova app to discover this year's Small Day Events: https://whova.com/portal/tales_202407/?source=text_link
⁠⁠
#totc2024 #totcf",https://scontent-fra3-1.xx.fbcdn.net/v/t39.30808-6/450883434_883660007126397_5067692036366841292_n.jpg?stp=dst-jpg_s720x720&_nc_cat=108&ccb=1-7&_nc_sid=127cfc&_nc_ohc=KDSltdBnHrUQ7kNvgHLDJnr&_nc_ht=scontent-fra3-1.xx&edm=AKIiGfEEAAAA&_nc_gid=AT9up5oP214WSiySI9hzqE3&oh=00_AYAQv6rf-I2VlUz_Iw0uIi_IlEK4MfdBWOWNpJ0KpWKgkg&oe=66F67377,6,1,0,3,6,494,872,906
2024-07-15,"It's a day-to-night celebration at #TalesoftheCocktail2024! 🥂 
⁠⁠
Start your evenings with Happy Hours from 4 PM - 6 PM and 4:30 PM - 6:30 PM, then transition into the late-night vibes of Last Call from 12 AM - 2 AM. 

Join us for an unforgettable experience in the heart of New Orleans! You can download the Tales of the Cocktail Whova App to add Happy Hours and Last Calls to your agenda today: https://whova.com/portal/tales_202407/?source=text_link
⁠⁠
#totc2024 #totcf",https://scontent-fra3-2.xx.fbcdn.net/v/t39.30808-6/451236979_885500023609062_8135569124326690704_n.jpg?stp=dst-jpg_s720x720&_nc_cat=104&ccb=1-7&_nc_sid=127cfc&_nc_ohc=pWzXKuulkoEQ7kNvgFNdl0l&_nc_ht=scontent-fra3-2.xx&edm=AKIiGfEEAAAA&_nc_gid=AT9up5oP214WSiySI9hzqE3&oh=00_AYCIQcWnFPT6BS8QctwqBhFQL678Kq9nyK3MdXIOX1z--g&oe=66F669B9,0,0,0,3,0,918,1290,1342
2024-07-16,"Sip, mingle, and be inspired! 🌟 Join us at MaisonPerrier Gallery during #TalesoftheCocktail2024 to explore stunning photography, connect with fellow bartenders, and toast to the craft with our Official Water. 

Wellness Week pass holders, included in all ticket types or purchased separately, can access this elegant celebration at The Ritz-Carlton, New Orleans! 🥂✨

#MaisonPerrier #totc2024",https://scontent-fra5-2.xx.fbcdn.net/v/t39.30808-6/451239540_885507066941691_4220476876252049365_n.jpg?stp=dst-jpg_p720x720&_nc_cat=109&ccb=1-7&_nc_sid=127cfc&_nc_ohc=qqXl23G8JUIQ7kNvgEABOov&_nc_ht=scontent-fra5-2.xx&edm=AKIiGfEEAAAA&_nc_gid=AT9up5oP214WSiySI9hzqE3&oh=00_AYB4R5B9nGnjWwwg80wtrnI_y_IKcMZRRasI0DK2E4k2sA&oe=66F650AC,1,0,1,0,1,741,1193,1254
2024-07-17,"💃 Join us under the stars for the unforgettable Night Events at #TalesoftheCocktail2024! 🕺
⁠⁠
We're pulling out all the stops this year - from a honky-tonk throwback to the Wild West to shows from incredible musical guests, #totc2024 has a lineup that anyone can enjoy! Don't miss this prime opportunity to celebrate with your favorite brands, bar professionals, and other guests making their mark on the cocktail scene! 🍾
⁠⁠
Download our Whova app to secure your spot: https://whova.com/portal/tales_202407/?source=text_link",https://scontent-fra3-2.xx.fbcdn.net/v/t39.30808-6/451834667_886748656817532_7100868823731958656_n.jpg?stp=dst-jpg_s720x720&_nc_cat=104&ccb=1-7&_nc_sid=127cfc&_nc_ohc=oysEgSub3HgQ7kNvgGRpeWZ&_nc_ht=scontent-fra3-2.xx&edm=AKIiGfEEAAAA&_nc_gid=AT9up5oP214WSiySI9hzqE3&oh=00_AYCJ-Idv4EThizbnQUdjYCLW-8wHWKVTINgXhbtrhZ-x0Q&oe=66F65CA3,4,0,1,3,5,1343,1789,1854
2024-07-18,"The biggest party of the year deserves to go out with a bang - which is why we are so excited to cap off #TalesoftheCocktail2024 with the 13th Annual Pig & Punch, presented by the Bon Vivants! 🐷
⁠⁠
Join us at The Broadside on Friday, July 26th from 12-5 pm for a dazzling final celebration with great food, incredible drinks (including low and no ABV options), and amazing musical performances by NOLA's own Rebirth Brass Band. Don't miss the opportunity to close out #totc2024 by celebrating with your fellow industry professionals and enthusiasts, all for a good cause 🍾
⁠⁠
Get your tickets to the 13th Annual Pig & Punch here: https://whova.com/portal/registration/tales_202407/okmjbm5i",https://scontent-fra3-1.xx.fbcdn.net/v/t39.30808-6/451488316_886754956816902_4440709745302189306_n.jpg?stp=dst-jpg_s1080x2048&_nc_cat=101&ccb=1-7&_nc_sid=127cfc&_nc_ohc=nOaqX83EbWkQ7kNvgGn0wXi&_nc_ht=scontent-fra3-1.xx&edm=AKIiGfEEAAAA&_nc_gid=AT9up5oP214WSiySI9hzqE3&oh=00_AYDfX5RTssY4kau8mbCcDtgg418tBqobZSQUT-RkKQblVQ&oe=66F6680B,19,0,1,1,22,1143,1777,1809
2024-07-19,"📣 Calling all flavor enthusiasts! 📣

Grab your #totc krewe and prepare for a spirited adventure at Tales of the Cocktail®! Located conveniently at the Ritz-Carlton, New Orleans, attendees can immerse themselves in a variety of premium spirits and discover new flavors between seminars. 🍸

🥂 Cheers to #totc2024! 🥂",https://scontent-fra3-1.xx.fbcdn.net/v/t39.30808-6/451493732_886762216816176_7247642507072936333_n.jpg?stp=dst-jpg_s720x720&_nc_cat=105&ccb=1-7&_nc_sid=127cfc&_nc_ohc=sSpZUlQfENMQ7kNvgEhB8Ev&_nc_ht=scontent-fra3-1.xx&edm=AKIiGfEEAAAA&_nc_gid=AT9up5oP214WSiySI9hzqE3&oh=00_AYB-W5OxC1XFYh1PtR261w_bGGWPq_y5AZNIu0Eqg7G80g&oe=66F67AFC,6,0,0,0,7,1266,1746,1817
2024-07-20,"Make the most of your time at Tales of the Cocktail® with Grab & Geaux, Fountain Bar, and No and Low — the ultimate pitstop for on-the-go tastings! 🍹

These centrally located bars let attendees sample products or cocktails without missing a beat. Just grab, sip, and go! 🍸

#totc2024 #totcf",https://scontent-fra5-2.xx.fbcdn.net/v/t39.30808-6/451802719_886765410149190_5860328491865704424_n.jpg?stp=dst-jpg_s720x720&_nc_cat=109&ccb=1-7&_nc_sid=127cfc&_nc_ohc=A5sHSgQ8ARYQ7kNvgEbg9OD&_nc_ht=scontent-fra5-2.xx&edm=AKIiGfEEAAAA&_nc_gid=AT9up5oP214WSiySI9hzqE3&oh=00_AYDwmOlk11A8lRjhPeCYEtwFP18MdNmXjxtxewOuS2UMHg&oe=66F657AD,9,0,1,0,9,1539,2130,2165
2024-07-21,"🥂💃 The biggest party of the year is here! 🕺🥂 
⁠
Get ready for a week of celebration, learning, and inspiration among your fellow enthusiasts & drinks industry pros! We cannot wait to see you all at #TalesoftheCocktail2024 🎉⁠
⁠
#totc2024 #totc #totcf",https://scontent-fra5-1.xx.fbcdn.net/v/t39.30808-6/451859277_886787706813627_8936677956403386463_n.jpg?stp=dst-jpg_s720x720&_nc_cat=102&ccb=1-7&_nc_sid=127cfc&_nc_ohc=pzkMbAYBlK8Q7kNvgGalvAJ&_nc_ht=scontent-fra5-1.xx&edm=AKIiGfEEAAAA&_nc_gid=AT9up5oP214WSiySI9hzqE3&oh=00_AYDHZtkqTm0CRoZZ1VHWdx6IAAQj-tpw6qMe1cs6qw16Cw&oe=66F67BBC,17,0,5,0,22,1330,2382,2543
2024-07-22,"We're just getting started, y'all! 🤩 We kicked off day 1️⃣ of Tales of the Cocktail 2024 with a bang — Take a look!💥 ⁠
⁠
💨 Speed Rack USA National Finals by Speed Rack 
🎳 The 10th Annual Ode To The Bowl by Campari 
💪 Day of Service by Edrington 
⁠
Learn more about what to expect in the upcoming days at #totc2024 here: https://talesofthecocktail.org/totc-conference-agenda/
⁠
#TalesoftheCocktail2024",https://scontent-fra5-1.xx.fbcdn.net/v/t39.30808-6/452403361_890051486487249_6514344066625201808_n.jpg?stp=dst-jpg_s1080x2048&_nc_cat=102&ccb=1-7&_nc_sid=127cfc&_nc_ohc=5RTV408lKI0Q7kNvgHZlsY6&_nc_ht=scontent-fra5-1.xx&edm=AKIiGfEEAAAA&_nc_gid=AT9up5oP214WSiySI9hzqE3&oh=00_AYAV6mBZLI69dS_gJu-HvCjwSNMrCFVGU4NjDfK8n44V-A&oe=66F67DCA,20,0,2,1,24,1765,2491,2558
2024-07-23,"Who could've possibly been blue on #TalesoftheCocktail day 2️⃣? 😍  We couldn't ask for a better Monday than this — check it out! 📸⁠
⁠⁠
👩‍🎤 ⁠Jack Daniel's Presents: A Journey Through Sound
🥂 Toast to Tales 
✍️ TOTC2024 Keynote Address: How Bartenders Grow Your Brands - The Findings⁠
🏳️‍🌈 The Big Gay Bar Tour⁠
✈️ Wheels Up! Now Boarding Pernod Air
⁠
Learn more about what to expect in the upcoming days at #totc2024 here: https://talesofthecocktail.org/totc-conference-agenda/
⁠
#TalesoftheCocktail2024",https://scontent-fra5-1.xx.fbcdn.net/v/t39.30808-6/452747891_890679289757802_2767429562272652375_n.jpg?stp=dst-jpg_s1080x2048&_nc_cat=110&ccb=1-7&_nc_sid=127cfc&_nc_ohc=2551R8V_RowQ7kNvgEBqXAR&_nc_ht=scontent-fra5-1.xx&edm=AKIiGfEEAAAA&_nc_gid=AT9up5oP214WSiySI9hzqE3&oh=00_AYAjFh4qLuy98o-ttBT9GalIPdYIWK91y9vBupYtDehQsw&oe=66F67806,12,1,0,0,12,1688,2373,2486
2024-07-24,"Tales of the Cocktail Day 3️⃣ knocked it out of the park!🍹 Check out our attendees filling up their days with tastings, education, and celebrations galore! 🎉 

🥃 Filthy Love at The Alibi presented by Filthy
🏆 Tales Catalyst presented by SevenFifty Daily  
🍸 Martini Gras presented by Tanqueray
🎸 Ghost Tequila Presents Heavy Metal Margaritas

Learn more about what to expect in the upcoming days at #totc2024 here: https://talesofthecocktail.org/totc-conference-agenda/
⁠
#TalesoftheCocktail2024",https://scontent-fra5-1.xx.fbcdn.net/v/t39.30808-6/452634147_891250949700636_9080837993430154162_n.jpg?stp=dst-jpg_s1080x2048&_nc_cat=102&ccb=1-7&_nc_sid=127cfc&_nc_ohc=iAXOfBla81UQ7kNvgFMMDK8&_nc_ht=scontent-fra5-1.xx&edm=AKIiGfEEAAAA&_nc_gid=AT9up5oP214WSiySI9hzqE3&oh=00_AYCTfUB-mddrwz4cR7MU6d2mhEQvlltxHEjicI2QFcxTMQ&oe=66F67CDB,20,0,0,1,27,2285,2896,2944
2024-07-25,"From high-stakes competition to the holiday party of the ages — our event attendees knew exactly how to celebrate!🍹🎊  Check out our recap of Tales of the Cocktail Day 4️⃣:

🍸 World Class Cocktail Battles presented by Diageo Bar Academy 
🍾 Industry Night presented by Fords Gin & Brown-Forman Brands  
🥳 National Tequila Day Headquarters presented by Patrón Tequila 
🥇 Sorry not Surrey Bartender Summer Olympics presented by Samson & Surrey

Learn more about what to expect in the upcoming days at #totc2024 here: https://talesofthecocktail.org/totc-conference-agenda/
⁠
#TalesoftheCocktail2024",https://scontent-fra5-2.xx.fbcdn.net/v/t39.30808-6/452793676_891868892972175_2821966454608722336_n.jpg?stp=dst-jpg_s1080x2048&_nc_cat=107&ccb=1-7&_nc_sid=127cfc&_nc_ohc=bQLfYVeXLVAQ7kNvgEU1Qki&_nc_ht=scontent-fra5-2.xx&edm=AKIiGfEEAAAA&_nc_gid=AT9up5oP214WSiySI9hzqE3&oh=00_AYAGmTSSEPrA-EMEHfsNg4OQX4GHmbLfqZ02U-uTJED2ow&oe=66F66D15,15,0,0,0,21,2090,2559,2624
2024-07-26,"Nothing but love on day 5️⃣ of Tales of the Cocktail!🍹 Congratulations to all of our #SpiritedAwards winners who were honored at last night's awards ceremony! 👏 Take a look at our Thursday lineup:

🏆 17th Annual Spirited Awards with official media partner @forbes
🏅 TOTC 2024 Grant Recipient Showcase presented by @cointreau_us
🫚 Come Experience Whisky From a New Perspective presented by @balconesdistilling 
⁠
Learn more about our #2024SpiritedAwards winners here: https://talesofthecocktail.org/tales-of-the-cocktail-foundation-announces-2024-spirited-awards-winners/
⁠
#TalesoftheCocktail2024",https://scontent-fra5-2.xx.fbcdn.net/v/t39.30808-6/453042810_892627036229694_8827747329817081904_n.jpg?stp=dst-jpg_s720x720&_nc_cat=107&ccb=1-7&_nc_sid=127cfc&_nc_ohc=l_8H7v8Sh1EQ7kNvgE6ht17&_nc_ht=scontent-fra5-2.xx&edm=AKIiGfEEAAAA&_nc_gid=AT9up5oP214WSiySI9hzqE3&oh=00_AYDRwMuw1TWPDJyLCviPJi0w_iuJlHdAhfE1JWQaQroipg&oe=66F66EA1,12,0,0,2,16,625,894,894
2024-07-27,"Good friends never say goodbye — they simply say ""See you soon"" 🥲 It was bittersweet parting ways with all of you on Tales of the Cocktail day 6️⃣ ❤️🍹 Check out our recap of #totc2024 final festivities!

🐷 13th Annual Pig & Punch presented by The Bon Vivants 
🌭 Hair of the Corn Dog a Mover & Shaker Pop Up
🍹 “Last Stop Lounge: House Revival” Featuring 375 Park Avenue Spirits presented by The Sazerac House
⁠⁠
#totc #totcf",https://scontent-fra3-1.xx.fbcdn.net/v/t39.30808-6/453231317_893229946169403_3947981144756311336_n.jpg?stp=dst-jpg_s1080x2048&_nc_cat=108&ccb=1-7&_nc_sid=127cfc&_nc_ohc=TnIHS1fSWjsQ7kNvgGKDPmx&_nc_ht=scontent-fra3-1.xx&edm=AKIiGfEEAAAA&_nc_gid=AT9up5oP214WSiySI9hzqE3&oh=00_AYDcjVTjN2m8rdQwKWuOvb6Tq9L-CxDgrmuKMJsjtVuydA&oe=66F668BC,10,0,0,0,14,2196,2573,2629
2024-07-28,"Thank you for getting into the spirit of spirits with us at Tales of the Cocktail 2024! ❤️🍹⁠
⁠
We hope you enjoyed your time sipping, learning, and celebrating among your fellow drinks industry professionals, brands, and enthusiasts! We can't wait to do it again with you all next year! 💃⁠

#totc2024 #totc #totcf",https://scontent-fra5-1.xx.fbcdn.net/v/t39.30808-6/453391542_893779226114475_8605335015617043137_n.jpg?stp=dst-jpg_s1080x2048&_nc_cat=100&ccb=1-7&_nc_sid=127cfc&_nc_ohc=O8GfhMP3QWkQ7kNvgH0hvNF&_nc_ht=scontent-fra5-1.xx&edm=AKIiGfEEAAAA&_nc_gid=AT9up5oP214WSiySI9hzqE3&oh=00_AYAb74ky2SmT2n75Yj0BmHOKiMeTRFBo3qZ-u2L0jM02ww&oe=66F65023,16,0,1,0,19,1695,2033,2140
2024-07-30,"🏆 Congratulations to our 2024 #SpiritedAward winners for U.S. Categories and  Best New Spirit or Cocktail Ingredient! 🏆⁠
⁠
🔸U.S. Bartender of the Year — Kapri Robinson — Allegory, Washington, D.C. — presented by @pernodricardusa 
🔸Best U.S. Bar Mentor —  Alex Jump — presented by @jamesonwhiskey 
🔸Best U.S. Brand Ambassador — Anna Mains — Monkey Shoulder — presented by @tales_of_the_cocktail  
🔸Best U.S. Bar Team — Jewel of the South — New Orleans, LA — presented by @williamgrantusa 
🔸Best U.S. Cocktail Bar — Yacht Club — Denver, CO — presented by @delmagueymezcal 
🔸Best U.S. Hotel Bar — Allegory at the Eaton Hotel — Washington, D.C. — presented by @greygoose 
🔸Best U.S. Restaurant Bar — Cleaver - Butchered Meats, Seafood & Classic Cocktails — Las Vegas, NV — presented by @tales_of_the_cocktail  
🔸Best New U.S. Cocktail Bar — Superbueno — New York, NY — presented by @diageobarac 
🔸Best New Spirit or Cocktail Ingredient — YUZUCO Yuzu Super Juice — presented by @tales_of_the_cocktail   

Learn more about our 2024 Spirited Awards winners here: https://talesofthecocktail.org/tales-of-the-cocktail-foundation-announces-2024-spirited-awards-winners/⁠
⁠
Special thanks to Forbes, our #2024SpiritedAwards Official Media Partner.⁠
⁠
#totc2024 #totc #TalesoftheCocktail2024 #totcf",https://scontent-fra5-2.xx.fbcdn.net/v/t39.30808-6/453249113_893789026113495_8486688499131226211_n.jpg?stp=dst-jpg_p720x720&_nc_cat=107&ccb=1-7&_nc_sid=127cfc&_nc_ohc=ih8JgoSG0sEQ7kNvgEYf3Cp&_nc_ht=scontent-fra5-2.xx&edm=AKIiGfEEAAAA&_nc_gid=AT9up5oP214WSiySI9hzqE3&oh=00_AYAewLp-9EfCx_HjfOJigDSO65Q5sIFIfe8e1io1avc1cA&oe=66F6659A,24,1,3,3,38,3757,4495,4495
2024-07-31,"🏆 Congratulations to our 2024 #SpiritedAward International Categories' winners! 🏆⁠
⁠
🔸International Bartender of the Year — Eric van Beek — Handshake Speakeasy, Mexico City, Mexico — presented by @bodegaslustau 
🔸Best International Bar Mentor — Danil Nevsky — presented by @tales_of_the_cocktail  
🔸Best International Brand Ambassador — Dave Mitton — Lot 40 / J.P. Wiser's — presented by @tales_of_the_cocktail  
🔸Best International Bar Team — Handshake Speakeasy — Mexico City, Mexico — presented by @tales_of_the_cocktail  
🔸Best International Cocktail Bar — ALQUÍMICO — Cartagena de Indias, Colombia — presented by @patron 
🔸Best International Hotel Bar — BKK Social Club at Four Seasons Bangkok — Bangkok, Thailand — presented by @fordsgin 
🔸Best International Restaurant Bar — Danico — Paris, France — presented by @ginmare 
🔸Best New International Cocktail Bar — Bar Leone — Hong Kong, China — presented by @diageobarac   

Learn more about our 2024 Spirited Awards winners here: https://talesofthecocktail.org/tales-of-the-cocktail-foundation-announces-2024-spirited-awards-winners/
⁠
Special thanks to Forbes, our #2024SpiritedAwards Official Media Partner.⁠
⁠
#totc2024 #totc #TalesoftheCocktail2024 #totcf",https://scontent-fra5-2.xx.fbcdn.net/v/t39.30808-6/453199378_893801006112297_4456384492648364857_n.jpg?stp=dst-jpg_p720x720&_nc_cat=109&ccb=1-7&_nc_sid=127cfc&_nc_ohc=vRqPuFAzN8AQ7kNvgHZgbBR&_nc_ht=scontent-fra5-2.xx&edm=AKIiGfEEAAAA&_nc_gid=AT9up5oP214WSiySI9hzqE3&oh=00_AYAXTR9S2iV-gqjs48K_WDRQEOn9MPv21yB3yhBmyNSSiQ&oe=66F66660,32,1,0,0,37,2310,3235,3292
2024-08-01,"🏆 Congratulations to our 2024 #SpiritedAward World's Best category winners! 🏆⁠
⁠  
🔸World's Best Bar — Alquimico — Cartagena des Indias, Columbia — presented by @tales_of_the_cocktail  
🔸World’s Best Cocktail Menu — Handshake Speakeasy — Mexico City, Mexico — presented by @diageobarac 
🔸World’s Best Spirits Selection — Baba Au Rum — Athens, Greece — presented by @tales_of_the_cocktail 

Learn more about our 2024 Spirited Awards winners here: ⁠https://talesofthecocktail.org/tales-of-the-cocktail-foundation-announces-2024-spirited-awards-winners/
⁠
Special thanks to Forbes, our #2024SpiritedAwards Official Media Partner.⁠
⁠
#totc2024 #totc #TalesoftheCocktail2024 #totcf",https://scontent-fra5-2.xx.fbcdn.net/v/t39.30808-6/453297670_893803996111998_6564583535890931285_n.jpg?stp=dst-jpg_p720x720&_nc_cat=106&ccb=1-7&_nc_sid=127cfc&_nc_ohc=AypYD0HfAmoQ7kNvgHBzLYH&_nc_ht=scontent-fra5-2.xx&edm=AKIiGfEEAAAA&_nc_gid=AT9up5oP214WSiySI9hzqE3&oh=00_AYCdowGwtKu6M-FMsZkz-hpFxlAH4ss73_tPS7U9eFt7KA&oe=66F64E91,12,0,1,2,17,1711,1982,2000
2024-08-02,"🏆 Congratulations to our 2024 #SpiritedAward Writing and Media category winners! 🏆⁠
⁠
🔸Best Cocktail & Spirits Writing — ""A New Spirit Confronts the Consequences of Colonialism,"" by Adaorah Oduah, for Punch — presented by @tales_of_the_cocktail  
🔸Best Cocktail & Spirits Publication — The Cocktail Lovers — presented by @tales_of_the_cocktail  
🔸Best Broadcast, Podcast, or Online Video Series — Bartender at Large
 — presented by @tales_of_the_cocktail  
🔸Best New Cocktail or Bartending Book — The Ice Book: Cool Cubes, Clear Spheres, and Other Chill Cocktail Crafts by Camper English — presented by @tales_of_the_cocktail  
🔸Best New Book on Drinks Culture, History, or Spirits — Juke Joints, Jazz Clubs, and Juice: Cocktails from Two Centuries of African American Cookbooks by Toni Tipton-Martin — presented by @tales_of_the_cocktail 

Learn more about our 2024 Spirited Awards winners here: ⁠https://talesofthecocktail.org/tales-of-the-cocktail-foundation-announces-2024-spirited-awards-winners/
⁠
Special thanks to Forbes, our #2024SpiritedAwards Official Media Partner.⁠
⁠
#totc2024 #totc #TalesoftheCocktail2024 #totcf",https://scontent-fra3-1.xx.fbcdn.net/v/t39.30808-6/453342942_893806179445113_2132763436202325774_n.jpg?stp=dst-jpg_p720x720&_nc_cat=105&ccb=1-7&_nc_sid=127cfc&_nc_ohc=s84KxoSBUjgQ7kNvgE1il4p&_nc_ht=scontent-fra3-1.xx&edm=AKIiGfEEAAAA&_nc_gid=AT9up5oP214WSiySI9hzqE3&oh=00_AYABoFV2tCPFQ1ocQkFEpdhO616H6DJR3PjJpW0E7dMEuw&oe=66F682D7,15,0,0,0,18,1507,1739,1752
2024-08-05,"How was your time at #TalesoftheCocktail2024? We'd love to hear about it!  ⁠
⁠
Help us make next year's event even more amazing by completing our 2024 Attendee Survey! All event attendees who fill out this year's survey will be entered to win two Seminar & Tasting Week Passes to Tales of the Cocktail 2025! 🎉⁠
⁠
You can fill out the #totc2024 Attendee Survey here: https://neworleans.co1.qualtrics.com/jfe/form/SV_5BlbIys0W2iQihM",https://scontent-fra3-1.xx.fbcdn.net/v/t39.30808-6/454264865_898786358947095_1391622984890480551_n.jpg?stp=dst-jpg_p720x720&_nc_cat=108&ccb=1-7&_nc_sid=127cfc&_nc_ohc=4EgLbTnOtAEQ7kNvgHK3Wj3&_nc_ht=scontent-fra3-1.xx&edm=AKIiGfEEAAAA&_nc_gid=AT9up5oP214WSiySI9hzqE3&oh=00_AYA7j9zRidR1wKsERI_iJo5CCbjxI6FDTNx2_BVnYnphcA&oe=66F6659E,6,2,0,4,6,1512,1716,1739
2024-08-06,"We have just the cocktail to help everyone keep their cool this summer! 🧊 Check out this gorgeous 🥀 Rhubarb Gimlet 🥀 recipe from @ginbeforebreakfast and Risa James Photography ⬇️

🍸 2.5oz Gin
💚 3/4oz Lime Juice
🍠 1.5oz Rhubarb Thyme Syrup
🍊 0.5 droppers of Grapefruit Bitters

🌹 Garnish with a rose-shaped piece of rhubarb 🌹

TOTCF aims to support the worldwide cocktail community by sharing bartenders' creative concoctions & innovative recipes. Submit yours for an opportunity to be featured on our channels: https://forms.gle/PjDunJWdgnEt7QnS9

#totcf",https://scontent-fra3-1.xx.fbcdn.net/v/t39.30808-6/454398405_898790192280045_6789750652074711878_n.jpg?stp=dst-jpg_p720x720&_nc_cat=105&ccb=1-7&_nc_sid=127cfc&_nc_ohc=UZIOldCsk2QQ7kNvgG3oaYO&_nc_ht=scontent-fra3-1.xx&edm=AKIiGfEEAAAA&_nc_gid=AT9up5oP214WSiySI9hzqE3&oh=00_AYD0G3Myqj48QQ3tUsiT_98oE_PNBn6VqvSnP6vFfeIlxA&oe=66F65407,6,0,1,1,6,1578,1793,1793
2024-08-07,"The New Orleans Spirits Competition is pleased to announce the 2024 Spirits of the Year winners from its third annual competition! 🏆

Founded in 2022, the New Orleans Spirits Competition is an international spirits competition that celebrates and recognizes best-in-class spirits from producers around the world! 🌎 You can learn more about this year's winners here: https://talesofthecocktail.org/the-new-orleans-spirits-competition-2024-spirits-of-the-year-winners-announced-at-tales-of-the-cocktail/ 

Special thanks to Imbibe, the official media partner for the 2024 New Orleans Spirits Competition! 🎉

#totcf #totc2024 #nosc",https://scontent-fra3-1.xx.fbcdn.net/v/t39.30808-6/454251618_899429708882760_651157921954207874_n.jpg?stp=dst-jpg_s720x720&_nc_cat=101&ccb=1-7&_nc_sid=127cfc&_nc_ohc=yjpa6tcEkM0Q7kNvgEYr2cJ&_nc_ht=scontent-fra3-1.xx&edm=AKIiGfEEAAAA&_nc_gid=AT9up5oP214WSiySI9hzqE3&oh=00_AYCc_z9I44UUDYvsoqlNmhfoybSGKVFk7od12WVAnDysoA&oe=66F6612B,3,0,1,17,6,1977,2210,2256
2024-08-09,"We're reminiscing on the intoxicating memories of Tales of the Cocktail 2024 🍸✨From dance floor shenanigans to larger-than-life performances, #totc2024 By Invitation Only events gave us unforgettable beats and delectable treats 💃
⁠
Thanks to everyone who came out to celebrate #TalesoftheCocktail2024 with us! 🥂",https://scontent-fra5-1.xx.fbcdn.net/v/t39.30808-6/454839776_901291452029919_7686996738934731405_n.jpg?stp=dst-jpg_s1080x2048&_nc_cat=102&ccb=1-7&_nc_sid=127cfc&_nc_ohc=Hw22o19S3H4Q7kNvgETK-Zi&_nc_ht=scontent-fra5-1.xx&edm=AKIiGfEEAAAA&_nc_gid=AT9up5oP214WSiySI9hzqE3&oh=00_AYDZhRDr1HSqaekQ4tRh45a1dNcSqjpF5elRnSwFBa5N6g&oe=66F665C9,12,0,2,0,18,1998,2363,2367
2024-08-13,"✨💅 We’re in our fundraising era 💅 ✨⁠
⁠
Support Tales of the Cocktail Foundation and Children's Hospital New Orleans by purchasing raffle tickets for the chance to win two Taylor Swift Era’s Tour tickets in New Orleans on Oct. 26, 2024. We'll be drawing the winning names on September 13 and September 20!⁠ 💫
⁠
Learn more & purchase your raffle tickets here: https://my.onecause.com/event/organizations/18e5b758-fe31-4a85-9028-d397263cb2a5/events/vevt:73fb2339-8768-45fb-af9f-32306de9f58b/home/story",https://scontent-fra5-1.xx.fbcdn.net/v/t39.30808-6/455365965_903907275101670_27368323634592738_n.jpg?stp=dst-jpg_s720x720&_nc_cat=100&ccb=1-7&_nc_sid=127cfc&_nc_ohc=2P1u5LPm4pMQ7kNvgFhBq1q&_nc_ht=scontent-fra5-1.xx&edm=AKIiGfEEAAAA&_nc_gid=AT9up5oP214WSiySI9hzqE3&oh=00_AYAs4gi0oA8lemWaop0GAnmLDQRw2m_paz_KgLiCXgrNOA&oe=66F650B8,3,0,1,2,3,1117,1353,1382
2024-08-14,"Reliving the unforgettable moments shared in the #TalesoftheCocktail2024 Tasting Rooms! 🍹
⁠
From electrifying mixology to inspiring discussions on the future of cocktails, it was an experience like no other! 🥃⁠

#totc",https://scontent-fra5-1.xx.fbcdn.net/v/t39.30808-6/455316767_904495691709495_1480173216501781916_n.jpg?stp=dst-jpg_s1080x2048&_nc_cat=100&ccb=1-7&_nc_sid=127cfc&_nc_ohc=0Aj7FgPsJ3gQ7kNvgFGxUVf&_nc_ht=scontent-fra5-1.xx&edm=AKIiGfEEAAAA&_nc_gid=AT9up5oP214WSiySI9hzqE3&oh=00_AYBEYlVduBeDWsTmnl7wT8ejuUBMu-bQdUK7-0wlg3nBaQ&oe=66F67726,13,0,0,0,16,1440,1852,1864
2024-08-16,"Want to join us in our #NationalRumDay celebration??! We have a fantastic cocktail that'll get everyone in the spirit! Take a look at this gorgeous 🏃‍♂️ Rum Runner 🏃‍♂️ recipe from Jiggers & Shakers ⬇️

🍹 1oz Light Rum
🥃 1oz Navy Strength Rum
🍌 1oz Banana Liqueur
🍇 0.5oz Blackberry Liqueur
🍍 2oz Pineapple Juice
💚 1oz Lime Juice
🍒 0.5oz Grenadine

🍃 Garnish with dehydrated pineapple, mint, and edible flower 🌸

TOTCF aims to support the worldwide cocktail community by sharing bartenders' creative concoctions & innovative recipes. Submit yours for an opportunity to be featured on our channels here: https://forms.gle/PjDunJWdgnEt7QnS9

#totcf",https://scontent-fra3-2.xx.fbcdn.net/v/t39.30808-6/454418749_898827438942987_3188814203232874628_n.jpg?stp=dst-jpg_p720x720&_nc_cat=111&ccb=1-7&_nc_sid=127cfc&_nc_ohc=Be9HMsEXny0Q7kNvgFXObS3&_nc_ht=scontent-fra3-2.xx&edm=AKIiGfEEAAAA&_nc_gid=AT9up5oP214WSiySI9hzqE3&oh=00_AYANHcEhqMpL6fHcahu8sV0KIV2veP1Ta-_D-HSesu0QLw&oe=66F65B46,6,0,0,0,6,1416,1569,1582
2024-08-19,"🌟 Beyond the Bar at #totc2024 was an incredible journey of empowerment and discovery! ⁠🌟
⁠
Participants dove got to experience a breadth of health & wellness workshops, volunteer opportunities, networking, and even more amazing activities while fostering inclusivity and strengthening the drinks industry community🍹⁠
⁠
#totc #TalesoftheCocktail2024",https://scontent-fra3-1.xx.fbcdn.net/v/t39.30808-6/456165239_907956758030055_3047592318467002259_n.jpg?stp=dst-jpg_s1080x2048&_nc_cat=101&ccb=1-7&_nc_sid=127cfc&_nc_ohc=VHOjHksjGMgQ7kNvgFwwSno&_nc_ht=scontent-fra3-1.xx&edm=AKIiGfEEAAAA&_nc_gid=AT9up5oP214WSiySI9hzqE3&oh=00_AYD6X6bzTsLJar2tN3dBwOIuVWRYcwa6Bt4Z4fpvy7XWRw&oe=66F651DD,6,0,0,0,8,893,1061,1085
2024-08-21,"We took to the streets and learned all we could about the history of New Orleans' cocktail scene at #TalesoftheCocktail2024 Cocktail Tours! 🍹 ⁠
⁠
From the evolution of Bourbon Street to the queer history behind bartending in New Orleans, our attendees were able to immerse themselves in the magic of a reimagined New Orleans Cocktail Tour! 🔮✨⁠
⁠
#totc",https://scontent-fra5-2.xx.fbcdn.net/v/t39.30808-6/456427064_909188617906869_753691111523960852_n.jpg?stp=dst-jpg_s1080x2048&_nc_cat=106&ccb=1-7&_nc_sid=127cfc&_nc_ohc=JLfWwYx6gloQ7kNvgHX5fQ7&_nc_ht=scontent-fra5-2.xx&edm=AKIiGfEEAAAA&_nc_gid=AT9up5oP214WSiySI9hzqE3&oh=00_AYDNYFq1_sVV-W-7lxekSECsgcYHMq-E2Vv-RKn9gTa0KA&oe=66F661A3,8,0,0,0,9,456,617,654
2024-08-23,"🍹📚 We are so grateful for those who joined us in quenching our thirst for knowledge and inspiration at #TalesoftheCocktail2024 seminars! 📚🍹
⁠
Our seminars gave attendees a look at the latest trends, innovations, and tricks of the trade! We want to thank everyone who joined us in celebrating the trailblazers of our industry! 🍸✨

#totc2024 #totcf",https://scontent-fra3-1.xx.fbcdn.net/v/t39.30808-6/456531820_910588071100257_3292036650236136580_n.jpg?stp=dst-jpg_s1080x2048&_nc_cat=105&ccb=1-7&_nc_sid=127cfc&_nc_ohc=10bM2RBjNF8Q7kNvgEjdKWq&_nc_ht=scontent-fra3-1.xx&edm=AKIiGfEEAAAA&_nc_gid=AT9up5oP214WSiySI9hzqE3&oh=00_AYCzHYxZjghJ0EGUvhZV5n3NDr_a1yLC-s6MTmhLr1FaJw&oe=66F67EBF,4,0,0,0,5,1422,1582,1663
2024-08-26,"Whether you came to learn, connect, or party with your fellow drinks industry pros, #totc2024 By Invitation Only Events had you covered! ✨🎉
⁠
Attendees from all over the world had the opportunity to explore iconic New Orleans venues at our By Invitation Only Events. Cheers to the incredible memories we created this year! 🥂",https://scontent-fra3-2.xx.fbcdn.net/v/t39.30808-6/457088241_912609510898113_5771330572545361755_n.jpg?stp=dst-jpg_s1080x2048&_nc_cat=104&ccb=1-7&_nc_sid=127cfc&_nc_ohc=rboBjcXoPBEQ7kNvgHlUZE9&_nc_ht=scontent-fra3-2.xx&edm=AKIiGfEEAAAA&_nc_gid=AT9up5oP214WSiySI9hzqE3&oh=00_AYD6FzGBC_BJ3Zjg9og6gRADDL7rdKBvMxnKUxSzyQV2IQ&oe=66F676F9,7,0,1,0,7,1061,1288,1324
2024-08-28,"👏 Let's give it up for the dream team: the 2024 Cocktail Apprentices! 👏⁠
⁠
These 70 bartenders had the opportunity to hone their skills while learning about the history and future of their craft during #totc2024. We couldn't have pulled off another successful Tales without their dedication, creativity, and passion! 🌟🍹⁠
⁠
#totc #TalesoftheCocktail2024 #totcf #CAP2024 #CAPWhiteCoat2024 #CAPBlackCoat2024 #CAPGreyCoat2024 #CAPRedCoat2024",https://scontent-fra5-1.xx.fbcdn.net/v/t39.30808-6/457328724_913329994159398_9084164192748139255_n.jpg?stp=dst-jpg_p720x720&_nc_cat=100&ccb=1-7&_nc_sid=127cfc&_nc_ohc=tSZqWnP7ZTMQ7kNvgFJ4G-8&_nc_ht=scontent-fra5-1.xx&edm=AKIiGfEEAAAA&_nc_gid=AT9up5oP214WSiySI9hzqE3&oh=00_AYChngcbGueQLKJLlkdyU9W88ixz-wwjEYLpoNu6Ew2mcw&oe=66F65286,19,0,0,0,20,1505,1698,1741
2024-08-30,"We're spending this #NationalMaiTaiDay looking back on all the dazzling drinks we enjoyed at #TalesoftheCocktail2024! 🍹✨ What was your favorite cocktail at this year's #totc?

#totcf #totc2024",https://scontent-fra3-1.xx.fbcdn.net/v/t39.30808-6/457515773_915255983966799_6913892471356393008_n.jpg?stp=dst-jpg_s720x720&_nc_cat=108&ccb=1-7&_nc_sid=127cfc&_nc_ohc=lInh_no_yXgQ7kNvgHGrSsE&_nc_ht=scontent-fra3-1.xx&edm=AKIiGfEEAAAA&_nc_gid=AT9up5oP214WSiySI9hzqE3&oh=00_AYDQkB6oqHP5Wu88YEzN6rwx7wgBpZsNspLxd2Y3YStFjg&oe=66F67087,4,0,0,0,5,801,1024,1076
2024-09-04,"Summer may be coming to an end, but that doesn't mean it's time to say goodbye to the refreshing drinks that came with it! Check out this restorative 🪷 The Great Healer 🪷 recipe from BABY GEE ⬇️

🥚 1 egg white
🍷 1/2 oz Manzanilla
🌿 1/2 oz st George basil eau de vie
🍐 1/2 oz Ventura spirits Opuntia prickly pear brandy
🍋 3/4 oz lemon juice
🍯 3/4 oz vanilla syrup
🍸 1 oz Olive Oil washed Parton Silver Tequila 

TOTCF aims to support the worldwide cocktail community by sharing bartenders' creative concoctions & innovative recipes. Submit yours for an opportunity to be featured on our channels here: https://forms.gle/PjDunJWdgnEt7QnS9

#totcf",https://scontent-fra5-2.xx.fbcdn.net/v/t39.30808-6/458384383_917907997034931_8349275905866177847_n.jpg?stp=dst-jpg_p720x720&_nc_cat=109&ccb=1-7&_nc_sid=127cfc&_nc_ohc=31iKlliUbKQQ7kNvgGQqtVJ&_nc_ht=scontent-fra5-2.xx&edm=AKIiGfEEAAAA&_nc_gid=AT9up5oP214WSiySI9hzqE3&oh=00_AYC-4elyXksOBVG3GJR9Hr-vVNQ_P2yRmC0VUBBSBkAK7Q&oe=66F66B9C,5,0,0,0,6,1652,1787,1832
2024-09-05,"📣 Calling all #TalesoftheCocktail2024 attendees! 📣 ⁠
⁠
There's still time to fill out this year's Attendee Survey & enter your name for the chance to win 2 Seminar & Tasting Week Passes for Tales of the Cocktail 2025! 🎉 
⁠
We extended our deadline to 11:59pm CST on September 16th because we want to hear from even more of you! Help us make next year's event even more amazing ⁠by filling out the Attendee Survey here: https://neworleans.co1.qualtrics.com/jfe/form/SV_5BlbIys0W2iQihM",https://scontent-fra5-2.xx.fbcdn.net/v/t39.30808-6/458651216_919207553571642_2471837196965880339_n.jpg?stp=dst-jpg_p720x720&_nc_cat=106&ccb=1-7&_nc_sid=127cfc&_nc_ohc=mRIeLHHj1ncQ7kNvgEEHecq&_nc_ht=scontent-fra5-2.xx&edm=AKIiGfEEAAAA&_nc_gid=AT9up5oP214WSiySI9hzqE3&oh=00_AYCvkvScqn5BKizZ5j8YwCIYNH5pD5wTlEtA66XE7VJqKw&oe=66F67348,2,0,0,0,2,1378,1528,1528
2024-09-06,"Our 2024 Grant Program recognizes and awards organizations prioritizing bartender welfare and well-being; we are proud to present this year's finalists whose work embodies this dedication!⁠
⁠
🌟 Our first grant recipient spotlight is Another Round Another Rally, a nonprofit financial and educational resource for the hospitality industry! The funding they will receive will go towards their new program, Skylight (en Espanol).
⁠
You can learn more about Another Round Another Rally, the other 2024 grant finalists, and our Beyond the Bar programming here: https://talesofthecocktail.org/initiatives/grant-recipients/
⁠
Special thanks to our sponsor, Cointreau ⁠
⁠
#TOTCFGrant2024 #totc2024 #totc #TalesoftheCocktail2024 #totcf",https://scontent-fra3-1.xx.fbcdn.net/v/t39.30808-6/458505731_919905340168530_1368938783631700146_n.jpg?_nc_cat=101&ccb=1-7&_nc_sid=127cfc&_nc_ohc=D2J5Wm0vDh4Q7kNvgFvXH2h&_nc_ht=scontent-fra3-1.xx&edm=AKIiGfEEAAAA&_nc_gid=AT9up5oP214WSiySI9hzqE3&oh=00_AYB2XdlbJMIHRS0dspPS-3u8hfj2MulQbpdEUCJFISDsfA&oe=66F65D55,0,0,0,0,0,571,690,690
2024-09-09,"We're all for reinventing a classic! 🪄 Take a look at this new-and-improved 🥧 Sherry Cobbler 🥧 from Union Lodge No.1  and Connor Stehr ⬇️ 

🍷 2 oz. Hidalgo Morenita Cream Sherry
🥃 0.5 oz. Sacred Bond Brandy
🌰 0.5 oz. Lazzaroni Amaretto
🍊 0.5 oz. Orange juice
🍇 Raspberries & Blackberries (2-3 each)

🍹 Muddle the berries with the drink's ingredients, shake, and double strain into a goblet. Fill with crushed ice and garnish with an orange wheel and mixed berries. 🍹

TOTCF aims to support the worldwide cocktail community by sharing bartenders' creative concoctions & innovative recipes. Submit yours for an opportunity to be featured on our channels: https://forms.gle/PjDunJWdgnEt7QnS9

#totcf",https://scontent-fra3-1.xx.fbcdn.net/v/t39.30808-6/459160176_921842106641520_8404272454393095063_n.jpg?stp=dst-jpg_p720x720&_nc_cat=101&ccb=1-7&_nc_sid=127cfc&_nc_ohc=JQK5Azwul0IQ7kNvgHy09vl&_nc_ht=scontent-fra3-1.xx&edm=AKIiGfEEAAAA&_nc_gid=AT9up5oP214WSiySI9hzqE3&oh=00_AYAvPn91qAw6NlUqw5eVPt8xBuwqQ-qu_2Tl583GMPS6GQ&oe=66F680C7,0,0,0,0,0,1178,1280,1280
2024-09-10,"🌟 Introducing our second grant finalist spotlight – Focus On Health, an organization dedicated to enriching the lives of hospitality professionals through wellness, education, and community support! 🌟
⁠
Focus On Health's diverse range of services reflects their commitment to fostering a healthier, happier industry! Having raised over $100k to support bartenders in 2023, Focus On Health prioritizes the betterment of bartenders through harm reduction trainings, providing educational resources, mentorship programs, and so much more.
⁠
Learn more about Focus On Health, the other 2024 grant finalists, and our Beyond the Bar programming here: https://talesofthecocktail.org/initiatives/grant-recipients/
⁠
Special thanks to our sponsor, Cointreau ⁠
⁠
#TOTCFGrant2024 #totc2024 #totc #TalesoftheCocktail2024 #totcf",https://scontent-fra3-1.xx.fbcdn.net/v/t39.30808-6/459148036_922601569898907_407016865557223771_n.jpg?stp=dst-jpg_p720x720&_nc_cat=101&ccb=1-7&_nc_sid=127cfc&_nc_ohc=KAZQnQnMVkoQ7kNvgGWl2YW&_nc_ht=scontent-fra3-1.xx&edm=AKIiGfEEAAAA&_nc_gid=AT9up5oP214WSiySI9hzqE3&oh=00_AYAl2ZzOY0gktV7k2orqjUS314K7DnQYvkhBRC5tim1-VQ&oe=66F6829D,0,0,0,1,0,947,1074,1093
2024-09-12,"Have an idea that will inspire spirits professionals? Submit your seminar proposal today and let Tales of the Cocktail® be your platform to connect with the global cocktail community!

Whether it’s a topic on new spirits techniques, equity and inclusion, business insights, or an innovative pitch for the 2025 Futures Lab series — submit the seminar topics you want to see held at the world’s leading cocktail conference and be a part of evolving needs of the hospitality industry! 

Submit your proposals here: https://talesofthecocktail.org/initiatives/seminars/

#totc2025 #totc #TalesoftheCocktail2025 #totcf",https://scontent-fra5-1.xx.fbcdn.net/v/t39.30808-6/459340967_923851919773872_5337423713727900387_n.jpg?stp=dst-jpg_p720x720&_nc_cat=102&ccb=1-7&_nc_sid=127cfc&_nc_ohc=cAUmZUsEr80Q7kNvgELW31V&_nc_ht=scontent-fra5-1.xx&edm=AKIiGfEEAAAA&_nc_gid=AT9up5oP214WSiySI9hzqE3&oh=00_AYD-ob1rlwGqGtRhK8tndd9oaBD6fPorTvGrEMVILmK6fA&oe=66F67E83,0,0,0,0,0,822,902,902
2024-09-13,"Congrats to the first winner of our Eras Tour Ticket Raffle! 🌟

There's still time to enter before the final drawing on 9/20 — secure your spot among our potential winners here: https://my.onecause.com/event/organizations/18e5b758-fe31-4a85-9028-d397263cb2a5/events/vevt:73fb2339-8768-45fb-af9f-32306de9f58b/home/story",https://scontent-fra5-2.xx.fbcdn.net/v/t39.30808-6/459335054_923876189771445_2883479557800522793_n.jpg?stp=dst-jpg_p720x720&_nc_cat=107&ccb=1-7&_nc_sid=127cfc&_nc_ohc=FIZHzKkx4BgQ7kNvgEsRXbL&_nc_ht=scontent-fra5-2.xx&edm=AKIiGfEEAAAA&_nc_gid=AT9up5oP214WSiySI9hzqE3&oh=00_AYAh6s9IcGgcUcIgfbFJ_U46rEDved8aVWgz9TlVYzG6sQ&oe=66F680E2,2,11,0,8,2,788,914,967
2024-09-17,"🌟 Introducing our last 2024 Grant Finalist – Safe Bars HQ, a collective of hospitality workers and sexual violence prevention professionals who train staff to address sexual aggression, harassment, and assault in places where alcohol is served. 🌟
⁠
Safe Bars Inc. is the leader in gender-based violence prevention for the hospitality community whose goal is to reach more people, more venues, and more communities to end sexual violence and change the culture of our industry.
⁠
You can learn more about Safe Bars Inc., the other 2024 grant finalists, and our Beyond the Bar programming here: https://talesofthecocktail.org/initiatives/grant-recipients/
⁠
Special thanks to our sponsor, Cointreau! 
⁠
#TOTCFGrant2024 #totc2024 #totc #TalesoftheCocktail2024 #totcf",https://scontent-fra3-1.xx.fbcdn.net/v/t39.30808-6/460462718_927430892749308_7497582055362395451_n.jpg?stp=dst-jpg_p720x720&_nc_cat=105&ccb=1-7&_nc_sid=127cfc&_nc_ohc=lR-iXQqo83wQ7kNvgE2eejx&_nc_ht=scontent-fra3-1.xx&edm=AKIiGfEEAAAA&_nc_gid=AT9up5oP214WSiySI9hzqE3&oh=00_AYB9EEdFoSYMdNYQKMgivmJiUCeDzWmVvKNzKjIztJmKWQ&oe=66F6746A,5,0,0,0,6,259,319,319
2024-09-18,"We're celebrating National Hispanic & Latinx Heritage Month with Jesus Verde! ✨ In his feature editorial, Jesus touches on how honest human communication builds stronger bonds and the bright future he sees for Latinx drinks industry pros.
⁠
Want to celebrate with us? We've got the first look at Jesus' signature cocktail, the 🍹 Tiangui 🍹⬇️
⁠
💧 2 Dashes of saline Solution
🌿 8 drops of Wormwood tincture
🫛 20ml of Tamarind Water
🍵 20ml Mamey Tea cordial
🍹 40ml Patron Tequila Reposado
⁠
Read our full interview with Jesus Verde here: https://talesofthecocktail.org/celebrating-hispanic-latinx-heritage-month-from-zero-to-one/",https://scontent-fra3-1.xx.fbcdn.net/v/t39.30808-6/460516717_928233409335723_8259589465152589885_n.jpg?stp=dst-jpg_p720x720&_nc_cat=103&ccb=1-7&_nc_sid=127cfc&_nc_ohc=DjH3hH4Cu1oQ7kNvgEDnXej&_nc_ht=scontent-fra3-1.xx&edm=AKIiGfEEAAAA&_nc_gid=AT9up5oP214WSiySI9hzqE3&oh=00_AYAE1vYwWRN83zBJmuK_o9OAxwmlT0nn3gbuzcqXDya7YQ&oe=66F656C9,2,0,0,0,2,1103,1144,1144