Date,Message,Likes,Impressions,Comments,Clicks,Source
2023-01-04,"fooBar is about educating the global drinks community. But, at fooBar, we're also acting as a catalyst to advance + support all of the communities we touch. Join us in this mission through the 2023 philanthropy and development grant program! The 2023 grant process is focused on bartender welfare & well-being. We're now accepting submissions for projects that improve the lives of bartenders and hospitality workers in the areas of: Equity, Advocacy, Healthcare, Mental health, Education, Workplace safety, And more! The grant portal will close on February 3, 2023. Submit your proposal here: https://bit.ly/3gCHC1o fooBar Cointreau | Edrington Americas | Bulleit",1,829,0,0,FB Organic
2023-01-05,We're selecting bartenders from around the globe to be a part of the new class of Cocktail Apprentices — Are you ready to be a 2023 CAP Red Coat Our Red Coats receive world-class education & mentorship by working alongside some of the best in the drinks industry during fooBar 2023! Be a part of the 15th anniversary CAP class and apply here: https://bit.ly/3G1c51I #CAPRedCoat2023 #CAP2023 #fooBar2023 fooBar fooBar,5,3711,0,36,FB Organic
2023-01-06,"Checking-in to fooBar 2023? Book your stay at The Ritz-Carlton, New Orleans! Event attendees are invited to secure their luxury hotel suites early, as the last day to book is Monday, June 26, 2023 (pending availability). Find yourself only floors above the July 23 - 28 global cocktail conference by booking your stay here: https://bit.ly/3LFYYVv fooBar fooBar #fooBar2023 fooBar #ritzcarltonneworleans",9,1400,0,11,FB Organic
2023-01-07,"Craving something refreshing? Something soothing? It sounds like we're on the same 'wavelength!' Enjoy the Mr. McIntosh from The Wild in Denver, CO Rye whiskey Pasubio amaro Spiced apple cider Lemon Cardamom fooBar aims to support the worldwide cocktail community by sharing bartenders' creative concoctions & innovative recipes. Submit yours for an opportunity to be featured on our channels here: https://forms.gle/PjDunJWdgnEt7QnS9 fooBar",2,2050,0,0,FB Organic
2023-01-08,"The holiday season may be over, but this festive, wintery cocktail is still guaranteed to make you melt! Try the White Chocolate Oolong from the Silverleaf cocktail bar in London! Nikka Days Whisky⁠ Salted egg yolk⁠ Oolong⁠ White chocolate⁠ fooBar aims to support the worldwide cocktail community by sharing bartenders' creative concoctions & innovative recipes. Submit yours for an opportunity to be featured on our channels here: https://forms.gle/PjDunJWdgnEt7QnS9 fooBar",10,2829,0,0,FB Organic
2023-01-09,"There are countless complex issues that our drinks community members face everyday. Below are several previous stories we highlighted in order to educate on adversities faced based on race, sexuality, and gender, and to celebrate the progress made for these diverse communities to achieve equity & equality over the last 20 years in our industry 1 For #BlackHistoryMonth, Chanta Hunter retold her story as a black female bartender and the moment she realized she wasn't A Bartender, but The Bartender. 2 For #WomensHistoryMonth, Allison Parc of Brenne Whisky retold her story as a woman whisky founder and reflects on the past, present and future of the industry by talking with other women on what 20 years of progress looks like to them. 3 For #AAPIHeritageMonth, Kevin Diedrich of Pacific Cocktail Haven and Kona Street Market Bar talked about his self-discovery as a Filipino bartender who identifies as that and so much more. 4 For #PrideMonth, Chelsea Gregoire reflected on what 20 years of progress within the spirits industry has looked like to them and how Pride Month is a great time to meditate on the idea of where we've been, and where we're going. Follow the link to our blog and explore each of their stories: https://bit.ly/3W2JAaU fooBar fooBar",1,651,0,0,FB Organic
2023-01-11,"Why celebrate #HotToddyDay with just 1 Hot Toddy, when you could celebrate with the Fistful of Toddies from Chris Hewes at Nella Kitchen & Bar? Enjoy the recipe below The Real McCoy 12-year Rum Tempus Fugit Crème de Cacao Lemon Juice Amaro Nonino Black Walnut Bitters Blackberry Elderflower Vegan Foam Dash of Seasonal Spices fooBar aims to support the worldwide cocktail community by sharing bartenders' creative concoctions & innovative recipes. Submit yours for an opportunity to be featured on our channels here: https://forms.gle/PjDunJWdgnEt7QnS9 fooBar",9,2355,0,1,FB Organic
2023-01-13,"At fooBar, we explore themes beyond traditional spirits education. We invite the entire drinks community to take an educational + supportive journey with us... Beyond the Bar! Beyond the Bar is the physical and creative space for fooBar’s global community to join together and address challenges and opportunities within the global drinks industry, including; mental and physical health, intersectionality, substance use, sexual harassment, diversity, equity, and sustainability. From dedicated education workshops to events and webinars to facilitate discourse, explore our recent Beyond the Bar programming here: https://bit.ly/3yFjguC fooBar #BeyondTheBar",2,2351,0,0,FB Organic
2023-01-15,We'd like to make this one our 'mane' squeeze! Try the Lion Heart from The Green Room! Mezcal Galliano Apéritif Papaya Juice Lemon fooBar aims to support the worldwide cocktail community by sharing bartenders' creative concoctions & innovative recipes. Submit yours for an opportunity to be featured on our channels here: https://forms.gle/PjDunJWdgnEt7QnS9 fooBar,13,2778,0,2,FB Organic
2023-01-17,"Diversity within our drinks community, whether it be unique traditions or customs, define the history and future of our industry. Below are several more stories we previously highlighted in order to educate on adversities faced because of race and culture, and to celebrate the progress made for these diverse communities to achieve equity & equality over the last 20 years in our industry For #LatinHeritageMonth, Anthony Mixology, Bar Manager at DOYA, reflected on interconnection of latin cultures, the nostalgia & tradition in his bar program, and what it means to him to be Latin American. For #NativeAmericanHeritageMonth, Chockie Tom, Co-founder of Doommersive and⁠ Indigenous Hospitality Activist, touched on the Indigenous contributions to the drink space and highlighted Indigenous people changing the landscape of our industry today.⁠ For #Juneteenth, Tiffanie Barriere recounts the history of the holiday, her childhood experiences on it, and speaks to the Red Drink being a solid symbol of liberation, happiness and recognition of her ancestors. Explore each of their stories here: https://bit.ly/3W2JAaU fooBar fooBar",2,1298,0,0,FB Organic
2023-01-18,A delicious cocktail + An excellent literary reference = 'Grapeness' achieved! Check out the Grapes of Wrath recipe from Jesse Cyr (@cocktailsbyjesse)! Hennessy VS Orgeat Lemon Giffard Apricot Angostura fooBar aims to support the worldwide cocktail community by sharing bartenders' creative concoctions & innovative recipes. Submit yours for an opportunity to be featured on our channels here: https://forms.gle/PjDunJWdgnEt7QnS9 fooBar,10,3308,0,1,FB Organic
2023-01-25,"Happy #IrishCoffeeDay! We're celebrating with the the Lords of the Beans themselves, Bushmills Irish Whiskey & Dead Rabbit NYC! Check out the photo + recipe from their fooBar event — ""The Dead Rabbit Comes to Nola!"" ⁠ Bushmills Original Demerara Aromatic Coffee Freshly Whipped Cream : Bryan Tarnowski fooBar aims to support the worldwide cocktail community by sharing bartenders' creative concoctions & innovative recipes. Submit yours for an opportunity to be featured on our channels here: https://forms.gle/PjDunJWdgnEt7QnS9 fooBar",11,3045,0,2,FB Organic
2023-01-26,"We'd travel all the way to the savanna for this recipe — After all, it's 'wine' in a million! Enjoy the Zebra Wine from Lauren Mote (@laurenmote)! Cascara Tea Rhythmic Red NA Vermouth Strawberry Shrub Bittered Sling Arabica Coffee Bitters : Jonathan C. fooBar aims to support the worldwide cocktail community by sharing bartenders' creative concoctions & innovative recipes. Submit yours for an opportunity to be featured on our channels here: fooBar",6,2339,0,0,FB Organic
2023-01-27,"There's still time to advocate for the welfare + well being of bartenders and hospitality workers everywhere. Join in our mission by submitting a 2023 grant proposal! We're accepting submissions for projects that improve the lives of bartenders and hospitality workers in the areas of equity, mental health and more! The grant portal will close 1 week from today — February 3, 2023. Learn more about the process and submit here: https://bit.ly/3gCHC1o fooBar fooBar Cointreau | Edrington Americas | Bulleit",0,762,0,0,FB Organic
2023-01-28,May we suggest a bloody brilliant Bloody Mary to spice up your Saturday? Enjoy this recipe from Remy Savage at abstract! 50ml Marmite Monochrome 10ml Lemon 10ml Tomato Ponzu 100ml Tomato Juice 5ml Worcestershire 2.5ml Horseradish 2.5ml Wasabi 3dash Chilli Tincture fooBar aims to support the worldwide cocktail community by sharing bartenders' creative concoctions & innovative recipes. Submit yours for an opportunity to be featured on our channels here: https://forms.gle/PjDunJWdgnEt7QnS9 fooBar,6,3138,2,1,FB Organic
2023-01-29,"Since 2008, more than 400 cocktail apprentices have gained extensive experience working and managing large-scale, high-volume events while providing an invaluable service to fooBar and the industry as a whole — Now, you can join the ranks as a 2023 CAP Red Coat! There's 1 week left to apply, and receive world-class education & mentorship at fooBar. Apply to become a CAP Red Coat now https://bit.ly/3G1c51I #CAPRedCoat2023 #CAP2023 #fooBar2023 fooBar fooBar",4,2517,0,7,FB Organic
2023-01-30,"We're teaming up with Singapore Tourism Board to bring their high energy, high class cocktail culture to the U.S. — Spirited Awards Presents ATLAS! On February 6th, Forbes on 5th in New York City will be temporarily transformed into one of Singapore's most renowned bars and 2020 Spirited Award Winner for World’s Best Cocktail Menu, ATLAS! This event will bring ATLAS’ renowned bar program to life, right in the middle of Manhattan. Learn more about the first in a series of Singapore pop-ups in 2023, 'Spirited Awards Presents ATLAS', here: http://bit.ly/3Y3eQam #singaporextales ATLAS Singapore | Libbey | Woodford Reserve Bourbon Distillery | Cocktail Kingdom",16,1063,0,1,FB Organic
2023-01-31,"Let it be... let it be #BrandyAlexanderDay! Enjoy John Lennon's favorite cocktail using this recipe from Liquor Studio 50ml Cognac 20ml White Cacao Liqueur 5ml Sugar Syrup 20ml Cream Shake it up with ice, strain into a frozen stemmed glass & top with grated nutmeg or chocolate fooBar aims to support the worldwide cocktail community by sharing bartenders' creative concoctions & innovative recipes. Submit yours for an opportunity to be featured on our channels here: https://forms.gle/PjDunJWdgnEt7QnS9 fooBar",25,3724,0,1,FB Organic
2023-02-01,"Nominations for the 17th annual Spirited Awards are open! As one of the industry’s highest achievements, Spirited Awards® spotlight a range of talent from bartenders, journalists, and brand ambassadors, to brands and media, to ensure each aspect of the industry is well represented and recognized for its contributions. The 17th annual Spirited Awards® will return with an open-call nomination period for the “Establishments,” “People,” and “Writing & Media” categories, February 1-22, 2023. It only takes ONE nomination to be considered for a 2023 Spirited Award® and self-nominations are both accepted and encouraged! Learn more about the Spirited Awards and submit your nomination here: http://bit.ly/3Fgfkli Special thanks to Forbes, the Official Media Partner of the 2023 Spirited Awards. #2023SpiritedAwards #SA2023 #SpiritedAwards fooBar fooBar #fooBar2023 fooBar",1,1159,0,0,FB Organic
2023-02-01,"Nominations for the 17th annual Spirited Awards are open! As one of the industry’s highest achievements, Spirited Awards® spotlight a range of talent from bartenders, journalists, and brand ambassadors, to brands and media, to ensure each aspect of the industry is well represented and recognized for its contributions. The 17th annual Spirited Awards® will return with an open-call nomination period for the “Establishments,” “People,” and “Writing & Media” categories, February 1-22, 2023. It only takes ONE nomination to be considered for a 2023 Spirited Award® and self-nominations are both accepted and encouraged! Learn more about the Spirited Awards and submit your nomination here: http://bit.ly/3Fgfkli Special thanks to Forbes, the Official Media Partner of the 2023 Spirited Awards. #2023SpiritedAwards #SA2023 #SpiritedAwards fooBar fooBar #fooBar2023 fooBar",9,1002,0,4,FB Organic
2023-02-02,"Tomorrow is your last opportunity to join us in advancing + supporting our global drinks community through the 2023 philanthropy and development grant program! The fooBar 2023 grant process is focused on bartender welfare & well-being. If you have a project that could improve the lives of hospitality workers, submit your proposal by end of day on 2/2 here: https://bit.ly/3gCHC1o fooBar fooBar Cointreau | Edrington Americas | Bulleit",1,838,0,1,FB Organic
2023-02-03,"Discover ATLAS — The lobby bar on the ground floor of Singapore’s iconic Budis neighborhood building, Parkview Square. It features distinctive architecture which is inspired by the glamorous Art Deco skyscrapers of Europe and New York City. While its appearance may lead you in one direction, ATLAS' rambunctious 1920s spirit soon takes over and you'll find yourself at Singapore’s most lavish party. It is for this uniqueness that Atlas has won Spirited Awards for Best International Cocktail Bar, World's Best Spirits Selection, and World's Best Cocktail Menu. It is also for this reason that we selected ATLAS to celebrate the nomination period for the 2023 Spirited Awards in New York! Learn more about the event and other ways fooBar is teaming up with Singapore Tourism Board here: https://fooBar.org/get-involved/singapore-x-tales/ Entrance is limited for this event. All guests must register to attend. #SingaporexTales #SpiritedAwards #2023SpiritedAwards #SA2023 ATLAS Singapore | Libbey | Woodford Reserve Bourbon Distillery | Cocktail Kingdom",5,993,0,1,FB Organic
2023-02-03,Princess Johnson (IG: @yopjay) at Allegory in Washington D.C. (@allegory_dc) really has im-peck-able taste in ingredients! Enjoy her recipe for the Crow from Tobago below! Hapusa Gin Michter's Rye Whiskey Trinidadian Curry Fermented Carrots Mango Lime Cacao fooBar aims to support the worldwide cocktail community by sharing bartenders' creative concoctions & innovative recipes. Submit yours for an opportunity to be featured on our channels here: https://forms.gle/PjDunJWdgnEt7QnS9 fooBar,15,3536,0,0,FB Organic
2023-02-04,"Tomorrow is your last day to apply to become a 2023 CAP Red Coat! Don't miss your chance to be part of the 15th anniversary CAP class and receive world-class education from some of the best in the drinks industry at fooBar 2023! Applications close at the end of day, find it here: https://bit.ly/3G1c51I #CAPRedCoat2023 #CAP2023 #fooBar2023 fooBar fooBar",6,1376,0,6,FB Organic
2023-02-05,We 'Loki' love a Norse Mythology reference! Enjoy the Valhalla Garden Gimlet from Jean Vital (IG: @cocktailcircus_)! 45 ml Aquavit 20 ml Lime juice 20 ml Elderflower Cordial 3 Drops of Chili Bitters or a muddled slice of thick Red Chili. Shake and Double Strain over ice cubes in a Tajin spice rimmed rock glass. fooBar aims to support the worldwide cocktail community by sharing bartenders' creative concoctions & innovative recipes. Submit yours for an opportunity to be featured on our channels here: https://forms.gle/PjDunJWdgnEt7QnS9 fooBar,3,2297,0,0,FB Organic
2023-02-07,"The exchanging of business ideas, tactics, innovations, and products has always been a fooBar opportunity! Year after year, fooBar Business Seminars cover topics ranging from: The digital future of bar education, To the future landscape of design and sound within hospitality, And even the importance of redefining compensation, recruitment, and retention for the industry as a whole! What started as an annual walking tour of New Orleans bars has now become the global idea exchange for the drinks industry. Learn more about fooBar Business Seminars, and what attendees might expect from them at fooBar here: http://bit.ly/3LFYYVv #fooBar2023 fooBar fooBar",10,4028,0,10,FB Organic
2023-02-09,Don't get us 'tarted' on this tangerine dream — Enjoy the Satsuma Smash from Alexandria Bowler (IG: @tincture_bell) at Emeril's! 1.5 oz Bourbon .75 oz Cocktail and Sons Mint and Lemon Verbena Syrup .75 oz Acid-adjusted Satsuma Juice : Katherine Kimball (@katkimballphoto) fooBar aims to support the worldwide cocktail community by sharing bartenders' creative concoctions & innovative recipes. Submit yours for an opportunity to be featured on our channels here: https://forms.gle/PjDunJWdgnEt7QnS9 fooBar,10,2797,0,0,FB Organic
2023-02-10,"Join us in recognizing #BlackHistoryMonth, celebrating DC's 2017 Cocktail Queen, Kapri Robinson (IG: @kapri.possible), and trying her We Don't Need Roads cocktail! As a bartender, educator, event organizer, and president & founder of Chocolate City's Best (CCB), Kapri has been acknowledged on multiple media platforms. In her new editorial, ""Back To The Future: Analyzing our growth in the past to be better for the future,"" she explores a history of the drinks industry's record in recognizing diversity, the present need to create safe workspaces for people of color, and the work ahead for the industry to truly contribute to the community. Read the full editorial here: http://bit.ly/3JZUpaC #BHM fooBar fooBar",1,1748,0,0,FB Organic
2023-02-11,"It should be ill-eagle for a drink to look this cute! Check out the Baby Bird from Kyle Plecas at Supergeil in Detroit, MI! Two James Spirits Brown Butter-Washed Rum Bitter Orange Liqueur Falernum Cider Reduction fooBar aims to support the worldwide cocktail community by sharing bartenders' creative concoctions & innovative recipes. Submit yours for an opportunity to be featured on our channels here: https://forms.gle/PjDunJWdgnEt7QnS9 fooBar",11,6985,4,1,FB Organic
2023-02-12,"What started as an initiative with Focus on Health and Lush Life Productions to bring voices of all service-related communities together for COVID-19 relief efforts evolved into so much more! In 2021 and 2022, our Full Hands In/Full Hands Out series highlighted heritage stories and professional development mentoring from leaders in the industry, with topics including how to negotiate like a pro and bringing more humanity back into hospitality. Find all previous episodes here: http://bit.ly/3yFjguC fooBar #FHIFHO2022 #FOH",2,1080,0,0,FB Organic
2023-02-14,"This combination of flavors just makes 'scents'. Check out this recipe for the Vesuvian Candle from Yolan at The Joseph, a Luxury Collection Hotel, Nashville! Smith & Cross Rum Pedro Ximénez Sherry Amaro Nardini Rivers Royale Grenadian Rum fooBar aims to support the worldwide cocktail community by sharing bartenders' creative concoctions & innovative recipes. Submit yours for an opportunity to be featured on our channels here: https://forms.gle/PjDunJWdgnEt7QnS9 fooBar",9,3158,0,2,FB Organic
2023-02-15,"You only have 1 week left to submit your nominations for the 17th Annual Spirited Awards. That means it's time for a Spirited Awards 101! Here are quick facts regarding the nomination process for 2023: Categories open for public nomination are NOT based on the volume of nominations submitted - You can recognize a bar professional, establishment, ingredient and/or media. It only takes ONE nomination to be considered for a 2023 Spirited Award® - Self-nominations are both accepted and encouraged. Anyone can nominate for a Spirited Award, even yourself! Submit your nomination here: http://bit.ly/3Fgfkli Special thanks to Forbes, the Official Media Partner of the 2023 Spirited Awards. #2023SpiritedAwards #SA2023 #SpiritedAwards fooBar fooBar #fooBar2023 fooBar",1,1301,0,4,FB Organic
2023-02-16,"The Brisingamen is just as brilliant as the golden necklace it's named after! Enjoy this North Sea Tiki popup (IG: @nine_worlds_popup) recipe from Shawn Newman (@socksorneat), Robert Mercier (@bobbybevnaps) and Pete Hannah (@bringinthepete)! Strawberry Lemongrass Vodka Swedish Punsch Cloudberry Crab Apple Verjus. Garnish with Strawberry Leather : James Hand (@jimijam) fooBar aims to support the worldwide cocktail community by sharing bartenders' creative concoctions & innovative recipes. Submit yours for an opportunity to be featured on our channels here: https://forms.gle/PjDunJWdgnEt7QnS9 fooBar",4,2969,1,0,FB Organic
2023-02-17,"We're continuing to celebrate #BlackHistoryMonth through 2 informative & enlightening Full Hands In/Full Hands Out episodes from 2020 — Both centered on the Black experience in the drinks industry: ""Cheers to Black-Owned Spirits"" — Do It For The Cocktail Culture‘s (IG: @forthecocktailculture) LaShana Daniels and Will Drink For Travel‘s (@willdrinkfortravel) Ashlee Tuck met with Black producers to discuss the processes, barriers, and innovations behind black-owned brands. ""Black. Queer. And Still Here."" — fooBar Grants Advisory Committee Member Chris Cabrera (@chrscab) hosts a panel discussion with six prominent LGBTQ+ Black bartenders to discuss the obstacles they have faced when finding their place in an industry that doesn't seem diverse at first glance. Find both episodes here: http://bit.ly/3yFjguC #BHM fooBar #FHIFHO2022 #FOH",1,634,0,0,FB Organic
2023-02-18,Cabernet? More like caber-yay — It's #DrinkWineDay! Check out this recipe for the Nectar of the Goddess from Ebby Kurian (IG: @ebbydranks) at The Plaid Rabbit at Culture ETX! 2 oz Reposado Tequila (IG: @bluenectartequila) 1 oz Lime Juice 0.75 oz Agave Syrup Egg White 1.5 oz Cabernet Sauvignon (IG: @coppolawine) fooBar aims to support the worldwide cocktail community by sharing bartenders' creative concoctions & innovative recipes. Submit yours for an opportunity to be featured on our channels here: https://forms.gle/PjDunJWdgnEt7QnS9 fooBar,22,4651,1,1,FB Organic
2023-02-20,"Congratulations to the 2023 Most Imaginative Bartender, Peter Hannah (IG:@bringinthepete)! Peter Hannah of Orlando, FL has been named the winner of fooBar & Bombay Sapphire’s competition centered around bartenders' creative passions and how they’re inspired behind and beyond the bar. Pete will receive a $20,000 creative grant towards his Canvas Project concept Late Nite LTD, a consultancy to design hospitality residencies that showcase underrepresented heritages of local communities to create educational and immersive experiences. Check out @nine_worlds_popup on Instagram to see the first iteration! Congrats Pete! #MIB2023 #bombaysapphire",87,10496,7,0,FB Organic
2023-02-20,"Haven't had a chance to nominate your favorite bartender, journalist or brand ambassador for a 2023 Spirited Award? Don't worry — You have 48 hours left! The 17th annual Spirited Awards® have an open-call nomination period for the “Establishments,” “People,” and “Writing & Media” categories. It only takes ONE nomination to be considered for a 2023 Spirited Award® and self-nominations are both accepted and encouraged! The nomination period ends on February 22nd. Learn more about the Spirited Awards and submit your nomination here: http://bit.ly/3Fgfkli Special thanks to Forbes, the Official Media Partner of the 2023 Spirited Awards. #2023SpiritedAwards #SA2023 #SpiritedAwards fooBar fooBar #fooBar2023 fooBar",2,2126,0,6,FB Organic
2023-02-21,"Happy #MardiGras! While it's just Tuesday to many others, today we're celebrating our kinship with the city of New Orleans– the home of fooBar– with a recipe to help you create the Perfect Mardi Gras! Indulge in the revelry, community, and culture. Be authentically you. Be unapologetically you. And finally, vitalize — Celebrate the vibrancy, adaptability, and unmatched kinetic energy that you and those around you hold. This is our recipe for a perfectly shared Mardi Gras experience. We can't wait to celebrate with everyone again in July! fooBar",11,3847,0,0,FB Organic
2023-02-22,"Marg' our words, this cocktail is a keeper! Celebrate #MargaritaDay with the Sea Salt Margarita from Walid Merhi (IG: @willis_766) at Megumi Almaza (@megumialmaza)! Tequila Orange Curaçao Native Lime (Banzahir) Salted Beer Air fooBar aims to support the worldwide cocktail community by sharing bartenders' creative concoctions & innovative recipes. Submit yours for an opportunity to be featured on our channels here: https://forms.gle/PjDunJWdgnEt7QnS9 fooBar",3,2165,1,0,FB Organic
2023-02-22,"The nomination period for the 17th Annual Spirited Awards has closed! Thank you for your submissions, and keep your eyes open for our announcement of the 2023 Spirited Awards' Top 10 Honorees on April 24, 2023! Special thanks to Forbes, the Official Media Partner of the 2023 Spirited Awards. #2023SpiritedAwards #SA2023 #SpiritedAwards fooBar fooBar #fooBar2023 fooBar",8,1527,0,0,FB Organic
2023-02-23,"You won't need Google Maps to find the world's largest drinks industry conference, just the elevator! Book your fooBar 2023 stay at The Ritz-Carlton, New Orleans today! Event attendees are invited to secure their luxury hotel suites early, as the last day to book is Monday, June 26, 2023 (pending availability). Book your stay floors above the July 23 - 28 conference action here: https://bit.ly/3LFYYVv fooBar fooBar #fooBar2023 fooBar #ritzcarltonneworleans",8,2156,1,3,FB Organic
2023-02-24,"Happy #WorldBartenderDay to our global family! Today we celebrate your innovation, your enthusiasm, and our shared love for drinks. We're doing so with Daniel Hammer (IG: @daniel__hammer) at Hanse Lounge (@hanse_lounge) and the Peanut Butter & Banana cocktail! Plantation Xaymaca Rum Peanut Butter Banana Oleo Saccharum Salt Saline 10% fooBar aims to support the worldwide cocktail community by sharing bartenders' creative concoctions & innovative recipes. Submit yours for an opportunity to be featured on our channels here: https://forms.gle/PjDunJWdgnEt7QnS9 fooBar #BartenderDay",6,1560,0,0,FB Organic
2023-02-25,"In fooBar Culture Seminars, attendees can uncover the past, celebrate the present and envision the future of the drinks industry. From an exploration of the earliest distillation books to frozen drinks and blended whiskey workshops, fooBar Culture Seminars have educated conference-goers on the shifting & evolving atmosphere of our industry for countless years! What started as an annual walking tour of New Orleans bars has now become the global idea exchange for the drinks industry. Learn more about fooBar Culture Seminars, and what attendees might expect from them at fooBar here: http://bit.ly/3LFYYVv #fooBar2023 fooBar fooBar",11,6377,0,10,FB Organic
2023-02-26,"Wondering whether or not you should celebrate #KahluaDay? Just brew it! Enjoy the iconic coffee liqueur with this Espresso Martini from Duemani in Aspen, CO (IG: @duemani.aspen)! Stoli Vanilla Vodka Baileys Kahlua Lavazza Espresso fooBar aims to support the worldwide cocktail community by sharing bartenders' creative concoctions & innovative recipes. Submit yours for an opportunity to be featured on our channels here: https://forms.gle/PjDunJWdgnEt7QnS9 fooBar",3,1911,0,0,FB Organic
2023-03-03,"Dame Hall of Fame is now the fooBar Catalyst Luncheon! Founded in 2012, Dame Hall of Fame created an opportunity for women in the industry to come together and celebrate accomplishments not commonly recognized by other bar awards. While this intention has not changed, it has been broadened to divest from the gender binary so as to be inclusive of all genders, including people who are non-binary and trans. The reframe has been several years in the making and is based on feedback from the collective of past inductees who hope to make this a supportive space for all current and future members. By introducing the Catalyst Luncheon, the group has not only positioned itself as a collective of diverse changemakers but also as a catalyst for the industry to continue inspiring their peers! Learn more about the fooBar Catalyst Luncheon, previous Tales Catalysts, and more here: http://bit.ly/3ty2F8y",2,1076,0,1,FB Organic
2023-03-04,"In the inspiring words of Brian Fantana, ""It stings the nostrils. In a good way."" Enjoy this recipe for the Sex Panther from Dragonfly Detroit (IG: @dragonflydetroit)! Monkey Shoulder Yellow Chartreuse Banane Du Brasil Peanut Chamomile Lemon fooBar aims to support the worldwide cocktail community by sharing bartenders' creative concoctions & innovative recipes. Submit yours for an opportunity to be featured on our channels here: https://forms.gle/PjDunJWdgnEt7QnS9 fooBar",11,1102,0,0,FB Organic
2023-03-05,We couldn't have said it better ourselves — Celebrate #AbsintheDay with the recipe for Absinthe Makes The Heart Grow Fonder from Tony Andretti of Home Bar Culture (IG: @homebarculture)! 45ml Tarquin’s Cornish Dry Gin 5ml La Fée Parisienne Absinthe 10ml Luxardo Maraschino Liqueur 5ml Cherry Heering 5ml Campari 25ml Pink Grapefruit Juice 5ml Simple Syrup 10ml Chilled Water Garnish with Grapefruit Twist fooBar aims to support the worldwide cocktail community by sharing bartenders' creative concoctions & innovative recipes. Submit yours for an opportunity to be featured on our channels here: https://forms.gle/PjDunJWdgnEt7QnS9 fooBar,11,2636,1,0,FB Organic
2023-03-06,"Gathering with us in the heart of the French Quarter for fooBar 2023? Book your stay using one of our hotel blocks: Hyatt Centric French Quarter, Courtyard Marriott Iberville, Four Seasons, Royal Sonesta, Virgin Hotels And JW Marriott! Event attendees are invited to secure their stay early for the July 23 - 28 global cocktail conference. Learn more about our hotel blocks here: http://bit.ly/3LFYYVv fooBar fooBar #fooBar2023 fooBar",2,905,0,2,FB Organic
2023-03-06,"We're teaming up with Singapore Tourism Board to celebrate the multifaceted culture and talent within the island nation. Explore the culture, trade and history of Singapore’s Little India with The Elephant Room Singapore! Elephant Room’s menu of vibrant cocktails, ferments, and jellies is inspired by ingredients. An often under-documented culture is spread to the world with their ingredients freshly sourced from Tekka Market and a selection of spirits sourced from India. Each of its bar team shares the responsibility of operating; not only creating recipes for both bar and cuisine but also working between the floor, kitchen, and bar! Learn more about Elephant Room and other ways fooBar is teaming up with Singapore Tourism Board here: http://bit.ly/3Y3eQam #SingaporexTales #visitsingapore fooBar #fooBar2023 fooBar fooBar",8,3407,0,2,FB Organic
2023-03-07,"Great Scotland Yard! This is extraordinary! Check out the recipe for the Tintin from @Le Salon Cocktail Bar & Lounge (IG: @lesaloncocktailbar) in Tribeca, NYC! Chrysanthemum Vodka Pineapple Black Fig Garnish with Cassis. Brie & Honey on the side. fooBar aims to support the worldwide cocktail community by sharing bartenders' creative concoctions & innovative recipes. Submit yours for an opportunity to be featured on our channels here: https://forms.gle/PjDunJWdgnEt7QnS9 fooBar",6,2141,0,0,FB Organic
2023-03-08,"Did you further your career at a fooBar event? Did you make a personal connection that impacted your life? Did you discover a life-changing technique or recipe? We want to know! We're preparing for #fooBar2023's seminars, tastings, and special events and we want to hear about your past experiences with all of the above! Give us your best fooBar stories from years past for a chance to be featured on our pages leading up to fooBar! Submit your answers here: https://forms.gle/KbW4nmSGst5jJj2k6 #MeetatTales #MeetatTales2023 fooBar",14,3967,1,4,FB Organic
2023-03-09,"Fashion changes, but style endures, and this cocktail has style! Be sure to try the Coco Chanel from James Coleby (IG: @jcoleby) at The Rabbit Hutch (@rbt_hutch) in Verbier, Switzerland! Washing Campari with Coconut Antica Formula John Robert's Botanic Request Gin (@thebotanicrequest) fooBar aims to support the worldwide cocktail community by sharing bartenders' creative concoctions & innovative recipes. Submit yours for an opportunity to be featured on our channels here: https://forms.gle/PjDunJWdgnEt7QnS9 fooBar",8,2136,0,0,FB Organic
2023-03-11,Getting 'figgy' with it this Saturday night? Get the night started with a recipe for the Vadouvan Fig Club from Devil's Botany (IG: @devilsbotany) at Coupette (@coupettelondon)! @devilsbotany Absinthe Regalis Vadouvan Syrup Super Figs Egg White Lemon fooBar aims to support the worldwide cocktail community by sharing bartenders' creative concoctions & innovative recipes. Submit yours for an opportunity to be featured on our channels here: https://forms.gle/PjDunJWdgnEt7QnS9 fooBar,3,2588,0,0,FB Organic
2023-03-15,"Caffeine in a Martini glass? Talk about a perfect blend! Celebrate #EspressoMartiniDay with a recipe from 1931 Gallery Bistro (IG: @1931gallerybistro) in Vancouver, BC, Canada! 1.5oz Goslings Dark Rum 0.5oz Kahlua Pinch of Maldon Salt Double Shot Espresso Coffee Salt Espresso Beans : Hanns Corvalan (@hanns.corvalan) fooBar aims to support the worldwide cocktail community by sharing bartenders' creative concoctions & innovative recipes. Submit yours for an opportunity to be featured on our channels here: https://forms.gle/PjDunJWdgnEt7QnS9 fooBar",2,2382,0,0,FB Organic
2023-03-15,"2023 Tales Catalyst Luncheon Nominations are open! The Tales Catalyst Luncheon, formerly the Dame Hall of Fame, aims to honor those who are working for the accessibility & intersectionality of the drinks industry. If you know someone who has impacted you by making a lasting change in the industry through inspiring or influencing equity and inclusion, we want to know! In your nomination form, highlight how this person has made strides toward inclusivity and accessibility within the industry. Nominations for Tales Catalysts Honorees close on April 3rd at 11:59 PM EST. Submit yours here: https://bit.ly/3XJCcRJ #2023TalesCatalysts #TalesCatalysts fooBar fooBar #fooBar2023 fooBar",5,1391,0,2,FB Organic
2023-03-17,"We'd trade a pot of gold for this shamrockin' cocktail anyday — Happy #StPatricksDay! Celebrate with the Pissed Leprechaun recipe from Cocktail Contessa (IG: @cocktail_contessa) in Louisville, Kentucky! 1 oz Suze 1 oz WhiskeySmith Co Pineapple Whiskey 1 oz Irish Whisky 1/2 oz Pineapple Syrup Scant 1/4 oz Blue Curacao fooBar aims to support the worldwide cocktail community by sharing bartenders' creative concoctions & innovative recipes. Submit yours for an opportunity to be featured on our channels here: https://forms.gle/PjDunJWdgnEt7QnS9 fooBar",5,3325,0,0,FB Organic
2023-03-18,"We're teaming up with Singapore Tourism Board to celebrate the multifaceted culture and talent within the island nation. Ready to experience whisky infused with king oyster mushrooms, or red rice sake with a hint of sumac? Discover unexpected ingredients sourced from close to home with Fura! Fura is a plant-forward bar, showcasing how our diet could look in the future due to climate change. The menu is designed around highlighting ingredients that have now become prevalent and in abundance due to our imbalance of the ecosystem. They are not interested in serving you something you've had before! Learn more about Fura and other ways fooBar is teaming up with Singapore Tourism Board here: http://bit.ly/3Y3eQam #SingaporexTales #visitSingapore fooBar Singapore Tourism Board | Visit Singapore | Woodford Reserve Bourbon Distillery | Libbey Pro | Cocktail Kingdom | Campari | Johnnie Walker | Pernod Ricard US",8,2870,0,4,FB Organic
2023-03-19,"Every 'bloody' needs somebody. Our somebody this weekend is the Hail Mary from Aidan Mautschke (IG: @aidan.mautschke) at The Drinkery (@thedrinkery) in Cape Town, South Africa — Check out the recipe below! Vodka Cape Honey Dry Vermouth Fresh Lime Olive Brine Cucumber Bitters Spiced Tomato Juice Smoked Maldon Salt & Pork Crackling fooBar aims to support the worldwide cocktail community by sharing bartenders' creative concoctions & innovative recipes. Submit yours for an opportunity to be featured on our channels here: https://forms.gle/PjDunJWdgnEt7QnS9 fooBar",7,2751,0,0,FB Organic
2023-03-20,"Celebrate #WomensHistoryMonth with Dame Hall of Fame Inductee Tess Posthumus (IG: @tessposthumus)! Tess is the proud Bar Owner of Flying Dutchmen Cocktails (@flyingdutchmencocktails), a Dame Hall of Fame Inductee, and has also served on the fooBar board for the last 2 years. We sat down with her to discuss the fooBar Catalyst Luncheon rebrand, what intersectionality means to her, contributions that women and non-binary people have made in the drinks industry and so much more! Find our full interview with Tess here: https://bit.ly/40nf516 #WHM fooBar fooBar",2,1009,0,0,FB Organic
2023-03-21,We're feeling 'vine' & dandy on #VermouthDay! Celebrate the aromatized wine with the recipe for Why Not Both? from Wisecraft Mixology (IG: @wisecraft_mixology)! 2 ounces 818 Tequila (@drink818) Infused with Butterfly Pea Petals Ransom Wine Co. & Distillery's (@ransomspirits) 1/2 ounce Dry Vermouth 2 dashes Wisecraft Allspice Bitters Giffard Liqueurs & Syrups' (@giffard_liqueurs_syrups) Rinse of Creme de Violette Garnish with a Luxardo (@luxardoofficial) cherry fooBar aims to support the worldwide cocktail community by sharing bartenders' creative concoctions & innovative recipes. Submit yours for an opportunity to be featured on our channels here: https://forms.gle/PjDunJWdgnEt7QnS9 fooBar,8,2499,0,0,FB Organic
2023-03-23,"We're teaming up with Singapore Tourism Board to celebrate the multifaceted culture and talent within the island nation. Discover your home away from home with NO SLEEP CLUB — Neither bar, restaurant nor café, yet all of the above! What began after hours as a 4-seat bar in a coffee shop, No Sleep Club has evolved into an all-day space approachable to anyone in the neighborhood. Their knowledge of modern techniques make ""comfort drinks"" like vodka sodas and gin & tonics the best versions of themselves! Learn more about No Sleep Club and other ways fooBar is teaming up with Singapore Tourism Board here: http://bit.ly/3Y3eQam #SingaporexTales #VisitSingapore fooBar VisitSingapore | Woodford Reserve | Libbey Pro | Cocktail Kingdom | Campari | Johnnie Walker | Pernod Ricard USA",22,8015,0,20,FB Organic
2023-03-24,"Our followers are as fly as a Mai Tai and mo'fun than a Mojito. We could go on and on, and we will because it's National #CocktailDay! Thank you for sharing your unique recipes and inspiring creativity for cocktails with us each and every day. We're celebrating with a Blackberry Gin Smash from Empress 1908 Gin (IG: @empress1908gin)! 2 oz Empress 1908 Gin 3 oz Tonic Water 5-6 Blackberries Cucumber Garnish with Cucumber Slice or Rose fooBar aims to support the worldwide cocktail community by sharing bartenders' creative concoctions & innovative recipes. Submit yours for an opportunity to be featured on our channels here: https://forms.gle/PjDunJWdgnEt7QnS9 fooBar",18,4351,2,4,FB Organic
2023-03-25,"#DYK: The Caipirinha is Brazil's national cocktail? Today, we're sipping on a twist of the traditional drink with the Caipirinha v2 from Tony Rials (IG: @trials_00) at Waxlight Bar a Vin (@waxlight_bar_a_vin) in Buffalo, NY! Coconut-Washed Cachaca Gentiane Passionfruit Bell Pepper Lime fooBar aims to support the worldwide cocktail community by sharing bartenders' creative concoctions & innovative recipes. Submit yours for an opportunity to be featured on our channels here: https://forms.gle/PjDunJWdgnEt7QnS9 fooBar",4,1797,0,5,FB Organic
2023-03-26,Want to be featured on our pages leading up to fooBar? All you have to do is give us your fooBar stories! Has a fooBar event: Educated you with new craft techniques and/or business training? Advanced your professional career? Supported you through mentorship opportunities? We want to know! Submit your answers here: https://forms.gle/KbW4nmSGst5jJj2k6 #MeetAtTales #MeetAtTales2023 fooBar,0,2439,0,0,FB Organic
2023-03-27,"This recipe is true top-shelf material, and a great way to celebrate International #WhiskeyDay! Enjoy the Close Friend cocktail from Alex Bowles (IG: @alex_vowles) at the Hawthorn Lounge (@hawthornlounge) in Wellington, New Zealand! 45ml Rye Whiskey 5ml Demerara 2:1 5ml Maraschino Liqueur 5ml House Made Curacao 2 dashes each Angostura and Orange bitters fooBar aims to support the worldwide cocktail community by sharing bartenders' creative concoctions & innovative recipes. Submit yours for an opportunity to be featured on our channels here: https://forms.gle/PjDunJWdgnEt7QnS9 fooBar",9,2473,0,0,FB Organic
2023-03-27,"You only have 1 week left to submit your 2023 Tales Catalyst Luncheon Nominations! The Tales Catalyst Luncheon, formerly the Dame Hall of Fame, welcomes more members this year that highlight marginalized groups within the industry and shine a spotlight on leaders actively making changes in their communities. If you would like to recognize a woman, non-binary, and trans person who has made unique and lasting contributions to the global hospitality industry, submit your nomination by April 3rd at 11:59 PM EST here: https://bit.ly/3XJCcRJ #2023TalesCatalysts #TalesCatalysts fooBar fooBar #fooBar2023 fooBar",2,1041,0,2,FB Organic
2023-03-28,"Checking-in to fooBar? We recommend checking-out the charm, convenience and culture our event hotel blocks have to offer: Hyatt Centric French Quarter, Courtyard Marriott Iberville, Four Seasons, Royal Sonesta, Virgin Hotels And JW Marriott! fooBar attendees are invited to secure their stay early for the July 23 - 28 global cocktail conference. Learn more about our hotel blocks here: http://bit.ly/3LFYYVv fooBar #fooBar2023 fooBar",7,2553,0,10,FB Organic
2023-03-29,"Shame on us for not trying this recipe sooner! Enjoy the Fool Me Once cocktail from Elmer Mejicanos (IG: @elmer.mejicanos) at Causwells (@causwells) in San Francisco, CA! Monkey Shoulder Whisky Egg Sake Yuzu Rice Cream Garnish with Burnt Rice Paper Love Letter fooBar aims to support the worldwide cocktail community by sharing bartenders' creative concoctions & innovative recipes. Submit yours for an opportunity to be featured on our channels here: https://forms.gle/PjDunJWdgnEt7QnS9 fooBar",9,3403,0,2,FB Organic
2023-03-31,Who needs GPS when you have The Guild Navigator from Albi DC (@albiwashdc)? Continue straight ahead and arrive at the recipe for their cocktail below! Toki Japanese Whisky Lebanese Seven Spice Lime Topo Chico fooBar aims to support the worldwide cocktail community by sharing bartenders' creative concoctions & innovative recipes. Submit yours for an opportunity to be featured on our channels here: https://forms.gle/PjDunJWdgnEt7QnS9 fooBar,6,1662,0,0,FB Organic
2023-04-02,"It's almost time to get into the spirit of spirits — Tickets for fooBar go live in just 1 Month! This year, we're embracing the theme of vitalization at the global cocktail conference to encapsulate the hospitality community’s: Vibrancy, Adaptability And its unmatched kinetic energy! Each of which brings so much life to our shared experience. Learn more about what to expect at fooBar 2023 here: http://bit.ly/3LFYYVv",13,2724,0,9,FB Organic
2023-04-02,"Tomorrow is the last day to submit your 2023 Catalyst Luncheon nominations! The Catalyst Luncheon honors those who are working for the accessibility & intersectionality of the drinks industry. If you know a woman, non-binary, or trans person who has impacted you by making a lasting change in the industry through inspiring or influencing equity and inclusion, we want to know! Nominations close at the end of April 3rd. Submit yours here: http://bit.ly/3ty2F8y #2023TalesCatalysts #TalesCatalysts fooBar fooBar #fooBar2023 fooBar",3,835,0,1,FB Organic
2023-04-02,"Your #AprilFools Day may have been full of pranks, but you know what they say, Shiitake Happens! Check out this recipe from @Elmer Mejicanos (IG: @elmer.mejicanos) at Causwells! 1 oz @Absolut Vodka 1.5 oz Mushroom Infused Fiero from @Martini & Rossi 3 dashes Caribbean Bitters .25 oz Simple Syrup .75 oz Lime Juice 5 drops Saline Garnish with Passion Fruit Foam and 5 Dots of Angostura Bitters fooBar aims to support the worldwide cocktail community by sharing bartenders' creative concoctions & innovative recipes. Submit yours for an opportunity to be featured on our channels here: https://forms.gle/PjDunJWdgnEt7QnS9 fooBar",2,2851,0,1,FB Organic
2023-04-05,"Catalyst Luncheon nominations have closed, but be on the lookout for more announcements on it in the coming months! In the meantime, if you'd like to learn more about the reasoning behind the transformation of Dame Hall of Fame into Catalyst Luncheon and. our selection process, check out Bar & Restaurant Expo's new article:",3,1709,0,5,FB Organic
2023-04-05,"Calling all cocktail enthusiasts + fellow spirits community members — Help us make a lasting impact with fooBar 2023 by volunteering for the event! We're looking for volunteers to assist with seminars, tasting rooms and more, July 23-28! Consider making the most of your trip to New Orleans by helping us put on the best global cocktail conference we can. Volunteers who work two shifts will receive a complimentary Tasting Room access Wristband. Our volunteer application is live now! Sign up here: https://fooBar.org/get-involved/volunteer/ fooBar fooBar #fooBar2023 fooBar",0,2457,0,42,FB Organic
2023-04-06,Going bananas over this Monkey Business cocktail! Check out the recipe below from Snehal DC (IG: @sne_dc)! Monkey Shoulder US Lime Juice Pineapple Juice Banana Liqueur Cinnamon Islay Scotch Spritz fooBar aims to support the worldwide cocktail community by sharing bartenders' creative concoctions & innovative recipes. Submit yours for an opportunity to be featured on our channels here: https://forms.gle/PjDunJWdgnEt7QnS9 fooBar,24,4611,0,6,FB Organic
2023-04-07,"Say hello to the people overseeing the integrity of our educational programming and addressing the interests, needs, and goals of bartenders at fooBar 2023 — Introducing our Education Advisory Committee! Business Advisory Committee Co-Chair Indra Kantono – Jigger and Pony Group – Singapore Co-Chair Lauren Mote – Global Director of On-Trade Excellence for Patron Tequila – Amsterdam Chanel Adams – Bangkok, Thailand Ara Caravallo – Co-Founder Barra Mexico & Portfolio Director – Distill Ventures – Amsterdam + Mexico Laura Green – M.Ed – Founder – Healthy Pour Brandon Grusd – GM Proof & Company – South East Asia Alex Day – Chief of Operations – Gin & Luck Company (Death & Co and Proprietors LLC) Minakshi Singh – Co-founder and CEO of Cocktails and Dreams Speakeasy, and Sidecar – India Rebecca Sturt – Marketing Manager –Middle East and India – Rémy Cointreau – Owner of Dubai Bartenders Club – Dubai UAE Culture Advisory Committee Co-Chair Varia Dellalian – Customer Marketing Executive – Bacardi – Levant & Turkey Co-Chair ms. franky marshall – Modern Bartender – Educator Giulia Cuccurullo – Head Bartender – Artesian Bar – London Ali Dedianko – Head of Advocacy & Experiential – Brown-Forman – UK Bannie Kang – Co-Founder Side Door – Taiwan Keith Motsi – Beverage Operations & Head Bartender– Four Seasons Hotel–Tokyo Michael Neff – Proprietor – The Cottonmouth Club Benjamin Padron Novoa – Co-Founder of Licoreria Limantour – Mexico Laura Cullen – Founder of Liberty Consulting Beyond the Bar Advisory Committee Co-Chair Chanta Hunter – Freelance Bartender and Consultant Holly Graham – Author, Managing Editor (International) at DRiNK Magazine & Academy Chair at The World's 50 Best Bars and Asia's 50 Best Bars – Hong Kong Chelsea Gregoire – Founder & Hospitality Director, Church & Owner and Consultant, Drinkable Genius Andrew Ho – Hope & Sesame – China Hannah Lanfear – Founding Director of The Mixing Class Ltd – London Nana Sechere – Global Brand Ambassador for Takamaka Rum (Seychelles) and Owner & Creative Catalyst of Host Master’s Consultancy – Dubai UAE Nicole Riske – European Brand Ambassador – The Macallan – Madrid Jordan Zimmerman – Premium Whiskey Education Lead & Head of Advocacy, Brown-Forman – USA & Canada Learn more about our Education Advisory Committee members and their goals for fooBar events here: https://bit.ly/3m8YMXw fooBar fooBar #fooBar2023 fooBar",11,4202,0,2,FB Organic
2023-04-09,"Tomorrow may be Monday, but we have a reason to keep your 'gin' up — It's #NationalGinAndTonicDay! Celebrate with this Cerulea Gin and Tonic recipe from Paula Garner (IG: @thebitterfairy)! 2 oz Cerulea Gin from Holystone Distilling 4 oz Tonic Water fooBar aims to support the worldwide cocktail community by sharing bartenders' creative concoctions & innovative recipes. Submit yours for an opportunity to be featured on our channels here: https://forms.gle/PjDunJWdgnEt7QnS9 fooBar",19,3145,2,1,FB Organic
2023-04-10,"You're the Apple of My Rye, and so is this recipe from Odd duck Austin texas (IG: @oddduckaustin) in Austin, Texas! @Redemption Whiskey @Peychaud's Aperitivo Bénédictine D.O.M Liqueur Charred Apple Syrup Lemon : Richard Casteel (@dandeliongatherings) fooBar aims to support the worldwide cocktail community by sharing bartenders' creative concoctions & innovative recipes. Submit yours for an opportunity to be featured on our channels here: https://forms.gle/PjDunJWdgnEt7QnS9 fooBar",5,2065,0,0,FB Organic
2023-04-12,Lady Liberty's personal favorite – a New York Sour! Enjoy this cocktail recipe from Brenton Mowforth (IG: @cheerstohappyhour)! 1.5 oz Bourbon 0.75 oz Lemon Juice 0.75 oz Simple Syrup 1 drop of Orange Blossom Water 1-2 oz Red Wine fooBar aims to support the worldwide cocktail community by sharing bartenders' creative concoctions & innovative recipes. Submit yours for an opportunity to be featured on our channels here: https://forms.gle/PjDunJWdgnEt7QnS9 fooBar,17,3090,0,2,FB Organic
2023-04-13,"We're teaming up with Singapore Tourism Board to celebrate the multifaceted culture and talent within the island nation. Discover a showcase of the1960s, a decade when Singapore gained independence, with Republic (IG: @republicbarsg)! Republic pays homage to an era where freedom, expression, and individuality were celebrated. Inspired by the influential hallmarks of the 1960s, its extensive cocktail menu and vintage collection of spirits creates a vintage house party that you don't want to miss! Learn more about Republic and other ways fooBar is teaming up with Singapore Tourism Board here: http://bit.ly/3Y3eQam #SingaporexTales #visitSingapore fooBar VisitSingapore | Woodford Reserve | Libbey Pro | Cocktail Kingdom | Campari | Johnnie Walker | Pernod Ricard US",20,5790,0,1,FB Organic
2023-04-14,"It's finally Friday so we're movin', groovin', and heading straight to Funky Town with this ""Funky Fields"" recipe from Dogma Cocktails (IG: @dogmacocktails)! Laphroaig 10 Cacao Strawberry Orange Lemon Bitters : Marjorie Romeijn (@projected_by_m) fooBar aims to support the worldwide cocktail community by sharing bartenders' creative concoctions & innovative recipes. Submit yours for an opportunity to be featured on our channels here: https://forms.gle/PjDunJWdgnEt7QnS9 fooBar",12,2454,0,0,FB Organic
2023-04-16,Looking for tasty treat & delicious drink-related festivals? Then New Orleans is the place to be in 2023! Don't believe us? Just ask Eater NOLA! Check out their new guide on New Orleans’s food & drink events for the year including fooBar:,4,1955,2,28,FB Organic
2023-04-17,"Puerto Rico, our Rum Shakers think you're 'San Juan' in a million! The Rum Shaker dance competition, presented by Bacardi (IG: lagranfamilia1862) and fooBar, brought our chosen finalists to Puerto Rico, where they visited the Bacardi Distillery and showcased their rum shakin' skills — Take a look! #RumShakersChallenge2023",2,1466,0,0,FB Organic
2023-04-18,You don't have to wing it when planning your next getaway — PARADE Magazine is now boarding for the best food & drink festivals of the year! Check out what they had to say about fooBar and the other 16 can't-miss U.S. food and wine fests of 2023 here: https://bit.ly/3op47L1 fooBar #fooBar2023 fooBar fooBar,6,1228,0,21,FB Organic
2023-04-19,Just poppin’ in for National #AmarettoDay with this Almond Popcorn Sour recipe from Cocktailbart (IG: therealcocktailbart)! 45 ml Cinecane Popcorn Rum Tastillery 25 ml Amaretto 15 ml Maraschino 30 ml Lemon Juice 5 ml Sugar Syrup ½ Egg White fooBar aims to support the worldwide cocktail community by sharing bartenders' creative concoctions & innovative recipes. Submit yours for an opportunity to be featured on our channels here: https://forms.gle/PjDunJWdgnEt7QnS9 fooBar,10,3222,0,3,FB Organic
2023-04-21,"“In brightest day, in blackest night, no evil shall escape my sight.” Feel like a superhero with this “Green Lantern” recipe from g_intensiv (IG: @gintensiv!) 1 oz Gin 1 oz Woodruff Liqueur 1 oz Triple Sec 1 oz Lime Juice 1 Egg White fooBar aims to support the worldwide cocktail community by sharing bartenders' creative concoctions & innovative recipes. Submit yours for an opportunity to be featured on our channels here: https://forms.gle/PjDunJWdgnEt7QnS9 fooBar",22,3946,2,0,FB Organic
2023-04-23,"Like Katy Perry said, ""You could travel the world, but nothing comes close to the Golden Coast!"" Soak up the Pacific sun with a Trip to California from Massimiliano Storti (IG: @mas_martini) at MARTINI Cocktail Bar and Bistro in Borgomanero NO, Italy (IG: @_martinibar!) Mezcal Amaro Montenegro Melograno Ibisco Soluzione Salina fooBar aims to support the worldwide cocktail community by sharing bartenders' creative concoctions & innovative recipes. Submit yours for an opportunity to be featured on our channels here: https://forms.gle/PjDunJWdgnEt7QnS9 fooBar",0,1297,0,6,FB Organic
2023-04-24,"Now Announcing — 17th Annual Spirited Awards® Regional Top 10 Honorees! fooBar’s 2023 Spirited Awards® Regional Top 10 Honorees recognize the following categories in 8 global regions: Best U.S. Bar Team presented by William Grant & Sons Inc Best International Bar Team presented by fooBar Best U.S. Cocktail Bar presented by Absolut Best International Cocktail Bar presented by Patrón Tequila Best U.S. Hotel Bar presented by Grey Goose Best International Hotel Bar presented by Perrier Best U.S. Restaurant Bar presented by Amaro Montenegro Americas and Select Aperitivo Best International Restaurant Bar presented by fooBar Best New U.S. Cocktail Bar presented by Diageo Bar Academy Best New International Cocktail Bar presented by Diageo Bar Academy Find the full list of honorees and more on one of the industry’s most sought-after awards here: https://bit.ly/40AH6Cd Special thanks to Forbes, our 2023 Spirited Awards Official Media Partner. #2023SpiritedAwards #SA2023 #SpiritedAwards #2023SARegionalHonoree fooBar fooBar #fooBar2023 fooBar",12,1703,0,131,FB Organic
2023-04-25,"Need a drink that bites back? Then Antivenom is your cure! Enjoy this recipe from from Jason Holmes (IG: @jason_._holmes!) 2 oz Rye Whiskey 1/2 oz Mango Juice, clarified 1/2 oz Lime Juice, clarified 1/2 oz Cumin Syrup 1/4 oz Luxardo Amaro Abano from Luxardo USA 1 dash of Scrappy’s Firewater Tincture from Scrappy's Bitters (IG: @scrappybitters) fooBar aims to support the worldwide cocktail community by sharing bartenders' creative concoctions & innovative recipes. Submit yours for an opportunity to be featured on our channels here: https://forms.gle/PjDunJWdgnEt7QnS9 fooBar",26,3055,1,3,FB Organic
2023-04-26,"Equal parts celebration + educational experience — Spirited Awards Presents The SG Club will be an event to remember Singapore's vibrant + diverse culture makes it the perfect backdrop for cocktail innovation, and we're thrilled to be a part of it by partnering with Singapore Tourism Board. With our recent announcement of the Spirited Awards Regional Top 10 Honorees, we're celebrating in style on May 8th by bringing Tokyo's famous SG Club to Singapore. The award-winning cocktail bar, ATLAS, will host SG Club for an unforgettable evening of education, tastings, shoe shining, and more. Learn more about Spirited Awards Presents SG Club here: https://bit.ly/3L3BHhj #SingaporexTales #SpiritedAwards2023 #visitsingapore Singapore Tourism Board | VisitSingapore | Atlas Bar Singapore | The SG Club | Shingo Gokan | Libbey Pro | Woodford Reserve | Fords Gin | Johnnie Walker | Cocktail Kingdom | Campari Singapore | Martellofficial",5,1591,0,0,FB Organic
2023-04-27,What do today's non-alcoholic cocktails look like? Is there a bright future for non-alcoholic cocktails? Can a non-alcoholic cocktail become a modern classic? Find out with VinePair! Their recent podcast covers NA cocktails and discusses their presence in fooBar programming + events! Listen to the full VinePair Podcast episode or read on it here: https://bit.ly/3MTuLWj fooBar fooBar fooBar,0,1060,0,5,FB Organic
2023-04-28,Take a sip of this and let it transport you to a sandy paradise! Enjoy Leave Only Footprints from Highball Cocktail Bar (IG: @highballphx!) Vodka Strawberry Syrup Fresh Lime Coconut Creme with Sweetened Condensed Milk and Thai Coconut Milk Caribbean Liqueur Pineapple Juice Alpine Liqueur Orange Juice Touch of Cinnamon Syrup fooBar aims to support the worldwide cocktail community by sharing bartenders' creative concoctions & innovative recipes. Submit yours for an opportunity to be featured on our channels here: https://forms.gle/PjDunJWdgnEt7QnS9 fooBar,6,1634,0,0,FB Organic
2023-04-29,"Ahoy! Ready to set sail on the bartending adventure of a lifetime? The Hendrick's Expedition Cocktail is a one-of-a-kind workshop that sets itself apart from any other cocktail academy. Embark with Hendrick's Gin on a unique and innovative educational experience, where participants' progressive journeys could lead them to the Gin Palace + London Cocktail Week! Learn more about Hendrick's Expedition Cocktail and how to get involved here: https://bit.ly/413gytH #HendricksExpeditionCocktail #Hendricks2023",12,4970,0,83,FB Organic
2023-04-30,Flying high with this gin-credible Butterfly Pea recipe from Hoppers Garden Bar (IG: @hoppersgardenbar!) Glowing Ink Gin Thyme Yuzu Tonic Lemon fooBar aims to support the worldwide cocktail community by sharing bartenders' creative concoctions & innovative recipes. Submit yours for an opportunity to be featured on our channels here: https://forms.gle/PjDunJWdgnEt7QnS9 fooBar,42,5615,2,5,FB Organic
2023-05-03,"Now Playing — Cocktails and Spirits podcast co-host, Alfonso Esquivias, sat down with our CEO, Eileen Wayner, to discuss: What fooBar represents, What attendees can expect from fooBar The importance of our Beyond the Bar initiatives, CAP and much more! Listen to their full discussion here:",3,1023,0,2,FB Organic
2023-05-04,"This is the way — Because it's #StarWarsDay! Feel the force flow through you with the Blue Milk of Tatooine from Matthias Soberon (IG: @servedbysoberon), and original recipe from Karen Grill (@kaygrill)! 60ml/2oz Dry Gin 15ml/0.5oz Blue Curacao 30ml/1oz Cream of Coconut 22,5ml/0.75oz Lime Juice 22,5ml/0.75oz Pineapple Juice 7,5ml/0.25oz Vanilla Syrup 7,5ml/0.25oz Orgeat fooBar aims to support the worldwide cocktail community by sharing bartenders' creative concoctions & innovative recipes. Submit yours for an opportunity to be featured on our channels here: https://forms.gle/PjDunJWdgnEt7QnS9 #MayTheFourthBeWithYou fooBar",25,5139,2,3,FB Organic
2023-05-05,"Spice up your #CincoDeMayo by enjoying this Mango-Rita with jalapeno infused tequila from Shelby Mastro (IG: @shelby.mastro)! Mango Mix (@theperfectpureemango thinned with @nataliesojmango orange juice) House Sour (lemon, lime, agave) GP Jalapeño Infused Tequila Garnish: dried spicy mangoes and lava salt fire rim Saltopia Salts fooBar aims to support the worldwide cocktail community by sharing bartenders' creative concoctions & innovative recipes. Submit yours for an opportunity to be featured on our channels here: https://forms.gle/PjDunJWdgnEt7QnS9 fooBar",16,3115,1,4,FB Organic
2023-05-06,"Celebrate #AAPIHeritageMonth with Alexandra Belton, a F&B Consultant and 2023 CAP White Coat! She recently sat down with us to share her personal experiences as a child of Korean immigrants growing up in America and the struggles of navigating her identity as a woman of color. Her interview highlights the complexities of the Asian American experience and reminds us all of the importance of remembering and sharing our stories, the stories of our ancestors, and the lessons that come with them. Read Alexandra's piece, “We Must Sleep Before We Can Dream,"" here: https://bit.ly/3B59925 fooBar fooBar Cocktail photo by Natasha Moustache",4,1317,0,0,FB Organic
2023-05-07,You'll feel like you're cruising down Ocean Drive with this Miami Vice Milk Punch recipe from Darren Miley (IG: admiral_miley) and Barney Toy (IG: @barneytoy) at Clipper NZ! Rum Vodka Strawberry Acid Pineapple Coconut Strawberry Whey : Philip Spector (IG: @phil.spector) fooBar aims to support the worldwide cocktail community by sharing bartenders' creative concoctions & innovative recipes. Submit yours for an opportunity to be featured on our channels here: https://forms.gle/PjDunJWdgnEt7QnS9 fooBar,40,7113,16,20,FB Organic
2023-05-08,"Thank you again to The SG Club, the team at ATLAS Singapore, the Singapore tourism board, our sponsors, and the Singapore bar community for your warm welcome, support, and making last night’s ground breaking event a massive success! #SingaporexTales fooBar fooBar fooBar",19,5121,0,0,FB Organic
2023-05-08,"Say hello to the Red Coat CAP Class of 2023! Today, fooBar Foundation welcomes the newest members to the Cocktail Apprentice Program - the #CAP2023 Red Coats! Our behind-the-scenes team, Red Coats, will be paired with a Grey Coat mentor to learn the ropes and make celebrating fooBar’s 21st anniversary, happening July 23-28 in New Orleans, possible. See the entire #CAP2023 class roster and learn more about our apprentice program here: https://bit.ly/3NP9ca8 fooBar fooBar #fooBar2023 fooBar #CAP2023 #CAPRedCoat2023",6,5234,0,9,FB Organic
2023-05-10,"Take your taste buds on a trip to Buenos Aires with the Clarito Martini from PEARL DIVER (IG: @pearldiver_nashville)! 1.5 oz Fords Gin 1 oz Pearl Diver’s “Tahitian Dreamin’” French-Style Vermouth (recipe below) Lemon Peel Royal stir, chilled coupe, partial sugar rim and expressed lemon zest garnish Pearl Diver’s Tahitian Dreamin’ Vermouth: 750 ml Dry Vermouth of Choice Peels from 3 English Cucumbers 3 Slices of Fresh Ginger 1/3 cup of Spearmint 1/4 cup Thai Lime Leaf Sous vide at 150 degrees for 1.5 hours. Allow to cool, fine strain, then bottle. fooBar aims to support the worldwide cocktail community by sharing bartenders' creative concoctions & innovative recipes. Submit yours for an opportunity to be featured on our channels here: https://forms.gle/PjDunJWdgnEt7QnS9 fooBar",14,1959,0,0,FB Organic
2023-05-13,Drinking a Menta Beso from John Carlos Campos-Guzman (IG: @j_campos231) at The Bradford (IG: @thebradfordnj) on #WorldCocktailDay is mint to be! White Rum Watermelon Purée Mint Lime fooBar aims to support the worldwide cocktail community by sharing bartenders' creative concoctions & innovative recipes. Submit yours for an opportunity to be featured on our channels here: https://forms.gle/PjDunJWdgnEt7QnS9 fooBar,18,3410,1,0,FB Organic
2023-05-14,"Twas' the night before Tales tickets, And all through the bar, The workers were stirring, Ready to be cocktail stars! Get those zzz's tonight, because fooBar 2023 tickets are on sale tomorrow morning! Learn more about this year's global cocktail conference here: https://bit.ly/3LFYYVv fooBar fooBar #fooBar2023 fooBar",10,2491,1,27,FB Organic
2023-05-15,"fooBar 2023 tickets are on sale now! Whether you're joining us for a day, an evening, or the whole week, the opportunity to buy your tickets to the world's leading cocktail conference is now! Learn about all the ways you can celebrate Tales' 21st among your fellow bartenders + distillers — Purchase your tickets for the July 23-28 conference here: https://bit.ly/3LFYYVv #fooBar2023 fooBar fooBar",9,6071,0,118,FB Organic
2023-05-16,You'll be walking on sunshine after trying the CC Rum Punch recipe from Concourse Club (IG: @concourseclub)! Bacardi Rum Lemon Passionfruit Orange Blossom fooBar aims to support the worldwide cocktail community by sharing bartenders' creative concoctions & innovative recipes. Submit yours for an opportunity to be featured on our channels here: https://forms.gle/PjDunJWdgnEt7QnS9 fooBar,10,2536,0,1,FB Organic
2023-05-17,"2023 marks Tales 21st! To celebrate, we’re shaking + stirring this conference up — Get ready to choose your own fooBar adventure because we're making education more flexible than ever before! Don't want to miss out on a chance to attend one of fooBar 2023's seminars? You're in luck! Entry to seminar rooms is now included with a fooBar Day Pass or fooBar Week Pass via seminar stand-by access. This means individual seminars are no longer available for purchase, and instead are attendable on a first-come, first-served basis. Learn more about the 🆕 Week Passes, including our Tasting Ticket Package + Beyond the Bar Ticket Package, here: https://bit.ly/3LFYYVv #fooBar2023 fooBar fooBar",2,1508,0,12,FB Organic
2023-05-18,"Whaddya' say to visiting Tales for a day? fooBar Day Passes start at $45! The standard fooBar Day Pass now grants entry to seminar rooms via seminar stand-by access! In addition, 2 other day pass options are available, the Tasting Room Day Pass and the Bartender Day Pass! Don't miss your opportunity to be part of the leading cocktail conference's 21st birthday! Learn more about our day pass options and purchase tickets here: https://bit.ly/3LFYYVv #fooBar2023 fooBar fooBar",6,3915,0,38,FB Organic
2023-05-20,"Enjoy a classic with a modern twist in this Harlem Manhattan recipe from Harlem Standard (IG: @harlemstandard)! 2 oz. Harlem Standard American Straight Whiskey 1 oz. Sweet Vermouth 5 Drops of Angostura Bitters 1 Dark Maraschino Cherry Orange Peel for Garnish Combine the Harlem Standard American Straight Whiskey, sweet vermouth, and bitters in a cocktail shaker filled with ice. Stir gently. Place a cherry in the bottom of a chilled cocktail glass and strain the whiskey mixture over the cherry. Garnish with a dried orange peel. fooBar aims to support the worldwide cocktail community by sharing bartenders' creative concoctions & innovative recipes. Submit yours for an opportunity to be featured on our channels here: https://forms.gle/PjDunJWdgnEt7QnS9 fooBar",9,2249,1,0,FB Organic
2023-05-21,Enough is never enough with all of the fooBar 2023 events + opportunities! A variety of add-on event tickets are on sale now: Meet the Distillers Pig and Punch Day of Service Tasting Seminars New Orleans Cocktail Tours 12th Annual Pig and Punch Closing Party Catalyst Luncheon Learn more about each of our add-on events and purchase your tickets for them here: https://bit.ly/3LFYYVv #fooBar2023 fooBar fooBar,5,2146,0,18,FB Organic
2023-05-21,"It's so nice to see familiar faces — Welcome the Grey Coat Cocktail Apprentice Program Class of 2023! Now graduated Red Coats, #CAP2023 Grey Coats are our behind-the-scenes fooBar leaders! While providing mentorship to the incoming Red Coat Class, the Grey Coat Class will be responsible for running slated seminars at #fooBar, and will play an integral role in the success of all of this year's educational programming taking place July 23-28 in New Orleans. See the entire Grey Coat class roster and learn more about our apprentice program here: https://bit.ly/3BIoztG fooBar fooBar #fooBar2023 fooBar #CAPGreyCoat2023",7,3647,0,1,FB Organic
2023-05-22,"It's so nice to see familiar faces — Welcome the Grey Coat Cocktail Apprentice Program Class of 2023! Now graduated Red Coats, #CAP2023 Grey Coats are our behind-the-scenes fooBar leaders! While providing mentorship to the incoming Red Coat Class, the Grey Coat Class will be responsible for running slated seminars at #fooBar, and will play an integral role in the success of all of this year's educational programming taking place July 23-28 in New Orleans. See the entire Grey Coat class roster and learn more about our apprentice program at the link in bio! fooBar fooBar #fooBar2023 fooBar #CAPGreyCoat2023",4,3478,1,0,FB Organic
2023-05-22,"With a perfect balance of sweet and sour, celebrate #NationalPalomaDay with this recipe from Alexandra Purcaru (IG: @idohaveasister) at Selva Oaxaca Cocktail Bar! Altos Tequila Grapefruit Kombucha Lime Lemon Lime Salt :Víctor Ramírez López (IG: @victorfotomx) fooBar aims to support the worldwide cocktail community by sharing bartenders' creative concoctions & innovative recipes. Submit yours for an opportunity to be featured on our channels here: https://forms.gle/PjDunJWdgnEt7QnS9 fooBar #PalomaDay",7,2613,0,0,FB Organic
2023-05-23,"Checking-in to fooBar 2023? Check-out Royal Sonesta Hotel New Orleans, one of the finest Bourbon Street New Orleans hotels. The heart & soul of fooBar is New Orleans, and the heart & soul of New Orleans is the French Quarter! From Cajun & Creole to fresh seafood, Royal Sonesta New Orleans offers the best of the Big Easy all under one roof, all while being just blocks away from the largest cocktail conference in the world! Book your stay at the Royal Sonesta New Orleans today: https://bit.ly/3nPx9mD #fooBar2023 fooBar fooBar fooBar",1,853,0,1,FB Organic
2023-05-24,Transport yourself to Italian shores with this Sicilian Seduction recipe from Danny Garcia (IG: @dannyboygarcia) at Lady Jane (IG: @ladyjanedenver)! .75 oz Madre “Espadin” Mezcal .75 oz Cimarron Blanco Tequila .5 oz Salers .75 oz Lemon Juice 1 oz Blood Orange Syrup 2 Dashes of Habanero Tincture Shake and fine strain over Hoshizaki ice in GOBLET Garnish: Blood Orange Wheel skewered with Cherry & Mint Bouquet fooBar aims to support the worldwide cocktail community by sharing bartenders' creative concoctions & innovative recipes. Submit yours for an opportunity to be featured on our channels here: https://forms.gle/PjDunJWdgnEt7QnS9 fooBar,10,2683,1,1,FB Organic
2023-05-25,"We are proud to announce Libbey Pro as our Official Glassware of fooBar 2023! Libbey glassware can be spotted during the full week of events at multiple activation bars, our Spirited Awards dinner and their very own activation on July 27th! Follow Libbey Pro for more information and be sure to take a peek under your glass for the Libbey ""L"" throughout the week! #formakersbymakers #bartenderlife",2,1234,0,0,FB Organic
2023-05-26,"Discover the unique, explore the hard-to-find, and uncover the unexpected at fooBar 2023's exclusive tasting seminars! This year, we're featuring 4: The Future of Whiskey A Rare Flight to Cognac It's All Agave Think You Know World Vermouth? Learn more about each exclusive tasting seminar and purchase your tickets here: https://bit.ly/3LFYYVv #fooBar2023 fooBar fooBar",0,1237,1,15,FB Organic
2023-05-27,Release the power of The Kraken by enjoying this recipe from Anthony Medina (IG: @anthonymixology) at DOYA Restaurant! Old Tom Gin Vermouth Rosso Maraschino Liqueur Black Ink fooBar aims to support the worldwide cocktail community by sharing bartenders' creative concoctions & innovative recipes. Submit yours for an opportunity to be featured on our channels here: https://forms.gle/PjDunJWdgnEt7QnS9 fooBar,9,3399,1,2,FB Organic
2023-05-28,"We're teaming up with Singapore Tourism Board to showcase 4 Singapore bars at fooBar 2023! Get ready to explore the culture, trade and history of Singapore’s Little India with The Elephant Room Singapore! Elephant Room takes an often under-documented culture and spreads it to the world with ingredients freshly sourced from Tekka Market and spirits sourced from India. Each of its bar team shares the responsibility of operating; not only creating recipes for both bar and cuisine but also working between the floor, kitchen, and bar! Learn more about Elephant Room and its presence at fooBar here: https://bit.ly/3Y3eQam #SingaporexTales #visitsingapore fooBar #fooBar2023 fooBar fooBar Singapore Tourism Board | Visit Singapore | The Elephant Room Singapore | Libbey Pro | Woodford Reserve | Campari | Johnnie Walker | Pernod Ricard",5,1282,0,7,FB Organic
2023-05-29,"Ready to get your steps in? Wayne Curtis + fooBar 2023 are proud to present a reimagined New Orleans Cocktail Tour! We're offering attendees a series of 5 educational walking tours to provide a wealth of knowledge and keen insight into the city’s history and cocktail scene. Wayne (Co-Founder of New Orleans Spirits Competition, Author of And a Bottle of Rum: A History of the New World in Ten Cocktails and frequent spirits contributor for The Atlantic, Imbibe Magazine, Punch, The Daily Beast, and Garden & Gun) has curated a series of tours, including: Hunting Down the Sazerac Absinthe Tour Bourbon Street and How It Got That Way Brandy, Bourbon, Bitters, Ice The Big Gay Bar Tour How the Drive-Thru Daiquiri Happened Learn more about the New Orleans Cocktail Tours at fooBar and purchase your tickets here: https://bit.ly/3LFYYVv #fooBar2023 fooBar fooBar",3,1345,1,3,FB Organic
2023-05-30,We need no encourage-mint to enjoy this Mint Julep recipe from Caskers (IG: @caskers) on #NationalMintJulepDay! 2 oz Bourbon .5 oz Simple Syrup 2 Handfuls of Fresh Mint Mint Sprig for Garnish fooBar aims to support the worldwide cocktail community by sharing bartenders' creative concoctions & innovative recipes. Submit yours for an opportunity to be featured on our channels here: https://forms.gle/PjDunJWdgnEt7QnS9 fooBar,6,2798,2,0,FB Organic
2023-05-31,"A great party for an even greater cause — The 12th Annual Pig & Punch is back at fooBar 2023! Pig & Punch, presented by The Bon Vivants, is a one-of-a-kind charity event that'll close out fooBar with a bang. Featuring food from five Hogs for the Cause chefs, plus plenty of punches + highballs, Pig & Punch supports several great causes, including New Orleans KIPP Charter Schools, The Bon Vivants Scholarship, Hogs for the Cause, and the fooBar Foundation. Over the years, this event has raised an impressive $665,189.28 and contributed 10,562 volunteer hours in charter schools across the country. This year, we're aiming to make an even bigger impact. Purchase your tickets here: https://bit.ly/3LFYYVv #fooBar2023 fooBar fooBar",3,874,0,14,FB Organic
2023-06-01,"Join fooBar, Brown-Forman Brands and Saint Bernard Project (SBP) in rebuilding New Orleans homes post Hurricane Ida at fooBar 2023! fooBar 2023 continues the tradition of giving back to our local community by inviting partners, attendees and media to join in a volunteer day with the Saint Bernard Project. In light of the hurricane's impact on New Orleans, fooBar attendees will partake in our Day of Service on July 23. We'll work on rebuilding for low- to moderate-income homeowners, placing a special focus on families with small children, the elderly, disabled persons, war veterans, and the under and uninsured.⁠ Register for the fooBar 2023 Day of Service here: https://bit.ly/43glUmE fooBar fooBar #fooBar2023 fooBar",4,972,0,8,FB Organic
2023-06-01,"The 17th Annual Spirited Awards Top 10 Nominees are here! The 2023 Spirited Awards celebrate global excellence in the drinks industry and recognizes professionals, organizations, and establishments shaping the cocktail community. The Top 10 Nominees award categories include: U.S. Bartender of the Year presented by Pernod Ricard USA International Bartender of the Year presented by The Busker Best U.S. Bar Mentor presented by BarSmarts Best International Bar Mentor presented by fooBar Best U.S. Brand Ambassador presented by Libbey Pro Best International Brand Ambassador presented by fooBar Best U.S. Bar Team presented by William Grant & Sons Inc Best International Bar Team presented by angosturahouse Best U.S. Cocktail Bar presented by Absolutus Best International Cocktail Bar presented by Patron Tequila Best U.S. Hotel Bar presented by GreyGoose Best International Hotel Bar presented by Perrier Best U.S. Restaurant Bar presented by amaromontenegro_ww & Select Aperitivo Best International Restaurant Bar presented by fooBar Best New U.S. Cocktail Bar presented by Diageo Bar Academy Best New International Cocktail Bar presented by Diageo Bar Academy World’s Best Cocktail Menu presented by Diageo Bar Academy World’s Best Spirits Selection presented by fooBar Best New Spirit or Cocktail Ingredient presented by Lyre's Spirit Co Best Cocktail & Spirits Writing presented by fooBar Best Cocktail & Spirits Publication presented by fooBar Best Broadcast, Podcast, or Online Video Series presented by fooBar Best New Cocktail or Bartending Book presented by fooBar Best New Book on Drinks Culture, History, or Spirits presented by fooBar Find the full list of nominees here: https://bit.ly/43vKhN8 Find all acknowledged establishments from current and previous years using the Spirited Awards Directory here: https://bit.ly/3t9QUoZ Special thanks to Forbes, our 2023 Spirited Awards Official Media Partner. #2023SpiritedAwards #SA2023 #SpiritedAwards #2023SATop10 fooBar fooBar #fooBar2023 fooBar",6,967,0,30,FB Organic
2023-06-04,"Celebrate #NationalCognacDay with a recipe that is as stylish as it is delicious: the Blackberry Beret cocktail from Jes – The Sauceress (IG: @the.sauceress)! 1.5 oz Cognac (@villonfrance) 3 oz Brut Cava (or legit Champagne if you're fancy!) .5 oz Lemon Juice 5 Blackberries In a mixing glass, muddle blackberries with lemon juice. Really smash them up! Add cognac and some ice. Stir until chilled. Fine strain into a coupe glass. Top off with chilled Cava. fooBar aims to support the worldwide cocktail community by sharing bartenders' creative concoctions & innovative recipes. Submit yours for an opportunity to be featured on our channels here: https://forms.gle/PjDunJWdgnEt7QnS9 fooBar",19,2889,0,0,FB Organic
2023-06-06,"Our fooBar showrunners are here — Say hello to the White Coat CAP Class of 2023! Our longest returning Cocktail Apprentice Program members, the CAP White Coats, are responsible for managing and directing the entire Cocktail Apprentice Program during this year’s celebration of fooBar, July 23-28, and are involved in the selection and performance of the Red, Grey & Black Coats. Meet the #CAP2023 White Coat Class and learn more about the Cocktail Apprentice Program here: https://bit.ly/3BIoztG fooBar fooBar #fooBar2023 fooBar #CAPWhiteCoat2023",7,2406,0,3,FB Organic
2023-06-06,"The upperclassmen have arrived — Introducing the Black Coat CAP Class of 2023! Acting as “Assistant Managers,” The Cocktail Apprentice Program Black Coats will support fooBar 2023 with their detail-oriented minds to manage and communicate with the #CAP2023 Grey Coat Class. CAP Black Coats will monitor and lead the Cocktail Apprentice Red and Grey Coats to ensure the success of this year’s celebration of fooBar taking place, July 23-28, in New Orleans. Meet the #CAP2023 Black Coat Class and learn more about the Cocktail Apprentice Program here:https://bit.ly/3BIoztG fooBar fooBar #fooBar2023 fooBar #CAPBlackCoat2023",12,3109,0,3,FB Organic
2023-06-07,"At fooBar 2023, we're honoring those working for accessibility + intersectionality of the drinks industry — Join us in celebrating these individuals at the all-new Catalyst Luncheon! This year, we are excited to welcome more members to this group of individuals that highlight marginalized groups within the industry and shine a spotlight on leaders actively making changes in their communities. Join us July 28th at the Catalyst Luncheon by purchasing tickets here: https://bit.ly/3P3pVqG #2023TalesCatalysts #TalesCatalysts fooBar fooBar #fooBar2023 fooBar",2,888,0,0,FB Organic
2023-06-10,"You're going to need more shelf space after this. Discover your next favorite distiller, blender, or maker among countless brands all in 1 place at fooBar 2023's Meet the Distillers! Open to trade + consumers, this Friday event closes fooBar’s host hotel events by taking over the entire meeting room space on the first floor of the Ritz-Carlton, New Orleans. Expect tastings, education, and an opportunity to interact with their favorite products and new brands yet to be discovered! Learn more about Meet the Distillers and purchase your tickets here: https://bit.ly/3LFYYVv fooBar fooBar #fooBar2023 fooBar",5,1588,0,7,FB Organic
2023-06-11,Leap in National Gin Day with this Lily Pad recipe from Nicolas (IG: @storyaboutcocktails)! 1.5 oz Gin Bombay ½ oz Chareau Aloe Liqueur ½ oz Blanc Vermouth ½ oz Simple Syrup ¾ oz Fresh Lemon Juice 5 Basil Leaves 1 Dash of Absinthe 1 Drop of Saline Solution fooBar aims to support the worldwide cocktail community by sharing bartenders' creative concoctions & innovative recipes. Submit yours for an opportunity to be featured on our channels here: https://forms.gle/PjDunJWdgnEt7QnS9 fooBar,9,2511,0,0,FB Organic
2023-06-12,"Celebrate #PrideMonth with Chris Cabrera (IG: @chrscab)! In Chris' new feature, he highlights the historical contributions of Drag Queens and Trans individuals to the LGBTQ+ movement, while also addressing the current challenges faced by the community. With unity and action from community members, allies and the industry, we can face the current challenges and bring about lasting change. Check out his full feature, “UNAPOLOGETICALLY YOU,” here: https://bit.ly/3ClOVSu fooBar fooBar fooBar #fooBar2023 fooBar",2,1849,0,0,FB Organic
2023-06-13,"We're teaming up with Singapore Tourism Board to showcase 4 Singapore bars at fooBar 2023! Discover a presentation of what is possible to meet the needs of new generations and the resources of the planet today at @Fura SG! Sasha + Christina believe the population is stuck in old traditions when it comes to eating and drinking. The vision of Fura is to showcase an experience of how our diet could look in the future due to climate change, and its menu is designed around highlighting ingredients that have now become prevalent and in abundance due to our imbalance of the ecosystem. Learn more about Fura and its presence at fooBar here: https://bit.ly/3Y3eQam #SingaporexTales #visitsingapore fooBar #fooBar2023 fooBar fooBar #stb2023 Singapore Tourism Board | VisitSingapore | Libbey Pro | Woodford Reserve | Campari | Johnnie Walker | Pernod Ricard US",4,1343,0,5,FB Organic
2023-06-14,Wondering if fooBar 2023 is for you? We could give you 938871 reasons why it is if character counts permitted — But let's stick with The Best Drink Ever's Top 10! Check out their article on the best reasons to attend this year's global cocktail conference here: https://www.thebestdrinkever.com/home/2023/5/16/top-10-tales-of-the-cocktail #fooBar2023 fooBar,7,1174,0,33,FB Organic
2023-06-15,"Who's ready for a garden party? 'Turnip' to the beat with the Turnip cocktail recipe by Sebastian Tollius (IG: @tollius_) at Eleven Madison Park (IG: @elevenmadisonpark) in New York, NY! Blanco Tequila Bianco Vermouth Green Chartreuse Mulled Wine Lime Sherbet @evansungnyc fooBar aims to support the worldwide cocktail community by sharing bartenders' creative concoctions & innovative recipes. Submit yours for an opportunity to be featured on our channels here: https://forms.gle/PjDunJWdgnEt7QnS9 fooBar",3,1335,0,1,FB Organic
2023-06-16,"Calling our local, New Orleans-based bartenders — We want you to be part of fooBar 2023! Sign up for fooBar’s Bartender for Hire List! This list is used by participating brands to hire a bartender team for their event during fooBar. Add your information to the Bartender for Hire List for the opportunity to work at an event here: https://bit.ly/3N5VDkH fooBar fooBar #fooBar2023",4,890,0,12,FB Organic
2023-06-17,"Mango-ing, mango-ing, mango-ne. We just couldn't get enough of this mango-nificient Mango Lassi recipe from Elmer Mejicanos (IG: @elmer.mejicanos) at Causwells (@causwells) in San Francisco, CA! 1.5 oz @Patron Silver Tequila .5 oz @Patron Repo Bar Spoon of Sailor Jerry Spiced Rum 1 oz Mango Puree .5 oz Lemon Juice 1.5 oz Yogurt Liqueur .5 oz Simple Syrup 3 Dashes of Angostura 1 oz Egg White Glass - Colorful Lattice Build - Dry Shake Hard, Wet Shake, Double Strain Garnish - 3 Dots Each of Coloring (Dots: Blueberry, Strawberry, Pineapple, Mint) fooBar aims to support the worldwide cocktail community by sharing bartenders' creative concoctions & innovative recipes. Submit yours for an opportunity to be featured on our channels here: https://forms.gle/PjDunJWdgnEt7QnS9 fooBar",0,858,0,1,FB Organic
2023-06-19,Celebrate #NationalMartiniDay with this perfectly tailored Sartorialist recipe from Chris Amirault (IG: @chrisamiam) at The Maybourne Bar! Sipsmith Gin Earl Grey Crema Sohomare Kimoto Junmai Daiginjo Lillet Blanc Lemon Oil : Victoria Wall Harris fooBar aims to support the worldwide cocktail community by sharing bartenders' creative concoctions & innovative recipes. Submit yours for an opportunity to be featured on our channels here: https://forms.gle/PjDunJWdgnEt7QnS9 fooBar,5,1435,0,0,FB Organic
2023-06-19,"In her “When you Know Better, Do Better” feature, Erika Flowers sheds light on the inconsistencies and need for real change in the hospitality industry. With support from organizations geared toward building equity, diversity, leadership, and career pathways for Black and Brown individuals, Erica was able to improve her business and express herself confidently behind and beyond the bar. Learn more on how Erika is honoring her roots and advocating for inclusivity within the hospitality industry here: https://bit.ly/43R8rC4 fooBar fooBar fooBar #fooBar2023 fooBar",6,1401,0,0,FB Organic
2023-06-20,"Ready to be steps away from all the sips? Book your fooBar 2023 stay at the Courtyard New Orleans French Quarter/Iberville! Experience a winning combination of convenience and luxury at Courtyard New Orleans French Quarter/Iberville. This hotel is your gateway to one of the world's most legendary destinations, and the world’s largest cocktail conference! Event attendees are invited to secure their stay at the Courtyard New Orleans French Quarter/Iberville hotel block for fooBar 2023 before June 23. Book here: https://bit.ly/3nPx9mD fooBar fooBar #fooBar2023 fooBar",1,1246,0,8,FB Organic
2023-06-21,"Have you heard the news? We just announced our 2023 Spirited Awards Top 4 Finalists! Be a part of the celebration by purchasing your tickets to the 17th Annual Spirited Awards Ceremony now! The 17th Annual Spirited Awards Ceremony will take place Thursday, July 27 during fooBar 2023 at The Fillmore New Orleans. This year, we have 3 available ticket options: Table Seating Tickets Theatre Seating Tickets Viewing Party Tickets Learn more about the 17th Annual Spirited Awards tickets and purchase yours here: https://bit.ly/3X9CcvK Special thanks to Forbes, our 2023 Spirited Awards Official Media Partner. #2023SpiritedAwards #SA2023 #SpiritedAwards fooBar fooBar #fooBar2023 fooBar",5,1208,0,4,FB Organic
2023-06-21,"Your 2023 Spirited Awards Top 4 Finalists are here! ⁠ The Top 4 Finalists award categories include: U.S. Bartender of the Year presented by Pernod Ricard USA International Bartender of the Year presented by The Busker Best U.S. Bar Mentor presented by BarSmarts Best International Bar Mentor presented by fooBar Best U.S. Brand Ambassador presented by Libbey Pro Best International Brand Ambassador presented by fooBar Best U.S. Bar Team presented by William Grant & Sons Inc Best International Bar Team presented by angosturahouse Best U.S. Cocktail Bar presented by Absolutus Best International Cocktail Bar presented by Patron Tequila Best U.S. Hotel Bar presented by GreyGoose Best International Hotel Bar presented by Perrier Best U.S. Restaurant Bar presented by Amaro Montenegro Best International Restaurant Bar presented by fooBar Best New U.S. Cocktail Bar presented by Diageo Bar Academy Best New International Cocktail Bar presented by Diageo Bar Academy World’s Best Cocktail Menu presented by Diageo Bar Academy World’s Best Spirits Selection presented by fooBar Best New Spirit or Cocktail Ingredient presented by @Lyres_spirit_co Best Cocktail & Spirits Writing presented by fooBar Best Cocktail & Spirits Publication presented by fooBar Best Broadcast, Podcast, or Online Video Series presented by fooBar Best New Cocktail or Bartending Book presented by fooBar Best New Book on Drinks Culture, History, or Spirits presented by fooBar Learn more about this year’s finalists here: https://fooBar.org/industrynews/tales-of-the-cocktail-foundation-announces-the-top-4-finalists-and-digital-playbill-for-the-2023-spirited-awards/ Special thanks to Forbes the official media partner for the 17th Annual Spirited Awards #2023SpiritedAwards #SA2023 #SpiritedAwards #2023SATop4 fooBar fooBar #fooBar2023 fooBar",5,779,0,35,FB Organic
2023-06-24,fooBar 2023 is almost here! And there’s still plenty of time to get your Day Passes starting at $45 for the Tasting Room Day Pass! Day passes gain you access to: Specialty Tasting Rooms Unlimited Beverages Singapore Residency And Much More! Learn about our day pass options and purchase tickets here: https://bit.ly/3LFYYVv #fooBar2023 fooBar fooBar,3,1708,0,9,FB Organic
2023-06-26,"Congratulations to the 2023 Tales Catalyst Honorees: Anistatia Miller, International Catalyst Honoree and Tara Fougner, U.S. Catalyst Honoree! Join us as we celebrate these honorees with a cocktail and reception at the Tales Catalyst Luncheon on Friday, July 28. The luncheon will also celebrate leaders who have made unique and lasting contributions to accessibility and intersectionality within the global hospitality industry. Learn more about the luncheon and purchase your tickets here: https://bit.ly/3NlaG9Y Special thanks to our Catalyst Luncheon presenting sponsors SevenFifty Daily and 21Seeds Infused Tequila, supporting sponsors DonQ, House of Delola, Johnnie Walker, and Laird & Co and the Catalyst Luncheon Media Partner Provi. #2023TalesCatalysts #TalesCatalysts fooBar fooBar #fooBar2023 fooBar",9,1472,0,0,FB Organic
2023-06-27,"Meet the owners, blenders, founders, distillers and makers of your favorite brands in one place at Meet the Distillers! Open to trade and consumers, Meet the Distillers closes fooBar’s host hotel events by taking over the entire meeting room space on the first floor of the Ritz-Carlton, New Orleans. Discover and enjoy new brands and products while meeting the minds behind it all! Learn more about the event and purchase your tickets: https://bit.ly/3LFYYVv fooBar fooBar #fooBar2023 fooBar",4,1749,0,6,FB Organic
2023-06-28,"Mailtime, mailtime, mailtime – enjoy It’s Mail Time from The Wild in Denver, CO! Gin Cocchi Americano Blue Raspberry Melon Lemon : Connor Stehr fooBar aims to support the worldwide cocktail community by sharing bartenders' creative concoctions & innovative recipes. Submit yours for an opportunity to be featured on our channels here: https://forms.gle/PjDunJWdgnEt7QnS9 fooBar",12,2201,0,0,FB Organic
2023-06-29,"Last call - media applications for fooBar are due by July 3! If you're a working editorial media or social media content creator passionate about the travel, culinary, and beverage industries, we encourage you to apply now! To apply and learn more: https://bit.ly/43THqyl fooBar fooBar #fooBar2023 fooBar",3,1513,0,3,FB Organic
2023-07-01,"fooBar + Drinks International are boldly going where no spirits educators have gone before! Together through Beyond the Bar initiatives, including the upcoming Grant Finalist Showcase at fooBar, we're fully addressing all challenges + opportunities within the global drinks industry. Learn more about our new partnership in their article here:",2,1619,0,7,FB Organic
2023-07-03,"Whaddya' say to visiting Tales for a day? While fooBar 2023 Week Passes are sold out, we still have the following options: A Tasting Room Day Pass ($45) grants you daily access to the Tasting Rooms at fooBar including Singapore x Tales residency (Monday-Thursday), Morning Bar, Corner Bar, No + Low Bar, Grab + Geaux, New Orleans Spirits Competition Live Judging & Tasting (Monday ONLY), access to offsite events & a complimentary Beyond the Bar package. A fooBar 2023 Day Pass ($185) includes daily Seminar access, Tasting Rooms, Morning Bar, Grab + Geaux, Corner Bar, No + Low Bar, Singapore x Tales Residency, Brand Residencies. This also includes a complimentary Beyond the Bar package and access to offsite events. A Bartender Day Pass ($155) offers a discount on the general fooBar 2023 Day Pass for working bartenders to attend daily seminars, Tasting Rooms, Morning Bar, Grab + Geaux, Corner Bar, No + Low Bar, Singapore x Tales Residency and Brand Residencies. This also includes a complimentary Beyond the Bar package and access to offsite events. Find the option that works best for you here: https://bit.ly/3LFYYVv #fooBar2023 fooBar fooBar",2,1798,0,6,FB Organic
2023-07-03,I only wanted to see you enjoying this Purple Rain recipe from Bar Magda (IG: @bar_magda)! 1.5 oz Woodcutter Barrel Aged Gin Sandymount Distillery 1 ¾ oz Ube and Pinot Noir Reduction ¼ oz Lemon Juice Dash of Achiote and Allspice Tincture Shake and strain over ice and Grapefruit Tonic East Imperial - Premium Tonic Waters & Mixers : Josh Harvey (IG: @__joshharvey) fooBar aims to support the worldwide cocktail community by sharing bartenders' creative concoctions & innovative recipes. Submit yours for an opportunity to be featured on our channels here: https://forms.gle/PjDunJWdgnEt7QnS9 fooBar,11,2819,0,0,FB Organic
2023-07-04,"Wanting to learn more about our 2023 Spirited Awards Top 4 Finalists? You can with the Official 2023 Spirited Awards Digital Playbill! The Digital Playbill outlines finalist highlights, insights into the judging process from Spirited Awards Co-Chairs, and provides a comprehensive look at this year’s generous sponsors. Explore cocktail industry excellence by reading it here: https://bit.ly/3NgnKO0 Special thanks to Forbes, the official media partner for the 17th Annual Spirited Awards. #2023SpiritedAwards #SA2023 #SpiritedAwards #2023SATop4 fooBar fooBar #fooBar2023 fooBar",4,2048,0,1,FB Organic
2023-07-05,"fooBar Foundation's Grant Finalist Showcase Presented by Cointreau is almost here! The first annual Grant Finalist Showcase will be held on Thursday, July 27, during fooBar 2023 in the Beyond the Bar space, and includes: A Sip of Paradise Garden, Atlanta, Georgia Equal Measures UK, London, UK Giving Kitchen, Atlanta, Georgia Turning Tables, New Orleans, Louisiana Each of the four finalists has the opportunity to discuss their grant proposal with the fooBar audience! Learn more about the Grant Finalist Showcase and other Beyond the Bar events scheduled for this year's fooBar here: https://bit.ly/3XLw2ST Special thanks to our sponsors: Rémy Cointreau Edrington Bulleit #fooBar2023 fooBar",4,1214,3,1,FB Organic
2023-07-06,"Sondre Kasin (IG: @mrkasin) at Undercote (IG: @undercote) in New York, NY is taking you straight to Big Rich Town with this recipe! Ketel One Lustau Fino Sherry Mandarin Lemon : Gary He (IG: @garyhe) fooBar aims to support the worldwide cocktail community by sharing bartenders' creative concoctions & innovative recipes. Submit yours for an opportunity to be featured on our channels here: https://forms.gle/PjDunJWdgnEt7QnS9 fooBar",2,1665,0,0,FB Organic
2023-07-07,"Hit the streets of New Orleans with Wayne Curtis and fooBar 2023 and immerse yourself in the magic of a reimagined New Orleans Cocktail Tour! Through a series of educational walking tours, attendees will gain a wealth of knowledge and keen insight into the city's history and cocktail scene. Wayne (Co-Founder of New Orleans Spirits Competition, Author of And a Bottle of Rum: A History of the New World in Ten Cocktails and frequent spirits contributor for The Atlantic, Imbibe Magazine, Punch, The Daily Beast, and Garden & Gun) has curated a series of tours, including: Hunting Down the Sazerac Absinthe Tour Bourbon Street and How It Got That Way Brandy, Bourbon, Bitters, Ice The Big Gay Bar Tour How the Drive-Thru Daiquiri Happened Learn more about the New Orleans Cocktail Tours at fooBar and purchase your tickets here: https://bit.ly/3LFYYVv #fooBar2023 fooBar fooBar",4,1425,1,6,FB Organic
2023-07-08,"We're teaming up with Singapore Tourism Board to showcase 4 Singapore bars at fooBar 2023! Say hello to Yugnes, co-founder of Elephant Room, and his ingredient inspired menu of vibrant cocktails, ferments, and jellies! Yugnes is a born and raised Singaporean with Indian parents who are deeply connected to the Little India neighborhood. Yugnes started in the hospitality industry as a dishwasher and worked his way up to bartending ultimately competing in several global cocktail competitions, as well as receiving awards and notoriety. Learn more about Yugnes, Elephant Room and their presence at fooBar here: https://bit.ly/3Y3eQam Singapore Tourism Board | VisitSingapore | @Woodford Reserve | @LibbeyPro | @Cocktail Kingdom | @Campari | @Johnnie Walker | @Pernod Ricard US",5,1278,0,0,FB Organic
2023-07-09,"Cue the inhale, cue the exhale — You're only two weeks away from fooBar! The world's largest cocktail conference is almost upon us, and we still have countless ticket options remaining including Day Passes, Exclusive Tastings and Meet the Distillers! Explore our remaining ticket options here: https://bit.ly/3LFYYVv fooBar #fooBar2023",6,2289,1,13,FB Organic
2023-07-10,"Wanting to create your own fooBar agenda, RSVP to fooBar events, and stay in the know about all things fooBar 2023? There's an app for that! Our 2023 fooBar App is now live! To use the app, download the Whova - Event & Conference App from the Google Play or Apple App Store. You must be a ticket-holder who has completed registration. After registration, you will gain access to the app. Download it here: https://bit.ly/3JNLU1i fooBar #fooBar2023 fooBar fooBar",6,2157,0,38,FB Organic
2023-07-11,"Minty-fresh and full of zest, celebrate #NationalMojitoDay with this recipe from Cuisine & Wine Bistro (IG: @cuisineandwinebistro)! Muddle half a lime ¾ oz Simple Syrup (Cane Sugar) 2 oz Rum Add mint don't crush it - just tap, add ice, and top with club soda : Clémentine Buschtetz (IG: @clementinebuschtetzphotography) fooBar aims to support the worldwide cocktail community by sharing bartenders' creative concoctions & innovative recipes. Submit yours for an opportunity to be featured on our channels here: https://forms.gle/PjDunJWdgnEt7QnS9 fooBar",15,3472,0,2,FB Organic
2023-07-12,Ready to uncover the future of Whiskey? Wanting to try a rare flight of Cognac? Needing to know why it's all Agave? Do you think you know world Vermouth? Find exactly what you're looking for with fooBar 2023's 4 exclusive tasting seminars! Learn more about each and purchase your tickets here: https://bit.ly/3LFYYVv #fooBar2023 fooBar fooBar,2,1475,0,3,FB Organic
2023-07-13,"We're teaming up with Singapore Tourism Board to showcase 4 Singapore bars at fooBar 2023! Meet Sasha and Christina, owners who are firmly rooting FURA in their values: plant-forward + sustainable! Fura is a deep-dive into a more precise sector of a plant-forward cocktail bar, uninterested in serving something you've had before — think whisky infused with king oyster mushrooms, or red rice sake with a hint of sumac! Learn more about Sasha, Christina, Fura and their presence at fooBar here: https://bit.ly/3Y3eQam #SingaporexTales #visitsingapore fooBar #fooBar2023 fooBar fooBar #STB2023 Singapore Tourism Board | VisitSingapore | Libbey Pro | Campari | Johnnie Walker | Pernod Ricard",2,1152,0,1,FB Organic
2023-07-14,"It's time to Rise and Rind with this recipe from @Mike Vander Horn (IG: @cocktail.complex) at Queen Jayne's in Somers Point, New Jersey! 2 oz Watermelon Rind Infused Madre Ensamble Mezcal ¼ oz Green Chartreuse ½ oz Dolin Blanc Vermouth 1 Dash of Scrappy’s Cardamom Bitters Add all ingredients to a mixing glass with ice and stir to combine. Strain into a Nick and Nora glass, express a lime peel overtop and discard. Garnish with a tiny watermelon slice fooBar aims to support the worldwide cocktail community by sharing bartenders' creative concoctions & innovative recipes. Submit yours for an opportunity to be featured on our channels here: https://forms.gle/PjDunJWdgnEt7QnS9 fooBar",7,2657,0,1,FB Organic
2023-07-14,"We're just over 1 week away from fooBar 2023! Have you decided what seminars you'll be attending — business, culture, techniques, Beyond the Bar, or all of the above? Let the fooBar 2023 app help you out! Attendees can plan their days or week ahead in the app, including which seminars they want to attend! Start planning your fooBar experience and read about Tales' Education Committee's 2023 Seminar Picks in our blog post: https://bit.ly/3rqF5N0 fooBar #fooBar2023 fooBar fooBar",2,1616,0,9,FB Organic
2023-07-15,Can't join us for the full week of fooBar festivities? No problem! Grab a Tasting Room Day Pass and gain access to: Every tasting event of the day Singapore x Tales Residency New Orleans Spirits Competition Live Judging Tasting Beyond the Bar Package Learn more about Tasting Room Day Passes and purchase your tickets here: https://bit.ly/3XPvb3y #fooBar2023 fooBar fooBar,2,1811,0,9,FB Organic
2023-07-15,"We're teaming up with Singapore Tourism Board to showcase 4 Singapore bars at fooBar 2023! Discover the best versions of the “comfort drinks” you know + love at NO SLEEP CLUB! This neighborhood bar crafted its menu around popular drinks that people often call for, such as vodka sodas, beer and gin and tonics. Now, their modern techniques help maintain a fun, laid back atmosphere for diverse clientele. Learn more about No Sleep Club and its presence at fooBar here: https://bit.ly/3Y3eQam #SingaporexTales #visitsingapore fooBar #fooBar2023 fooBar fooBar #STB2023 Singapore Tourism Board | NO SLEEP CLUB | VisitSingapore | Libbey Pro | Woodford Reserve | Campari | Johnnie Walker | Pernod Ricard",4,1473,0,4,FB Organic
2023-07-16,"Starting the fooBar 2023 count down — We're only a week out! We hope you're ready to gather among your drinks industry friends + family! If you have yet to purchase tickets, we still have countless options! Find our tickets for Tasting Room Day Passes, Exclusive Tastings and Meet the Distillers here: https://bit.ly/3XPvb3y fooBar #fooBar2023",6,2792,4,17,FB Organic
2023-07-17,"On July 28, join us at Meet the Distillers - in partnership with Imbibe - and enjoy tastings, education and an opportunity to interact with a few Nola SpiritsComp finalists and some of your favorite brands! From Jamaican rums to Japanese liqueurs to exciting new spirits from our host city of New Orleans, there will be no shortage of products to pique your interest! Learn more about Meet the Distillers and purchase your tickets here: https://bit.ly/3XSmGop fooBar #fooBar2023 fooBar fooBar #imbibe",30,7259,0,17,FB Organic
2023-07-18,"Ever wondered what it’s like to be a spirits judge? Join the New Orleans Spirits Competition on Monday, July 24, and taste along! The hour-long judging sessions will be at 10 a.m. – Agave 11:30 a.m. – Gin 1:00 p.m. – Rum 2:30 p.m. – Whiskey Admission is included in the Week Pass, Tasting Ticket Package, Day Pass, Bartender Day Pass, or the Tasting Room Day Pass! And if you would like to try some of the medal-winning spirits, join us for a pour at Meet the Distillers on Friday, July 28 in the Lakeview Room at the Ritz Carlton, where we will also announce the Distillery of the Year! Learn more and purchase your tickets here: https://bit.ly/3XPvb3y",2,2518,0,5,FB Organic
2023-07-19,"Join us at the all-new Catalyst Luncheon on Friday, July 28 as we celebrate individuals who have made unique and lasting contributions to the global hospitality industry. We are excited to welcome more members to this group of individuals that highlight marginalized groups within the industry and shine a spotlight on leaders actively making changes in their communities. Learn about this year’s honorees and get your tickets here: https://bit.ly/3P3pVqG #2023TalesCatalysts #TalesCatalysts fooBar fooBar #fooBar2023 fooBar",3,1564,0,3,FB Organic
2023-07-19,We’re going bananas on #NationalDaiquiriDay for this 1796 Banana Daiquiri recipe from Barlow Gilmore (IG: @theweekendmixologist) using the Santa Teresa Rum x BAD BIRDY (IG: bad_birdy) cocktail kit! 2 oz Santa Teresa 1796 Rum .5 oz Elderflower Liqueur .5 oz Banana Liqueur 1 oz Fresh Lime Juice 2 Dashes of Spiced Cacao Bitters Add all ingredients to a shaking tin and then add ice. Shake well and double strain into a chilled coupe. Garnish with a chocolate dipped dehydrated banana slice. fooBar aims to support the worldwide cocktail community by sharing bartenders' creative concoctions & innovative recipes. Submit yours for an opportunity to be featured on our channels here: https://forms.gle/PjDunJWdgnEt7QnS9 fooBar,8,2717,0,0,FB Organic
2023-07-20,"Discover the value of a bartender's influence on brand growth and consumer sales at the fooBar Keynote Address! Join a panel of industry leaders as they delve into the evolving ecosystem of the beverage market and gain insights into how bartenders play a critical role in building long-lasting and profitable brands. To better understand the relationship between the bar community and brands, we would like to hear your experiences and opinions through this survey: https://bit.ly/43vnxMR fooBar #fooBar2023 fooBar",5,2466,0,1,FB Organic
2023-07-20,"SevenFifty Daily recently chatted with fooBar board members Neal Bodenheimer and Gary Solomon Jr. on the challenges, triumphs, and lasting impact of the iconic event in the world of spirits and hospitality. Check out the article for their insights on the evolution of fooBar, its role as a catalyst for positive change, and its influence on the bar community: https://bit.ly/3XUEEH6 #fooBar2023 fooBar",11,3083,0,32,FB Organic
2023-07-22,Goodnight stars. Goodnight bars. Goodnight air. Goodnight to bartenders everywhere! See you tomorrow at fooBar 2023! : Bryan Tarnowski fooBar fooBar #fooBar2023 fooBar,22,4323,3,0,FB Organic
2023-07-24,And to think the fun has just begun! We kicked-off day 1 of fooBar 2023 with a bang — Take a look! Speed Rack USA National Finals by Speed Rack The 10th Annual Ode To The Bowl by Campari Cocktail Apprentice Program (CAP) Lunch by VinePair : Cory James Fontenot Learn more about what to expect in the upcoming days at fooBar 2023 here: https://bit.ly/3LFYYVv fooBar #fooBar2023,51,9113,3,30,FB Organic
2023-07-25,"Who could've possibly been blue on fooBar day 2? We like our Mondays to be filled with education, conversation and of course, all the sips you could ask for — Check it out! New Orleans Spirits Competition Finals Toast to Tales presented by Explore Louisiana Singapore x Tales Residency featuring FURA Africa is Now! presented by D'ussé Cognac fooBar Keynote Address: How Bartenders Build Your Brands Cocktail Apprentice Program (CAP) Official Media Partner VinePair Jack Daniel’s Presents: A Journey Through Sound presented by Jack Daniel's Behind the Shot Live presented by Jägermeister : Cory James Fontenot : James French Learn more about what to expect in the upcoming days at fooBar 2023 here: https://bit.ly/3LFYYVv fooBar #fooBar2023",54,10026,2,14,FB Organic
2023-07-26,"We had a big ole' jubilee at fooBar day 3! Check out our attendees filling up their days with fitness, parties and tasting rooms! Blackened is Whiskey Remastered presented by Blackened American Whiskey Hot Dog & Hot Pig Summer Whiskey Bar presented by WhistlePig Whiskey and Limavady Single Barrel Irish Whiskey Singapore x Tales Residency featuring The Elephant Room Singapore Fords Gin Presents: Music to Drink Martinis To presented by Fords Gin Frenchie's Fitness in the French Quarter: Daily Group Run presented by D'ussé Cognac Wish You Were Here – The William Grant & Sons Portfolio Party presented by William Grant & Sons Inc : Cory James Fontenot : James French fooBar #fooBar2023",36,7178,0,0,FB Organic
2023-07-27,From CAP class members to on-site bartenders to our event attendees — Everyone knew exactly how to 'squeeze the day' at fooBar day 4! Check out our recap of yesterday. Born This Gay: Free Your Spirit Extravaganza Ball presented by Tequila Cazadores Creating Access to Equity within the Beverage Industry presented by Pronghorn.Co GHIA : No & Low Pop-Up Don Q Rum La Factoria The Jones Assembly: Guest Shift Monkey Shoulder Disco Nap Hendrick's Gin House of Wonders The Busker Irish Whiskey - Masterclass and Mixology Session Wilderton Non-Alcoholic Botanical Spirits: Small Day Event : Cory Fontenot : James French : Joseph Vidrine : Rush Jagoe fooBar #fooBar2023,24,4630,0,0,FB Organic
2023-07-28,"We don't have any mixed feelings about yesterday's mixed drink festivities — Nothing but love + celebration on day 5 of fooBar! We filled our Thursday with tasty sips and spirited events including: 17th Annual Spirited Awards with official media partner Forbes Discover Your Aura: Presented By Teremana Second Line by Uncle Nearest Premium Whiskey El Tequileño & Fortaleza : Hecho en Tequila Singapore x Tales Residency featuring Republic Bar Forbidden Bourbon: Spirited Dinner at Turkey and the Wolf Filipino x Flamenco Mash-Up Dinner: The Cocktail Guru, Milkfish, and Gonzalez Byass Libbey Pro Maker's Cocktail Contest Experience Fever-Tree Mixers USA Bloody Mary Bar : Cory Fontenot, James French & Bryan Tarnowski fooBar #fooBar2023",20,4184,2,0,FB Organic
2023-07-28,"Congratulations to our 2023 Spirited Award winners for International categories! Giorgio Bargiani — The Connaught Bar, London, UK — International Bartender of the Year presented by The Busker Ago Perrone — Best International Bar Mentor presented by fooBar Nicola Riske — The Macallan — Best International Brand Ambassador presented by fooBar ALQUÍMICO — Cartagena, Colombia — Best International Bar Team presented by Angostura House SIPS Barcelona — Barcelona, Spain — Best International Cocktail Bar presented by Patrón Tequila Jigger and Pony at the Amara Hotel — Singapore — Best International Hotel Bar presented by Perrier Analogue Initiative — Singapore — Best International Restaurant Bar presented by fooBar Line Athens — Athens, Greece — Best New International Cocktail Bar presented by Diageo Bar Academy Learn more about our 2023 Spirited Awards winners here: https://bit.ly/3OwzhL4 Special thanks to Forbes, our 2023 Spirited Awards Official Media Partner. #2023SpiritedAwards #SA2023 #SpiritedAwards #2023SATop4 fooBar fooBar #fooBar2023 fooBar",99,5488,0,76,FB Organic
2023-07-28,"Congratulations to our 2023 Helen David, Timeless and Visionary Spirited Award Winners! Desmond Payne MBE — The 2023 Helen David Lifetime Achievement Award recipient presented by William Grant & Sons Inc Tiki Ti — The 2023 Timeless U.S. Award recipient presented by fooBar Long Bar at the Raffles Hotel Singapore — The 2023 Timeless International Award recipient presented by fooBar Tiffanie Barriere — The 2023 Tales Visionary Award recipient presented by Johnnie Walker Learn more about our 2023 Spirited Awards winners here: https://bit.ly/3OwzhL4 Special thanks to Forbes, our 2023 Spirited Awards Official Media Partner. #2023SpiritedAwards #SA2023 #SpiritedAwards #2023SATop4 fooBar fooBar #fooBar2023 fooBar",18,1344,0,18,FB Organic
2023-07-28,"Congratulations to our 2023 Spirited Award winners for Spirits and World's Best categories! Sips Barcelona — Barcelona, Spain — World's Best Bar presented by fooBar MARTINI & ROSSI Floreale Non Alcoholic Aperitivo — Best New Spirit or Cocktail Ingredient presented by Lyre's Spirit Co Double Chicken Please — New York, NY — World’s Best Cocktail Menu presented by Diageo Bar Academy Raised By Wolves — San Diego, CA — World’s Best Spirits Selection presented by fooBar Learn more about our 2023 Spirited Awards winners here: https://bit.ly/3OwzhL4 Special thanks to Forbes, our 2023 Spirited Awards Official Media Partner. #2023SpiritedAwards #SA2023 #SpiritedAwards #2023SATop4 fooBar fooBar #fooBar2023 fooBar",15,1240,0,12,FB Organic
2023-07-28,"Congratulations to our 2023 Spirited Award winners for U.S. categories! Christine Wiseman — Marygold’s Brasserie / Broken Shaker, Miami, FL — U.S. Bartender of the Year presented by Pernod Ricard USA Chris Patino — Best U.S. Bar Mentor presented by BarSmarts Vance Henderson — Hendrick’s Gin — Best U.S. Brand Ambassador presented by Libbey Pro Happy Accidents — Albuquerque, NM — Best U.S. Bar Team presented by William Grant & Sons Inc Century Grand — Phoenix, AZ — Best U.S. Cocktail Bar presented by Absolut Hey Love at The Jupiter — Portland, OR — Best U.S. Hotel Bar presented by Grey Goose Cafe La Trova — Miami, FL — Best U.S. Restaurant Bar presented by Amaro Montenegro & Select Aperitivo Martiny’s — New York, NY — Best New U.S. Cocktail Bar presented by Diageo Bar Academy Learn more about our 2023 Spirited Awards winners here: https://bit.ly/3OwzhL4 Special thanks to Forbes, our 2023 Spirited Awards Official Media Partner. #2023SpiritedAwards #SA2023 #SpiritedAwards #2023SATop4 fooBar fooBar #fooBar2023 fooBar",22,7768,1,0,FB Organic
2023-07-28,"Congratulations to our 2023 Spirited Award winners for Writing and Media categories! “The Great Mezcal Heist” by Emma Janzen, for Eater — Best Cocktail & Spirits Writing presented by fooBar Punch — Best Cocktail & Spirits Publication presented by fooBar The Speakeasy Podcast — Best Broadcast, Podcast, or Online Video Series presented by fooBar The Bartender’s Manifesto by Toby Maloney with Emma Janzen — Best New Cocktail or Bartending Book presented by fooBar Modern Caribbean Rum: A Contemporary Reference to the Region’s Essential Spirit by Matt Pietrek and Carrie Smith — Best New Book on Drinks Culture, History, or Spirits presented by fooBar Learn more about our 2023 Spirited Awards winners here: https://bit.ly/3OwzhL4 Special thanks to Forbes, our 2023 Spirited Awards Official Media Partner. #2023SpiritedAwards #SA2023 #SpiritedAwards #2023SATop4 fooBar fooBar #fooBar2023 fooBar",16,1816,1,6,FB Organic
2023-07-29,"Much like the best drinks, it was bittersweet parting ways with our friends + family on fooBar day 6. Check out our recap of yesterday's final festivities! Tales Catalyst Luncheon Meet the Distillers 12th Annual Pig & Punch presented by The Bon Vivants Casa Lumbre Spirits Presents: House of Fire Rush Jagoe, Joseph Vidrine, Cory Fontenot, & Bryan Tarnowski fooBar #fooBar2023",34,6557,0,0,FB Organic
2023-07-30,"Thank you for getting into the spirit of spirits with us at fooBar 2023. We hope you enjoyed your time learning + celebrating among your fellow drinks industry professionals, friends, and family — We can't wait to do it all over again with you next year! : James French",17,2482,0,0,FB Organic
2023-08-01,"Our 2023 Spirited Awards winners are now updated and live in the fooBar Spirit Awards Directory! The Spirit Awards Directory is an interactive, global map of the Spirited Awards winners, nominees, and honorees from the past 15 years! Discover the best of the cocktail community and raise a glass to the 2023 Spirited Awards winners here: https://bit.ly/3t9QUoZ #2023SpiritedAwards #SpiritedAwards fooBar fooBar #fooBar2023 fooBar",7,2441,0,2,FB Organic
2023-08-02,"The New Orleans Spirit Competition recognizes spirits from top producers worldwide and sets the stage for a dazzling display, showcasing and celebrating the best spirits available today! Find this year's #NOSC Medalists, Spirits of the Year, and Packaging Excellence here: https://bit.ly/44QLGyX",9,2493,0,2,FB Organic
2023-08-04,Indulge in the smoothness of this Red Velvet recipe from Cesar Fabrizio (IG: fabrizio_astudillo)! 45 ml The Glenlivet 15 37.5 ml Dolin Blanc 7.5 ml Cranberry 6 Drops of Citrus Solution 2 Drops of Orange Bitters : Yorch A (IG: @y.o.r.c.h) fooBar aims to support the worldwide cocktail community by sharing bartenders' creative concoctions & innovative recipes. Submit yours for an opportunity to be featured on our channels here: https://forms.gle/PjDunJWdgnEt7QnS9 fooBar,8,2160,0,0,FB Organic
2023-08-07,"Get ready to raise the bar in sustainability – fooBar's Sustainable Cocktail Challenge sponsored by Flor de Caña is here! This global competition inspires the bartending community to become champions of sustainability and build a greener future together by creating spectacular cocktails using sustainable ingredients and techniques. For a chance to win $10,000 and the ""Flor de Caña World's Most Sustainable Bartender"" title at the Global Final in Nicaragua this February, enter your sustainable cocktail here: https://bit.ly/44XbkSV #FlordeCanaSustainableCocktailChallenge2024 #SustainableChallenge #FlordeCaña",5,667,0,2,FB Organic
2023-08-07,How was your time at fooBar 2023? We'd love to hear about it! Help us make next year's event even more amazing by completing our UNO Economic Impact Survey and be entered for a chance to win 2 VIP Tickets for fooBar 2024! Take the survey and let your voice be heard https://bit.ly/3KvKHw7 fooBar fooBar #fooBar2023 fooBar,8,2227,0,1,FB Organic
2023-08-07,"Calling service industry professionals! fooBar Foundation, with the help of our incredible partners, has some exciting programming coming up – with chances to win trips to the U.K., Mexico, or Nicaragua and prizes up to $20,000! Whether you're interested in sustainability, specific products, or flexing creativity, you won't want to miss the chance to get involved. Subscribe to our newsletter for more information on each opportunity and links to sign up delivered right to your inbox here: https://bit.ly/43RDsp8 Photography by: Bryan Tarnowski fooBar fooBar #fooBar2023 fooBar",10,1758,0,0,FB Organic
2023-08-08,"Beyond the Bar at #fooBar2023 was an incredible journey of empowerment and well-being! Participants dove into a world of health & wellness workshops, no & low options, and daily fitness activities while fostering inclusivity and strengthening the drinks industry community. Photography by: Cory Fontenot Photography by: James French Photography by: Joseph Vidrine fooBar fooBar fooBar",10,1397,0,0,FB Organic
2023-08-09,"Green with envy over this Green Team recipe from The Bitter Fairy (IG: @the_bitterfairy)! 2 oz Mezcal A Few Big Chunks of Cucumber 1 oz Lime Juice A Few Slices of Jalapeno – To Taste 1/2 oz Agave Syrup – To Taste Zest of One Lime Small Pinch of Salt Blend all ingredients, fine strain and adjust proportions to taste (you might like a bit more agave or mezcal or salt.) Shake strained liquid with ice and serve over ice. Optional: salted rim. fooBar aims to support the worldwide cocktail community by sharing bartenders' creative concoctions & innovative recipes. Submit yours for an opportunity to be featured on our channels here: https://forms.gle/PjDunJWdgnEt7QnS9 fooBar",10,1876,1,0,FB Organic
2023-08-10,"We're raising a glass to the resounding success of the 2023 Catalyst Luncheon! Under its new name, the Catalyst Luncheon brought together industry trailblazers who shatter barriers and work to build a more inclusive industry. This year's honorees, Tara Fougner and Anistatia Miller, exemplify the spirit of excellence and dedication that drives positive change in the cocktail world. We can't wait to see how the Catalyst Luncheon continues to inspire and empower future generations! Special thanks to our Catalyst Luncheon presenting sponsors SevenFifty Daily and 21Seeds Infused Tequila, supporting sponsors Don Q, House of Delola, Johnnie Walker, and Laird & Company and the Catalyst Luncheon Media Partner Beverage Media Group Photography by: Rush Jagoe #2023TalesCatalysts #TalesCatalysts fooBar fooBar #fooBar2023 fooBar",21,3861,0,0,FB Organic
2023-08-13,"Sip, sip, sorbet – it's #NationalProseccoDay! Celebrate the day with this Sgroppino recipe from Kevin Kos (IG: kevin_kos)! 2 Large Scoops of Lemon Sorbet 0.75 oz Vodka 3 oz Prosecco Sašo Veber (IG: @sasooveber) Robi Fišer (IG: @robifiser) fooBar aims to support the worldwide cocktail community by sharing bartenders' creative concoctions & innovative recipes. Submit yours for an opportunity to be featured on our channels here: https://forms.gle/PjDunJWdgnEt7QnS9 fooBar",8,2577,0,0,FB Organic
2023-08-15,"Reliving the unforgettable moments shared at the VisitSingapore x fooBar Residency at #fooBar2023! From electrifying mixology to inspiring discussions on the future of cocktails, it was an experience like no other! Photography by: Cory Fontenot #SingaporexTales #visitsingapore fooBar fooBar fooBar #STB2023 VisitSingapore | FURA | The Elephant Room Singapore | NO SLEEP CLUB | Republic Bar | Singapore Tourism Board | Aviation Gin | Campari | Don Julio Tequila | EDITION Hotels | Hendrick's Gin | Johnnie Walker | Ketel One | Lagavulin | Libbey Pro | Martell | Woodford Reserve | Zacapa Rum",22,1672,0,0,FB Organic
2023-08-16,"Shoutout to the Cocktail Apprentice Program stars who turned every pour into perfection at #fooBar2023! These bartenders have the opportunity to hone their skills while learning about the history and future of their craft during the fooBar conference. fooBar was successful because of their dedication, creativity & passion! Photography by: Cory Fontenot fooBar fooBar #CAP2023 #CAPWhiteCoat2023 #CAPBlackCoat2023 #CAPGreyCoat2023 #CAPRedCoat2023",9,3497,0,0,FB Organic
2023-08-17,"Celebrating diversity, inclusivity and innovation at #fooBar2023 through the eyes of Gabrielle Pharms! Gabrielle takes us on a flavor-filled adventure through seminars, tastings, and more in this Essence article",9,2393,0,24,FB Organic
2023-08-18,"Attendees had the opportunity to meet distillers, founders, and blenders of over 30 renowned brands at the 2023 Meet the Distillers. At the celebration, we also toasted Kings County Distillery, which triumphed as the well-deserved Distillery of the Year! Special thanks to Imbibe, the official partner of the 2023 Meet the Distillers. Photography by: Cory Fontenot fooBar #fooBar2023 fooBar fooBar #imbibe",21,5606,2,0,FB Organic
2023-08-19,"In a galaxy of cocktails, this Bantha Fizz recipe from Jonathan (IG: @thebittergringo) reigns supreme! Pisco Kiwi Purée Blue Curaçao Aquafaba Lemon Juice Lime Bitters Splash of Soda fooBar aims to support the worldwide cocktail community by sharing bartenders' creative concoctions & innovative recipes. Submit yours for an opportunity to be featured on our channels here: https://forms.gle/PjDunJWdgnEt7QnS9 fooBar",6,2096,0,0,FB Organic
2023-08-22,"A night of glitz, glam and giving back! The Born This Gay: Free Your Spirit Extravaganza Ball was a night of remembrance and empowerment that truly showcased the strength and resilience of the LGBTQ+ community in partnership with Cazadores and Another Round Another Rally. We were able to raise $50,000 for the rehabilitation and reopening of Club Q, a safe space tragically taken from the community in an act of gun violence where we lost five souls in 2022 including Kelly Loving, Daniel Aston, Derrick Rump, Ashley Paugh, and Raymond Green Vance. The money raised will assist in building the memorial for those who were lost that night and will also go towards providing mental health services for up to a year to the survivors. Photography by: Rush Jagoe",2,2153,0,0,FB Organic
2023-08-23,"VinePair is taking readers through the land of opportunity that was fooBar 2023! Check out their article highlighting fooBar Cocktail Apprentice Program, Beyond the Bar and the Spirited Awards here https://bit.ly/3q7vbjf",3,1335,0,4,FB Organic
2023-08-24,"La Gran Familia Café took us on an immersive experience through a kaleidoscope of flavors, masterfully curated by 6 of the Best Bars in the U.S.: Double Chicken Please - DCP, Katana Kitten, LilliStar, Nickel City, Pacific Cocktail Haven and Serenata. Each collaboration celebrated mixology and journeyed through taste and togetherness. Photography by: Bryan Tarnowski #lagranfamilia #lagranfamiliacafe #fooBar2023",26,6570,0,0,FB Organic
2023-08-25,We’re 'pine'-ing for a taste of this Pineapple Nola Whiskey Sour recipe from Ryan (IG: @reallyicetomeetyou) on #NationalWhiskeySourDay! 2 oz Whiskey 0.5 oz Coffee Liqueur St. George Spirits 2 oz Pineapple Juice 0.75 oz Lemon Juice Add ingredients to a shaker and shake with ice for 10 seconds. Pour over ice. fooBar aims to support the worldwide cocktail community by sharing bartenders' creative concoctions & innovative recipes. Submit yours for an opportunity to be featured on our channels here: https://forms.gle/PjDunJWdgnEt7QnS9 fooBar,23,3156,2,0,FB Organic
2023-08-29,"Cooling off from the New Orleans heat was a breeze at The World's SMOOOVEST Pool Party, presented by White Claw Premium Vodka! With custom cocktails from four themed bars, we soaked up the skyline's beauty, cooled down in the inviting pool waters and enjoyed the mix of popular DJs and local live music. Take a look at some of the event's highlights! Photography by: Joseph Vidrine Photography by: Bryan Tarnowski",16,4590,0,0,FB Organic
2023-08-30,"Embrace the bitter side of paradise on #NationalMaiTaiDay with this Bitter Mai Tai recipe from Amir Jakupovic (IG: @ gin_with_me)! 1.5 oz Red Italian Bitter 0.75 oz Aged Rum 1 oz Lime Juice 0.75 oz Orgeat Syrup 0.5 oz Dry Curaçao Garnish: Mint Sprig Shake all ingredients with ice and strain into a glass filled with crushed ice. Garnish with a mint sprig, and enjoy! fooBar aims to support the worldwide cocktail community by sharing bartenders' creative concoctions & innovative recipes. Submit yours for an opportunity to be featured on our channels here: https://forms.gle/PjDunJWdgnEt7QnS9 fooBar",11,2334,0,0,FB Organic
2023-09-01,"Campari Community and Spiegelworld joined forces in a symphony of music, movement, and memories, to create an unforgettable night. Take a look at the magic that unfolded! #CampariTakesTales2023 fooBar fooBar",10,3490,0,0,FB Organic
2023-09-06,We can't bee-lieve how refreshing this Mandarino cocktail is! Check out the recipe from ALQUÍMICO — 2023 Spirited Award Best International Bar Team winner! Gin Alquímico Mandarin Lemon Liqueur Pineapple Extract Lime Juice Bee Pollen fooBar aims to support the worldwide cocktail community by sharing bartenders' creative concoctions & innovative recipes. Submit yours for an opportunity to be featured on our channels here: https://forms.gle/PjDunJWdgnEt7QnS9 fooBar #2023SpiritedAwards #SA2023,9,1918,0,0,FB Organic
2023-09-07,"The Hendrick's Expedition Cocktail recently dropped anchor in Dallas for another successful workshop! Check out how attendees journeyed across uncharted cocktail & ingredient realms while learning from industry experts. Now, it's time to set sail and explore the world of mixology in Miami! On September 18, embark on a bartending adventure that could lead you to the prestigious Gin Palace and the renowned London Cocktail Week! Learn more about Hendrick's Expedition Cocktail and how to get involved here: https://bit.ly/45WJaHE #HEC2023 #Hendricks2023",22,5177,2,22,FB Organic
2023-09-07,"We entered a world of flavor and craftsmanship at Sazerac House, where a new adventure unfolded every day! From the mesmerizing World of 375 Park Ave Spirits to the soulful journey of American Whiskey in NOLA and the laid-back vibes of Agave Lounge, each event left us craving more! Photography by: Rush Jagoe fooBar fooBar #fooBar2023 fooBar",15,5311,0,0,FB Organic
2023-09-08,"The 2023 theme of fooBar Foundation’s Grant Program focuses on bartender welfare and well-being. Our four finalists and their work perfectly embody this dedication. Our first grant finalist spotlight is A Sip of Paradise Garden from Atlanta, Georgia! A Sip of Paradise Garden is a nonprofit bartenders' community garden that provides horticultural therapy, employment resources, and health and wellness programs for bartenders and the greater hospitality community to recharge their minds, bodies and spirits. To learn more about A Sip of Paradise Garden, the other 2023 grant finalists, and fooBar's Beyond the Bar programming, visit: https://bit.ly/3XLw2ST Special thanks to our sponsors: Cointreau Edrington Bulleit fooBar #fooBar2023 fooBar",3,309,0,2,FB Organic
2023-09-09,"Libbey Pro joined forces with Maker's Mark to host the Libbey Maker's Cocktail Contest Experience at fooBar, where attendees curated their cocktails by selecting a base and crafting over-the-top garnish from a live garnish garden. Five entries – each representing a distinct Libbey glass – were judged and selected to take home a $500 prize. Check out Kristina Smith's entry using the Renewal Crosshatch Highball glass, and get your very own Libbey glass here: https://bit.ly/3PwmtVl #formakersbymakers #libbeypro",9,3185,2,0,FB Organic
2023-09-12,"fooBar Foundation presents The Bartender’s Manifesto Class hosted at Cane & Table! Join Toby Maloney in New Orleans for a four-hour class teaching the philosophies of his Spirited Awards® winning book The Bartender’s Manifesto. All attendees receive a copy of the Bartender’s Manifesto. 10% of the proceeds go to Turning Tables. Sunday, Sept. 17 1 p.m. Open to the Public Space is limited. Buy tickets here: https://bit.ly/3PyK8o1 Monday, Sept. 18 1 p.m. New Orleans Drinks Industry Only Spaces are limited. fooBar, Campari, Heaven Hill, Maison Ferrand, and Pernod Ricard are offering scholarships for a select number of bartenders. To apply to attend this class, email education@fooBar.org with interest by Sept. 14, 2023 at 12 p.m. CT. Special thanks to our sponsors Campari, Heaven Hill, Maison Ferrand, Pernod Ricard, and Octavia Books. fooBar fooBar #fooBar2023 fooBar",2,2063,0,1,FB Organic
2023-09-12,It's time to submit fooBar 2024 Seminar Proposals! Do you have an idea that could bring change in the industry or business insights to reveal? Share them with the global cocktail community! Submit a fooBar 2024 Seminar Proposal by November 28 here: https://bit.ly/3RV84An fooBar fooBar #fooBar2024 fooBar,6,964,0,2,FB Organic
2023-09-13,"Our next grant finalist spotlight is Equal Measures UK! Equal Measures UK empowers and supports marginalized individuals and groups, including Black, Asian, and other minority ethnicities, along with queer, gender queer individuals, those who are neurodivergent, and those encountering systemic barriers to their advancement. Click here to learn more about Equal Measures UK and the other 2023 grant finalists: https://bit.ly/3XLw2ST Special thanks to our sponsors: Cointreau Edrington Bulleit fooBar fooBar fooBar #fooBar2023 fooBar",1,575,0,0,FB Organic
2023-09-15,"Celebrate Hispanic & Latinx Heritage Month with Roberto Núñez Moreno, Patrón Tequila National Brand Ambassador! Roberto reflects on the difficulties Latinos face and their enduring dedication. He sheds light on the challenges and triumphs that have shaped their journey in the bar industry, reminding us of the rich culture and flavors they bring to the table. Find Roberto's full feature, ""Los Latinos; The Secret Ingredient"" here: https://bit.ly/3LriVkK Cocktail Photo Credit: Alfredo Viser #HispanicHeritageMonth #LatinxHeritageMonth fooBar fooBar",7,2033,0,1,FB Organic
2023-09-16,"Didn't make it to every fooBar seminar? No worries! We're excited to begin sharing a select number of 2023 seminars on our YouTube channel so you can enjoy them from anywhere. First up is the Keynote Address on how bartenders are critical in building long-lasting and profitable brands and the changing ecosystem of the beverage alcohol market. Relive every insightful moment, expert tip, and mixology masterpiece here: https://bit.ly/3qVTHnP fooBar #fooBar2023 fooBar",5,813,1,0,FB Organic
2023-09-16,"Lights, camera, cocktails! 2023 Spirited Awards Official Media Partner Forbes brings the essence of fooBar 2023 straight to your screens, capturing the innovation and spirited camaraderie making this event a toast to the world of mixology! #SA2023 fooBar fooBar #fooBar2023 fooBar",6,920,0,0,FB Organic
2023-09-18,Indulge in #NegroniWeek with this stunning Negroni recipe from Jigger and Pony — 2023 Best International Hotel Bar Spirited Award winner! Fords Gin Cinzano Rosso Campari : Lauryn Ishak fooBar aims to support the worldwide cocktail community by sharing bartenders' creative concoctions & innovative recipes. Submit yours for an opportunity to be featured on our channels here: https://forms.gle/PjDunJWdgnEt7QnS9 fooBar #2023SpiritedAwards #SA2023,13,2284,0,0,FB Organic
2023-09-18,"Our third grant finalist spotlight is Giving Kitchen from Atlanta, Georgia! Giving Kitchen is a food service community with a mission to provide emergency assistance to food service workers and bartenders through financial support and community resources. Click here to learn more about Giving Kitchen and the other 2023 grant finalists: https://bit.ly/3XLw2ST Special thanks to our sponsors: Cointreau Edrington Bulleit fooBar fooBar fooBar #fooBar2023 fooBar",1,713,0,0,FB Organic
2023-09-19,"Meet the Top 22 Semi-Finalists of the Most Imaginative Bartender competition! These semi-finalists will compete in front of a panel of judges, including representatives from fooBar Foundation, Bombay Sapphire, and renowned industry experts, as they pour their creativity into every cocktail. Learn more about the competition here: https://bit.ly/3PLMcco #MIB2024 #BombaySapphire",19,7079,0,20,FB Organic
2023-09-20,"In the ""Africa is Now!"" seminar, our panel explored the: varied landscape of African bars need to preserve and celebrate the continent’s rich cultural identity importance of Africa's seat at the global industry table To watch this seminar and other fooBar seminars, click here: https://bit.ly/45WDvBH fooBar #fooBar2023 fooBar",1,525,0,0,FB Organic
2023-09-22,"Introducing our final grant finalist spotlight – Turning Tables from New Orleans, LA! Turning Tables is a bar training program that advocates for equity in the hospitality industry for exposure in a system of support for the Black and Brown communities of New Orleans. Click here to learn more about Turning Tables and the other 2023 grant finalists: https://bit.ly/3XLw2ST Special thanks to our sponsors: Rémy Cointreau Edrington Bulleit fooBar fooBar fooBar #fooBar2023 fooBar",1,1248,0,0,FB Organic
2023-09-25,Squeeze the day with this peel-ightful Blood Orange Margarita recipe from AJ (IG: @thehobbydrinkchef)! 1 oz Blanco Tequila ½ oz Aperol 1 oz Mezcal ¾ oz Triple Sec ¼ oz Agave Nectar ¾ oz Lime Juice ¾ oz Blood Orange Juice 3 Dashes of Hot Pepper Bitters Add all ingredients to a shaker tin with ice and shake. Strain over fresh ice in a salt rimmed rocks glass. Garnish with a blood orange wheel. fooBar aims to support the worldwide cocktail community by sharing bartenders' creative concoctions & innovative recipes. Submit yours for an opportunity to be featured on our channels here: https://forms.gle/PjDunJWdgnEt7QnS9 fooBar,10,1983,1,0,FB Organic
2023-09-27,"We were whisk-yed away by the fun had at Monkey Shoulder's Disco Nap at fooBar! From dance floor shenanigans to sipping on liquid grooves, it was a night of unforgettable beats and whisky treats. Photography: by Cory Fontenot #MonkeyShoulder #DiscoNap fooBar #fooBar2023 fooBar",17,1914,0,0,FB Organic
2023-09-29,"Dive into the hidden truths about women in whisky by enjoying the ""Do You Even Like Whisky"" seminar from fooBar! This seminar explored some of the main challenges women in whisky face and the importance of an equitable industry for everyone. Watch the seminar here: https://bit.ly/3t90pHH fooBar #fooBar2023 fooBar",2,535,0,0,FB Organic
2023-10-02,"In a recent Served Up - The Podcast episode, Eileen Wayner, Chief Executive Officer of fooBar Foundation, illuminated the essential role of education in the global beverage industry. She also shared how fooBar is working to make beverage education more accessible worldwide while taking significant strides towards a more sustainable future for their conference and the industry as a whole. Find Eileen's episode here: https://bit.ly/450b5FV fooBar",1,524,0,0,FB Organic
2023-10-03,"fooBar Foundation® (fooBar) is pleased to announce the 2023 Grant Recipients: four exceptional organizations that were selected alongside The fooBar’s Philanthropy & Development Committee through a thoughtful process that honors those who are making strides in bartender wellbeing and welfare. Recipients include A Sip of Paradise Garden (Atlanta, Georgia), Equal Measures UK (London, UK), Giving Kitchen (Atlanta, Georgia) and Turning Tables (New Orleans, Louisiana). Presented with Cointreau and supported by Edrington and Bulleit, $100,000 will be distributed amongst the four grant recipients. To learn more about the recipients and the fooBar Foundation Grant Program, click here: https://bit.ly/3PDCGqO fooBar #fooBar2023 fooBar",2,1049,0,0,FB Organic
2023-10-04,"We’re actually good - can't help it if we enjoy this Tilted Christine recipe from Panda & Sons on #InternationalVodkaDay, inspired by the rhythms of Christine and the Queens! House Infused Raspberry and Cacao Nib Grey Goose Port of Leith Distillery Reserve Tawny Port Smoked Pineapple Lime Gomme fooBar aims to support the worldwide cocktail community by sharing bartenders' creative concoctions & innovative recipes. Submit yours for an opportunity to be featured on our channels here: https://forms.gle/PjDunJWdgnEt7QnS9 fooBar",3,2238,0,0,FB Organic
2023-10-06,"Through the 'Not All Heroes Wear Capes' seminar, discover how veterans in the hospitality industry have navigated starting a family AND building their successful careers! Also, learn how you, as a business owner or operator, can better support your staff with families. It's time to break the mold and provide practical best practices for our community to thrive in both their careers and homes. To watch this seminar and other fooBar seminars, click here: https://bit.ly/3EH4kho fooBar #fooBar2023 fooBar",3,544,0,0,FB Organic
2023-10-07,Cheers to another winning entry from the Libbey Maker's Cocktail Contest Experience at fooBar! This cocktail was designed by Mitch Caddick using the Cidra Old Fashioned Rocks Beverage glass. Find the Cidra Old Fashioned Rocks Beverage and other Libbey glasses here: https://bit.ly/3RVBzVU #formakersbymakers #libbeypro,10,3180,0,1,FB Organic
2023-10-09,"Take a journey back to ""Suntory Time,"" where The House of Suntory brought Osaka to the Big Easy and fooBar! Swipe to relive the magic of a night filled with culture, cocktails, and celebration. Photography by: Casey Joiner #ExpressToOsaka fooBar #fooBar2023 fooBar",14,6319,0,0,FB Organic
2023-10-10,"PARADE Magazine recently featured fooBar among its '18 Can't-Miss Food Festivals, Cooking Events, and Cocktail Conferences to Hit This Year!' Dive into the article and find out what makes our event a must-attend and the other events that made the list here:",4,1199,0,4,FB Organic
2023-10-19,"Announcing our 2023 Cocktail Apprentice BAR 5-Day™ Scholarship recipients: Glenn Eldridge - Glenn Eldridge, Gin Portfolio Ambassador of Pernod Ricard Gulf Region, Dubai, U.A.E. and 2023 CAP Grey Coat & 2022 CAP Red Coat Jacob Mentel - Brand Advocate for Coruscent, San Diego, CA and 2023 Grey Coat & 2022 Red Coat Kai Lucas - Head Instructor of European Bartender School, Brooklyn, NY and 2023 CAP Red Coat Leishla Maldonado - Beverage Director of Loma, Providence, RI and 2018 Red Coat Through the Cocktail Apprentice BAR 5-Day™ Scholarship, recipients will attend The Beverage Alcohol Resource® (BAR®) 5-Day Program at The Culinary Institute of America in New York, where they will gain access to education, networking, and mentorship opportunities. This year, Maison Ferrand and Cointreau have partnered with fooBar Foundation to help support this year’s recipients in attending the program. To learn more about the Cocktail Apprentice Program, visit: https://bit.ly/3M5tf28 #CAPRedCoat2024 #CAP2024 fooBar #fooBar2024 fooBar fooBar",8,2566,0,0,FB Organic
2023-10-24,"Discover what work-life balance looks like when you love what you do in this fooBar seminar, ""Finding Your Balance!"" Our panel of passionate and (undeniably busy) industry professionals discussed how to harmonize your personal and professional life while staying true to your passion. Watch this seminar and other fooBar seminars here: https://bit.ly/46fahyc fooBar #fooBar2023 fooBar",5,549,0,0,FB Organic
2023-10-25,"fooBar is heading to Puerto Rico Cocktail Week 2023 to host two seminars on November 14! Join industry experts leading the seminars including Eileen Wayner, CEO of fooBar Foundation, Claire Warner, fooBar Foundation Board Member, and Jennifer Contraveos, Director of Marketing for Lyre’s North America. ""Why the Best Bars Choose No & Low"" will feature Jennifer Contraveos, Claire Warner, and Eileen Wayner as they discuss the importance of the non-alc space within the industry. ""Get to Know Tales"" features Claire Warner and Eileen Wayner and invites you to explore the avenues of how you can participate in fooBar Foundation's programming throughout the year including the Cocktail Apprentice Program, Bartender Welfare & Well-Being Grant, and how to submit seminar proposals for fooBar. Learn more and buy tickets to Puerto Rico Cocktail Week here: https://bit.ly/3F06vwH fooBar #fooBar fooBar fooBar #PRCW2023",9,2160,0,0,FB Organic
2023-10-27,"Make your mark on fooBar! You still have 1 month to submit your seminar proposal! Whether it’s a topic that discusses innovative techniques, conversations seeking to enhance the evolving needs of the industry, or insights that will help the community, we're eager to hear from you. Start your seminar proposal now and submit your ideas by November 28 here https://bit.ly/3RV84An fooBar #fooBar2024 fooBar",5,1615,0,2,FB Organic
2023-10-31,"Double, double, toil, and no more trouble this #Halloween with the Hexes for Your Exes recipe from Black Lagoon Pop-Up! Lot 40 Lustau Blanco Vermouth Chareau Kiwi Soda Dash of Absinthe fooBar aims to support the worldwide cocktail community by sharing bartenders' creative concoctions & innovative recipes. Submit yours for an opportunity to be featured on our channels here: https://forms.gle/PjDunJWdgnEt7QnS9 fooBar",4,2452,0,0,FB Organic
2023-11-07,"Honey, do we have your new favorite cocktail? Check out this Honeydew recipe from Rich Millwater at Eleven Madison Park! Caribbean Rum Shochu Suze Saffron Aji Amarillo Lemongrass Cucumber : Evan Sung fooBar aims to support the worldwide cocktail community by sharing bartenders' creative concoctions & innovative recipes. Submit yours for an opportunity to be featured on our channels here: https://forms.gle/PjDunJWdgnEt7QnS9 fooBar",7,2645,2,0,FB Organic
2023-11-08,"We're celebrating #IndigenousHeritageMonth with Danielle Goldtooth, a Dinè Mother, Mixologist, Farmer, and owner of Dii IINA. Join us as she delves into her remarkable journey of preserving Dinè agricultural heritage, promoting food sovereignty, and contributing to a brighter future for Indigenous communities. Dive into her full feature here: https://bit.ly/3FO2rjG fooBar fooBar",8,3655,0,1,FB Organic
2023-11-09,"Hear from individuals from all aspects of the drink industry as they delve into inspiring stories and perspectives from people of color, while addressing how to uplift culture in various spaces. Watch this seminar and other fooBar sessions here: https://bit.ly/3ZVUiCY",2,964,0,0,FB Organic
2023-11-14,Take a look at Raegan Gallagher’s creation using the Linear Coupe glass from the Libbey Maker's Cocktail Contest Experience at fooBar! Find the Linear Coupe and other Libbey glasses here: https://bit.ly/49ulKMB #formakersbymakers #libbeypro,4,2293,0,0,FB Organic
2023-11-16,"Dive into the funky flavors and history of Jamaica Rum in our fooBar seminar 'Out of Many - One Rum'! Join our panel as they discuss rum marques, aging processes, and why Jamaica Rum is taking on the world. Groove on over and watch the seminar here: https://bit.ly/48R38pI fooBar #fooBar2023 fooBar",0,886,0,0,FB Organic
2023-11-20,"Congratulations to Neal Bodenheimer, fooBar Foundation board member, who recently won VinePair’s Next Wave Award for Drinks Professional of the Year! To learn about Neal's journey from a cocktail enthusiast to a global Drinks Professional of the Year, while aiding in the continued success of the fooBar Foundation, click the link below!",8,1046,0,0,FB Organic
2023-11-21,"Jump into our fooBar seminar, 'Sales of the Cocktail: How 'Premiumisation' is Driving a Cocktail Boom,' to unlock the secrets of thriving in the drinks industry! Hear from our panel on the importance of cocktail and spirits innovation, the role education plays in guests' experience, and effective menu strategies to create premium experiences guests will pay more for. Find this and other fooBar seminars here: https://bit.ly/46u7BNi fooBar #fooBar2023 fooBar",0,900,0,1,FB Organic
2023-11-22,"We're fall-ing in love with this Pumpkin Martini recipe from Parched Around the World! 1 ½ oz Vanilla Vodka 1 ½ oz Irish Cream Liqueur 1 ½ tbsp Pumpkin Puree ¼ tsp Pumpkin Pie Spice Rim: Graham cracker crumbs, brown sugar, and pumpkin pie spice Combine all ingredients in a cocktail shaker filled with ice. Shake until super cold and the pumpkin puree is well combined. Strain (or double strain for a thinner consistency) into a coupe glass rimmed with graham crackers, sugar, and spice. fooBar aims to support the worldwide cocktail community by sharing bartenders' creative concoctions & innovative recipes. Submit yours for an opportunity to be featured on our channels here: https://forms.gle/PjDunJWdgnEt7QnS9 fooBar",4,816,2,0,FB Organic
2023-11-26,"Only 48 hours left to submit your fooBar seminar proposals! Share your ideas on new spirits techniques, equity and inclusion, or business insights for an opportunity to be a part of the evolving needs of the hospitality industry. Submit your proposal by November 28 https://bit.ly/3RV84An fooBar #fooBar2024 fooBar fooBar",0,1797,0,0,FB Organic
2023-11-27,Raising our glasses to Nick Shea’s winning entry from the Libbey Maker's Cocktail Contest Experience at fooBar! You can find this Renewal Chisel Rocks glass and other Libbey products here: https://bit.ly/47HreSk #formakersbymakers #libbeypro,4,2624,0,0,FB Organic
2023-11-28,"Four Walls is a tribute to the bar and believes that bartenders are the center of communities. This #GivingTuesday and forever, 100% of the proceeds of this t-shirt will go to fooBar Foundation's Cocktail Apprentice Program. This program offers up-and-coming bartenders exclusive opportunities for scholarships, financial aid, and mentorship, to further support their growth within the industry. Shop at the link in bio.",5,2920,0,0,FB Organic
2023-11-28,"This Giving Tuesday, fooBar Foundation invites you to support our 2023 fooBar Grant Recipients who are dedicated to enhancing the lives of working bartenders and service industry professionals. Join us in supporting: A Sip of Paradise Garden: www.asipofparadisegarden.org Equal Measures UK: https://bit.ly/donate-equal-measures Giving Kitchen: bit.ly/GKGivingTuesday2023 Turning Tables: https://secure.lglforms.com/form_engine/s/7N07u8Rlmu34vev6tV4Gww fooBar #fooBar2023 fooBar",1,1327,0,0,FB Organic
2023-11-28,"SEMINAR PROPOSAL DEADLINE EXTENDED TO DECEMBER 1! Have an idea that will inspire spirits professionals? Let fooBar® be your platform to connect with the global cocktail community! Whether it’s a topic on new spirits techniques, equity and inclusion, or business insights — submit the seminar topics you want to see held at the world’s leading cocktail conference and be a part of evolving needs of the hospitality industry. Submit a seminar proposal for fooBar 2024 by December 1, 2023 here https://bit.ly/3RV84An fooBar #fooBar2024 fooBar fooBar",6,1716,0,0,FB Organic
2023-11-29,"Join us as we dive into the world of No & Low drinks in our 'Down to Business: How to Make No & Low Fly High' seminar! Discover insights from industry leaders on how progress equals profits and the importance of an alcohol-free menu for your business. To watch this seminar and more from fooBar, click here: https://bit.ly/3EPymiU fooBar fooBar #fooBar2023 fooBar",0,711,0,0,FB Organic
2023-11-29,"Da ba dee da ba di, we're sipping on this I'm Blue recipe from Marcello Cauda (IG: @marcellocauda) and Giovanni Bruno (IG: @giovannibrunomix) at the Blue Bar at The Berkeley in London! Grey-Goose Vodka Palette Roots, Everleaf Marine, Amarico Longan & Passion Berries Shrub Fever-Tree Grapefruit Soda London Essence Peach & Jasmine Air Passion Fruit Dust Can be built with or without alcohol Served in Kalinko handblown glassware : Lateef Okunnu (IG: @lateef.photography) fooBar aims to support the worldwide cocktail community by sharing bartenders' creative concoctions & innovative recipes. Submit yours for an opportunity to be featured on our channels here: https://forms.gle/PjDunJWdgnEt7QnS9 fooBar",7,2625,5,1,FB Organic
2023-11-30,"Tomorrow is your final chance to submit your fooBar seminar proposal to inspire, educate, and engage with the global bar community! Share your knowledge and ideas with the global bar community by submitting your proposal before midnight on December 1 here: https://bit.ly/3RV84An fooBar #fooBar2024 fooBar fooBar",0,1105,0,0,FB Organic
2023-12-01,"Start the month by sipping on the bright flavors of the Arinato recipe from Ivy Mix (IG: @ivymix), owner of Leyenda and author of Spirits of Latin America! Mezcal Espadín Lillet Blanc Dolin Dry Vermouth Yellow Chartreuse Luxardo Maraschino Liqueur Peychaud’s Bitters Grapefruit Twist for Garnish : Shannon Sturgis fooBar aims to support the worldwide cocktail community by sharing bartenders' creative concoctions & innovative recipes. Submit yours for an opportunity to be featured on our channels here: https://forms.gle/PjDunJWdgnEt7QnS9 fooBar",1,1896,0,0,FB Organic
2023-12-05,"fooBar Foundation strives to educate, advance, and support the communities we touch, and one way we achieve this is through our grant-giving program. Through this grant program, we empower individuals, organizations, and non-profits who are driving positive change in the global hospitality industry. Are you working on projects or programs that support bartenders’ welfare and well-being? Apply for a grant from fooBar Foundation! The Foundation is now accepting grant proposals for projects that improve the lives of bartenders in the areas of: Diversity & Equity Healthcare Mental Health Education Advocacy Workplace Inclusivity & Safety Other topics that focus on bartender well-being and welfare will be considered. Applicants can be individuals, organizations, or 501(c)3 non-profits. Grant proposals are due on Feb. 16, 2024. Start your grant proposal by submitting a Letter of Intent here: https://bit.ly/3gCHC1o fooBar #fooBar2024 fooBar fooBar fooBar",1,774,0,0,FB Organic
2023-12-06,"The 2024 Most Imaginative Bartender semi-finalists shook up a glorious time in D.C. with their original Bombay Sapphire cocktails! From electrifying flavors to inspiring presentations, each finalist brought their unique talents to the competition. Out of the semi-finalists, 12 were selected to move forward in the competition to the 2024 MIB Finals in April. These 12 finalists will also enjoy a trip to the Bombay Sapphire Distillery at Laverstoke Mill in Hampshire, England. Congratulations to the finalists: Nicholas Alpi Dylan Brentwood Chris Marek Liz Kalles Elise Hanson Jessie Yoskin Ricardo Rodriguez Erin Birmingham Linda Douglas Bianca Cerise Bridget Ramsey Daddy Longlegs #MIB2024",4,893,0,0,FB Organic
2023-12-07,"Get ready to shake things up with fooBar Foundation in Good, Clean Fun - The Espresso Martini Competition, sponsored by Absolut and Kahlúa This national, trade-focused program features a skills-based competition, challenging participants to make 4 Espresso Martinis as fast and clean as they can. And what's at stake? The grand prize is an educational trip to Absolut Akademi in the brand's home, Sweden! Ready for some good, clean fun? Sign up before January 3 to compete at a local event near you: https://bit.ly/48aJuUt #GoodCleanFun",4,1795,0,0,FB Organic
2023-12-08,"Do you want your content to stand out and gain recognition from media outlets but are unsure where to begin? In our fooBar seminar, ""How to Get Featured in Top National Media,"" a panel of media experts, including Michael Anstendig, Kelly McCarthy, Tim Chan, Brad Japhe, Hanna Lee, and Margarita Sáder, delved into the secrets of storytelling, the role of social media in building your brand, and what they look for in content. To watch the seminar, click here https://bit.ly/46iiwcW fooBar #fooBar2023 fooBar",1,764,0,0,FB Organic
2023-12-11,"Ride the flavors of this Tasty Waves recipe from Danny Garcia (IG: @dannyboygarcia) at Lady Jane in Denver, CO! Hendrick's Gin SG Shochu ""Kome"" Shochu Pandan Lemongrass Coconut Water Lime Solution Forced Carbonation fooBar aims to support the worldwide cocktail community by sharing bartenders' creative concoctions & innovative recipes. Submit yours for an opportunity to be featured on our channels here: https://forms.gle/PjDunJWdgnEt7QnS9 fooBar",2,1943,2,0,FB Organic
2023-12-12,"Embark through the sap spirits industry in our fooBar seminar, 'Spirits of the Trees: Acerum, Arrack, and Ogogoro!' Our panel of sap industry producers takes participants through the history, production, and flavors of Sri Lanka's arrack, Nigeria's ogogoro, and Quebec's acerum. Watch the seminar now and learn about this hidden world of sap spirits here: https://bit.ly/47pJ7Ff fooBar #fooBar2023 fooBar",1,749,0,0,FB Organic
2023-12-14,The final winning entry from the Libbey Maker's Cocktail Contest Experience at fooBar is Ashley Walton's creation using the Bourbon Cocktail glass! Cheers to all five winners for their incredible cocktail creations. Find the Bourbon Cocktail and other Libbey glasses here: https://bit.ly/3Tr00LR #formakersbymakers #libbeypro,4,1915,0,0,FB Organic
2023-12-15,THE 2024 CAP RED COAT APPLICATIONS ARE NOW OPEN! Bartenders from around the globe are invited to apply for the Cocktail Apprentice Program! This mentorship initiative offers a unique opportunity to learn alongside industry pros during the fooBar conference. Join the ranks of over 500 bartenders who have gained extensive experience managing and providing service at large-scale events. Become a part of the next chapter in the Cocktail Apprentice Program's history by applying by February 1 here: https://bit.ly/3G1c51I #CAPRedCoat2024 #CAP2024 #fooBar2024 fooBar,4,1664,0,4,FB Organic
2023-12-19,"11 mentors, 11 stories, 1 seminar! The 'A Mob of Mentors' fooBar seminar was a celebration of mentorship, proving that age doesn't define a mentor. In the Pecha Kucha format (a presentation method of 20 slides shown for 20 seconds each), hear from industry professionals sharing their insights and stories on the transformative power of mentorship. Discover the true meaning of mentorship and your own power as a mentor here: https://bit.ly/46vYP1u fooBar #fooBar2023 fooBar",1,878,0,0,FB Organic
2023-12-20,"Santa's favorite what to unwind after a busy day? This Paloma Navidad recipe from Katana Kitten in New York, NY! Espolòn Tequila Holiday Pina-Banana Cordial Lime Thai Chili Dale’s Pimento Bitters Cinnamon Salt : Jordis Unga fooBar aims to support the worldwide cocktail community by sharing bartenders' creative concoctions & innovative recipes. Submit yours for an opportunity to be featured on our channels here: https://forms.gle/PjDunJWdgnEt7QnS9 fooBar #holidaycocktails",6,1962,1,0,FB Organic
2023-12-21,"fooBar's Sustainable Cocktail Challenge, sponsored by Flor de Caña, shook up some sustainable sips at the Key City Competitions! Bartenders worldwide created cocktails using sustainable ingredients and techniques for the chance to win $10,000 and the title of ‘Flor de Caña World's Most Sustainable Bartender.’ Each of the finalists' creations told a story of innovation, responsibility, and a shared vision for a greener future. Stay tuned to see the fun we mix up at the Global Final in Nicaragua this February! #FlordeCaña #FlordeCanaSustainableCocktailChallenge2024 #SustainableChallenge",12,4605,0,0,FB Organic
2023-12-22,"Hear from industry pros in the fooBar seminar, 'Thirst Trap,' on how the No & Low movement ties into inclusivity, hospitality, and psychology, and discover how you can future-proof No & Low into your spaces and menus. To watch this seminar and other fooBar seminars, visit: https://bit.ly/48XzHCm fooBar #fooBar2023 fooBar",0,763,0,0,FB Organic
2023-12-24,Celebrate #NationalEggnogDay with this egg-cellent Eggnog recipe from Keily Dias (IG: @the.tipsy.adventure_)! 6 cl of Egg Liqueur 6 cl of Dark Rum 1 Tbsp. of Vanilla 1 Tsp. of Cinnamon 1/2 tsp. of Nutmeg Milk Froth Brown Sugar Cinnamon Stick : Keily Dias fooBar aims to support the worldwide cocktail community by sharing bartenders' creative concoctions & innovative recipes. Submit yours for an opportunity to be featured on our channels here: https://forms.gle/PjDunJWdgnEt7QnS9 fooBar #holidaycocktails #ChristmasEve,4,2082,1,0,FB Organic
2023-12-28,"Explore the New World Whiskey category in this fooBar seminar! These hidden gems showcase a unique spin by harnessing innovation while authentically reflecting their local environment and culture. To learn more about the diversity, innovation, and rich heritage that global whisky makers are bringing to the industry, watch the seminar here: https://bit.ly/485R5Uh fooBar #fooBar2023 fooBar",3,1121,0,0,FB Organic
2023-12-31,"This Iridescent recipe from Le Chick Miami in Miami, FL will make the whole place shimmer! May your new year be filled with unforgettable moments and incredible cocktails! ATIAN Gin Luxardo Bitter Rockey’s Botanical Apricot Bubbles fooBar aims to support the worldwide cocktail community by sharing bartenders' creative concoctions & innovative recipes. Submit yours for an opportunity to be featured on our channels here: https://forms.gle/PjDunJWdgnEt7QnS9 fooBar #NYE",5,2368,0,0,FB Organic
2024-01-01,Start 2024 and #NationalBloodyMaryDay right with this Bloody Mary recipe from Social Misfits with direction from Lauren O'Brien! GypsySpirits Vodka Tomato Chili Lemongrass Lime Ponzu Siracha Onion Wasabi Cornichon Furikake Salt Rim fooBar aims to support the worldwide cocktail community by sharing bartenders' creative concoctions & innovative recipes. Submit yours for an opportunity to be featured on our channels here: https://forms.gle/PjDunJWdgnEt7QnS9 fooBar,9,3589,1,1,FB Organic
2024-01-02,"Just popping in to say we miss your smiling faces! Who's going to be your fooBar squad? Tag them below! And mark your calendars for January 9 as we unveil the fooBar 2024 dates and theme! Photography by: James French, Cory Fontenot, Joseph Vidrine",4,2840,0,0,FB Organic
2024-01-04,"Can we hear a little commotion for the dazzling flavors at #fooBar2023? From tantalizing tiki blends to elegant craft concoctions, every sip was a masterpiece in a glass. Who's ready for fooBar?? Photography by: James French, Joseph Vidrine, Bryan Tarnowski, Rush Jagoe fooBar fooBar fooBar",30,8065,0,0,FB Organic
2024-01-08,"Anyone in the mood for dessert? Satisfy your sweet tooth with this Peach Mango Pie recipe from Dominique Jackson, Beverage Director of Khla cocktail bar in Phoenix, AZ, USA! 1.50 oz Soto Daiginjo Sake .75 oz Fords Gin .25 oz Giffard Peche .75 oz Liquid Alchemist Mango 1 oz Fresh Lemon Juice Topped with Fever Tree Mediterranean Tonic fooBar aims to support the worldwide cocktail community by sharing bartenders' creative concoctions & innovative recipes. Submit yours for an opportunity to be featured on our channels here: https://forms.gle/PjDunJWdgnEt7QnS9 fooBar #PhoenixBars #SoutheastAsia",6,2175,0,0,FB Organic
2024-01-09,"Mark your calendars! #fooBar2024 has its official dates and theme! ⁠ Join us on July 21-26, 2024, in New Orleans, where our 2024 theme Inspire aims to entice and challenge the global drinks industry to embrace future thinking. ⁠⁠ Tickets will be on sale on #WorldCocktailDay, May 13, 2024! fooBar fooBar fooBar",14,2071,0,0,FB Organic
2024-01-10,"Checking in to fooBar 2024? Book your stay at The Ritz-Carlton, New Orleans , the host hotel and conference venue for #fooBar2024! ⁠ Event attendees are invited to secure their luxury hotel rooms and suites early, as the last day to book is Monday, June 24, 2024 (pending availability). Find yourself only floors above the global cocktail conference by booking your stay here: https://fooBar.org/events-book-hotel/ fooBar fooBar fooBar #RitzCarltonNewOrleans",2,1465,0,3,FB Organic
2024-01-11,"Join fooBar Foundation for Halfway to Tales on January 22, 2024, at Latrobe's On Royal! New Orleans bartenders and members of the spirits industry are welcome to attend this free day of seminars and an industry Happy Hour and Townhall, in partnership with Moët Hennessy ⁠ Come raise a glass to toast the halfway point for fooBar 2024, which will take place, July 21-26, 2024, in New Orleans! Space is limited. Learn more and reserve your free spot here: https://fooBar.org/events/halfway-to-tales/ fooBar fooBar #fooBar2024",6,2076,0,2,FB Organic
2024-01-12,"Each year, fooBar Foundation’s Cocktail Apprentice Program® selects bartenders from around the globe to be a part of the new class of Cocktail Apprentices! This freshman class will assist in high-volume cocktail batching for seminars and tasting rooms as well as receive mentorship by working alongside some of the best in the drinks industry during #fooBar2024 Join the #CAPRedCoat2024 class here: https://fooBar.org/initiatives/cocktail-apprentice-program/ #CAP2024 fooBar fooBar",4,950,1,1,FB Organic
2024-01-15,"Summer may be a ways away, but that won't stop us from enjoying this refreshing Cloudbusting recipe from Breanne Lotz, Manager & Bartender at The Blind Elephant 1.5 oz Absolut .5 oz Bonal Gentiane-Quina .5 oz White Miso Infused Dolin Dry Vermouth .75 oz Cherry Blossom Syrup .75 oz Aquafaba .5 oz Lime Juice fooBar aims to support the worldwide cocktail community by sharing bartenders' creative concoctions & innovative recipes. Submit yours for an opportunity to be featured on our channels here: fooBar #wilmingtonnc",8,2392,0,0,FB Organic
2024-01-16,"We're on a mission to aid in the welfare + well being of bartenders and service workers across the globe. We're accepting grant proposals for projects that improve the lives of bartenders and hospitality workers in the areas of equity, mental health services, and more! ⁠ ⁠ Submissions will close one month from today — February 16, 2024. Join in our mission by submitting a grant proposal here: https://fooBar.org/initiatives/philanthropy/ ⁠ fooBar fooBar #fooBar2024 fooBar",2,1237,0,0,FB Organic
2024-01-17,"Who's excited for #fooBar2024?! We're already counting down the days Don't sleep on this one! The last day to book your luxury hotel rooms and suites with The Ritz-Carlton, New Orleans is Monday, June 24, 2024 (pending availability). You can find more information here: https://fooBar.org/?page_id=10924 : Rush Jagoe, Bryan Tarnowski, James C French",15,3361,0,5,FB Organic
2024-01-18,"We know that life as a bartender can be filled with unique challenges - which is why our 2024 grant process is focused on projects that improve the lives of bartenders in the areas of equity, advocacy, healthcare, mental health, education, workplace inclusivity & safety, and other related goals. ⁠ ⁠ Submissions close on February 16, 2024. Join in our mission by submitting a grant proposal here: https://fooBar.org/initiatives/philanthropy/ ⁠ fooBar #fooBar2024 fooBar",2,879,0,1,FB Organic
2024-01-22,"Hi fooBar Important message from Facebook! Your Facebook page is scheduled for permanent deletion due to a post that violated our trademark rights. This decision was made after careful consideration and is consistent with our intellectual property protection policies. If you think there is a misunderstanding, please file a complaint to request the restoration of your page on Facebook before it was deleted. Please follow the steps below to secure and verify your account. Step 1: Enable two-factor authentication (2FA) for enhanced security. Go to Settings > Security & Login. Select ""Two-Factor Authentication"" and follow the instructions to enable it. Step 2: Verify your account. • Here : https://adfeedbackhub.com/meta-community-standard We understand that this situation may impact your current business. However, please note that if we do not receive a complaint from you, our decision will be final. Thank you for your understanding and collaboration. Sincerely, The Facebook Support Team! © No response from Facebook. Meta Platforms, Inc., Attention: Community Support, 1 Facebook Way, Menlo Park, CA 94025",0,1,0,0,FB Organic
2024-01-23,Thanks for raising a glass with us at this year's Halfway to Tales event! We can't wait to see you all out at #fooBar2024 fooBar fooBar fooBar,6,3280,0,0,FB Organic
2024-01-24,"Prioritizing your health and well-being is vital when working as a bartender. We asked our fooBar community what Bartender Welfare & Well-Being means to them - here's what they have to say fooBar is proud to provide grants to organizations and individuals dedicated to supporting and advancing bartenders' welfare and well-being around the world. Whether your project pertains to diversity & equity, healthcare, advocacy, or other areas for the betterment of the bartender community, we invite you to share your initiatives with us! Start your grant proposal by submitting a Letter of Intent by February 16, 2024, here: https://fooBar.org/initiatives/philanthropy/ fooBar fooBar #fooBar2024",2,1076,0,1,FB Organic
2024-01-25,"There's still time to apply to join the #CAPRedCoat class of 2024! Our cocktail apprentices have gained extensive experience working and managing large-scale, high-volume events while providing an invaluable service to fooBar and the industry as a whole. ⁠ Submissions close in 1 week on Feb. 1, 2024! Apply now to receive world-class education + mentorship at fooBar here:⁠ https://fooBar.org/initiatives/cocktail-apprentice-program/ ⁠ #CAPRedCoat2024 #CAP2024 #fooBar2024",4,2982,0,1,FB Organic
2024-01-26,"Mythology buffs everywhere are sure to join us in eyeing this Osiris' Fortune recipe from J.A. Harrison, Bar Director of Honeytree Meadery! 1.25 oz Fords Gin 0.25 oz Yellow Chartreuse 2.0 oz Root Juice Blend 0.5 oz Lemon Juice Combine ingredients in tin, shake, and strain into a kölsch glass over ice Wanna know how to make the root juice blend? Head over to Honeytree Meadery's page for the recipe! fooBar aims to support the worldwide cocktail community by sharing bartenders' creative concoctions & innovative recipes. Submit yours for an opportunity to be featured on our channels here: https://forms.gle/PjDunJWdgnEt7QnS9 fooBar",4,3429,0,0,FB Organic
2024-01-29,"Nominations are now OPEN for the 18th annual Spirited Awards® Submit your nomination before February 20th, 2024 - and remember: it only takes 1 nomination to be considered and self-nominations are both accepted and encouraged!⁠ And a big round of applause for the Overall 2024 Spirited Awards Chair, Charlotte Voisey! ""As we start the Spirited Awards process for 2024 we don’t know who will be claiming those plates, but what we do know is that 100% of winners are nominated so now is the time to take action!"" says Charlotte. ⁠ Learn more about the #SpiritedAwards and submit your nomination here: https://fooBar.org/events/spirited-awards/ #2024SpiritedAwards fooBar fooBar #fooBar2024 fooBar",7,4168,0,11,FB Organic
2024-01-30,"""I'd like a cheeseburger, please, large fries, and a Cosmopolitan."" Channel your inner Carrie Bradshaw with this decadent Cosmopolitan recipe from Yelena Anter, @cocktail.vision 1.5 oz Citrus-Flavored Vodka 3/4 oz Premium Triple Sec .5 oz Cranberry Juice .5 oz Fresh Lime Juice Shake all ingredients with ice & double-strain into a chilled cocktail glass. Garnish with rose-flavored cotton candy, an edible glitter sidecar, and one edible orchid fooBar aims to support the worldwide cocktail community by sharing bartenders' creative concoctions & innovative recipes. Submit yours for an opportunity to be featured on our channels here: https://forms.gle/PjDunJWdgnEt7QnS9 fooBar",11,4352,0,0,FB Organic
2024-02-01,We love a good twist on a classic cocktail! You'll be sure to fall head-over-heels for thisYucatán 75recipe from Techo Beso 0.75 oz Butterfly Pea Tea Infused Gin 0.5 oz Rose Syrup 0.5 oz Lemon Juice Topped with Prosecco Garnish with Orchid fooBar aims to support the worldwide cocktail community by sharing bartenders' creative concoctions & innovative recipes. Submit yours for an opportunity to be featured on our channels: https://forms.gle/PjDunJWdgnEt7QnS9 fooBar,5,3041,0,0,FB Organic
2024-02-02,"Introducing the Spirited Awards Co-Chairs for the Asia Pacific and Middle East & Africa regions! The 2024 Regional Committees are comprised of respected bartenders, bar owners, educators, and writers from across the globe. Drawing on their years of experience, the Co-Chairs lead their committees to evaluate individuals and establishments from within their region to ensure that the Spirited Awards are inclusive and represent the breadth and diversity of the global drinks industry. ⁠ Learn more about the #SpiritedAwards and submit your nomination here: https://fooBar.org/events/spirited-awards/ #2024SpiritedAwards fooBar fooBar #fooBar2024 fooBar",15,2820,0,1,FB Organic
2024-02-06,Only 2 weeks left to submit your nominations for the 18th Annual Spirited Awards! ⁠ ⁠ Vote for your friends! Vote for yourselves! Just remember: it only takes 1 nomination to be considered. ⁠ Submit your nomination today: https://fooBar.org/events/spirited-awards/ #2024SpiritedAwards fooBar fooBar #fooBar2024 fooBar,3,1416,0,1,FB Organic
2024-02-07,"Introducing the Spirited Awards Co-Chairs for the Canada, Europe, and Latin America & Caribbean regions! The 2024 Regional Committees are comprised of respected bartenders, bar owners, educators, and writers from across the globe. Drawing on their years of experience, the Co-Chairs lead their committees to evaluate individuals and establishments from within their region to ensure that the Spirited Awards are inclusive and represent the breadth and diversity of the global drinks industry. ⁠ Learn more about the #SpiritedAwards and submit your nomination here: https://fooBar.org/events/spirited-awards/ #2024SpiritedAwards fooBar fooBar #fooBar2024 fooBar",17,5462,0,7,FB Organic
2024-02-08,"This month, we're featuring The Bourbon Boyz as we celebrate Black History Month! The Bourbon Boyz are doing incredible work in their field by creating a space for beats, bars, and spirits to intersect Want to celebrate with us?! We've got the first look at their signature cocktail, ""Beats, Bars & Bourbon: A Cocktail Best Served Cool"" 1/4 oz. CAnE Mixers sweet potato syrup 2 dashes Angostura bitters 2 oz. Uncle Nearest 1856 bourbon Garnish with Orange peel You can read their full editorial & how to mix this cocktail here: https://fooBar.org/uncategorized/celebrating-black-history-month-with-beats-bars-bourbon/ #BlackHistoryMonth fooBar",19,3235,3,4,FB Organic
2024-02-09,"There's still time to join us on our mission to aid in the welfare + well-being of bartenders and service workers across the globe! If you have a project that focuses on improving the lives of bartenders and hospitality workers in the areas of equity, mental health services, and more, we want to hear about it! ⁠ ⁠ Submissions close on February 16, 2024. Join our mission by submitting a grant proposal here:⁠ https://fooBar.org/initiatives/philanthropy/ ⁠ fooBar fooBar #fooBar2024 fooBar",2,1030,0,0,FB Organic
2024-02-12,"We want to wish you all a very merry Mardi Gras! In anticipation of tomorrow's celebrations, we've teamed up with #spiritedawards winner Jewel of the South to bring y'all a special seasonal cocktail, the Harlequin Jewel of the South's twist on a classic Negroni pays homage to Italian Neopolitan theater & the character that acts as an unofficial mascot in Italy's Carnival celebrations! You can learn more about past Spirited Awards winners & honorees here: https://fooBar.org/events/spirited-awards/ fooBar #mardigras",10,3256,0,1,FB Organic
2024-02-13,"When the service industry works together, we can affect change in the industry and our lives. We are proud to announce our new Policy Initiative! The fooBar Policy Committee invites all bartenders in the United States to join the fooBar Foundation Bar Professional Policy Network Are you with us? As proponents for change, our objective includes providing resources for both the employee and employer on labor standards and protections, information regarding access to healthcare benefits, and more - all supported with an emphasis on diversity and inclusion. Learn more about our new initiative & get involved here: https://fooBar.org/initiatives/policy-initiative/",13,2421,0,1,FB Organic
2024-02-14,"The best gifts are shared with the ones you love There's still time to book your luxury hotel rooms & suites for fooBar! Get ready to sip, savor, and sizzle with your loved ones! ⁠ ⁠ From our Tales team to yours, Happy #ValentinesDay! ⁠ ⁠ #fooBar2024 fooBar",6,2270,0,0,FB Organic
2024-02-15,"Introducing the Spirited Awards Co-Chairs for the US Regions - West, East, and Central! The 2024 Regional Committees are comprised of respected bartenders, bar owners, educators, and writers from across the globe. Drawing on their years of experience, the Co-Chairs lead their committees to evaluate individuals and establishments from within their region to ensure that the Spirited Awards are inclusive and represent the breadth and diversity of the global drinks industry. ⁠ Learn more about the #SpiritedAwards and submit your nomination here: https://fooBar.org/events/spirited-awards/ #2024SpiritedAwards fooBar fooBar #fooBar2024 fooBar",28,5565,2,5,FB Organic
2024-02-16,"THE GRANT PROPOSAL DEADLINE HAS BEEN EXTENDED! ⁠ ⁠⁠ Great news! There's still time to join us on our mission to aid in the welfare + well-being of bartenders and service workers around the world! If you have a project that focuses on improving the lives of bartenders and hospitality workers in the areas of equity, mental health services, and more, we want to hear about it! ⁠ ⁠ Submissions close at 11:59 p.m. CST on Monday, February 19, 2024. Join our mission by submitting a grant proposal here:⁠ https://fooBar.org/initiatives/philanthropy/ ⁠ fooBar fooBar #fooBar2024 fooBar",2,801,0,0,FB Organic
2024-02-19,"Introducing the Spirited Awards Co-Chairs for Writing, Media, and Books! The 2024 Writing, Media, and Books Co-Chairs and Committee are comprised of respected bartenders, bar owners, educators, and writers from across the globe. Judges evaluate nominations from far and wide, to ensure that the Spirited Awards are inclusive and represent the breadth and diversity of the global drinks industry ⁠ Learn more about the #SpiritedAwards and submit your nomination here: https://fooBar.org/events/spirited-awards/ #2024SpiritedAwards fooBar #fooBar2024 fooBar",17,2628,1,6,FB Organic
2024-02-22,We want to wish you all a very happy National Margarita Day! Get into the celebratory spirit with us by checking out this Cima Special recipe from Bar Cima NYC 1 oz Reposado Tequila 1/2 oz Mezcal 1/2 oz passion fruit liqueur 1/2 oz pineapple juice 1/2 oz lime juice 1/2 oz hot honey Shake & strain in a rocks glass rimmed with a smoked guajillo/tajin blend. Add ice & garnish with a dehydrated lime wedge. fooBar aims to support the worldwide cocktail community by sharing bartenders' creative concoctions & innovative recipes. Submit yours for an opportunity to be featured on our channels here: https://forms.gle/PjDunJWdgnEt7QnS9 fooBar #margarita #nationalmargaritaday,6,1746,0,0,FB Organic
2024-02-24,"It's #WorldBartenderDay every day to us! Bartenders are the pillars of our community and, as a local, national, and international non-profit organization, our platform seeks to act as a catalyst to educate, advance, and support our community as a whole! ⁠ ⁠ We can't wait to see your skills at fooBar! fooBar",16,3952,2,0,FB Organic
2024-02-26,"Our 12 Most Imaginative Bartender Finalists brought some sunshine to the UK last month on their trip to London and The Bombay Sapphire Distillery! The week was packed with a guided distillery tour by Master Distiller, Dr. Anne Brock – where our finalists learned more about the vapor distillation process of the world-famous gin and enjoyed creativity seminars and new cultural experiences (all while sipping on a few martinis ) See you all in April for the finals, when one incredible finalist will be awarded the title of Most Imaginative Bartender 2024 fooBar #MostImaginativeBartender2024 #MIB2024",10,3332,0,0,FB Organic
2024-02-29,How are you spending your extra day this #leapyear? Take a moment to check out this out-of-this-world recipe for The Wave Length from Big Shakers & Chaz Logan at Highlands! 2oz gin 3/4oz of lime juice 1/2oz of basil cucumber syrup 1/2oz of Aloe Vera liqueur Garnish with a dehydrated lime slice & serve in a Nic and Nora glass fooBar aims to support the worldwide cocktail community by sharing bartenders' creative concoctions & innovative recipes. Submit yours for an opportunity to be featured on our channels here: https://forms.gle/PjDunJWdgnEt7QnS9 fooBar,5,1524,2,0,FB Organic
2024-03-01,"In her featured editorial, 2023 Tales Catalyst International Honoree Anistatia Miller sheds light on how her background informed what inspired her to pursue the path she's on now and learning how to accept being welcomed into a community. Applications for 2024 Tales Catalyst open on March 4th, 2024 To read more about how Anistatia carved a space for herself in the global spirits industry, and what advice she has for those just starting out, click here:⁠ https://fooBar.org/industrynews/an-interview-with-anistatia-miller-2023-tales-catalyst-international-honoree/ ⁠ fooBar #TalesCatalyst fooBar",11,1980,0,2,FB Organic
2024-03-04,"The 2024 Tales Catalyst Luncheon Nominations are open!⁠ ⁠ The Tales Catalyst Luncheon aims to honor those who are working for the accessibility & intersectionality of the drinks industry. If you know someone who has impacted you by making a lasting change in the industry through inspiring or influencing equity and inclusion, we want to know! ⁠ ⁠ Nominations for #2024TalesCatalysts Honorees close on March 18th at 11:59 PM EST. Submit yours here: https://fooBar.org/events/catalyst/",2,1307,0,0,FB Organic
2024-03-05,"Looking to put a spin on your staple sweet drink? Be sure to check out this recipe for a decadent Maple Manhattan from Danni Kieta, Beverage Manager at Say Cheese Restaurant! 1.5 oz Maple Whiskey 1/2 oz Carpano Antica 3/4 oz Apple Jack 4 Dashes of Black Walnut Bitters fooBar aims to support the worldwide cocktail community by sharing bartenders' creative concoctions & innovative recipes. Submit yours for an opportunity to be featured on our channels here: https://forms.gle/PjDunJWdgnEt7QnS9 fooBar",4,5388,0,2,FB Organic
2024-03-06,"In her featured editorial, 2023 Tales Catalyst U.S. Honoree Tara Fougner tells us what it means to be a self-made entrepreneur and her vision to focus on real, human stories over selling a product. Applications for 2024 Tales Catalyst close on March 18th, 2024 To read more about how Tara carved a space for herself in the global spirits industry, and what a service-based mission means to her, click here: https://fooBar.org/events/catalyst/ ⁠ fooBar #TalesCatalyst fooBar",5,1616,0,0,FB Organic
2024-03-08,"In honor of International Women's Day, we proudly celebrate the remarkable women who bring passion, dedication, and brilliance to our team! ⁠ ⁠ From the forefront to behind-the-scenes, their contributions are the foundation of our success. Join us in applauding the incredible women who uplift and empower our organization ⁠ #WHM fooBar #InternationalWomensDay",15,3516,0,0,FB Organic
2024-03-11,"Checking in to fooBar? We recommend checking out the charm, convenience and culture our event hotel blocks have to offer: ⁠ ⁠ Courtyard Marriott New Orleans French Quarter/Iberville Four Seasons Hotel Holiday Inn Chateau LeMoyne⁠ Hyatt Centric French Quarter New Orleans⁠ Magnolia Hotel⁠ Maison de la Luz The Roosevelt New Orleans Waldorf Astoria Hotel⁠ ⁠ fooBar attendees are invited to secure their stay early for the July 21 - 26 global cocktail conference. Learn more about our hotel blocks here: https://fooBar.org/events-book-hotel/ ⁠ fooBar fooBar #fooBar2024 fooBar",3,1276,0,0,FB Organic
2024-03-12,Need something a little more refreshing now that spring is just around the corner? We've got just the trick with this recipe for a delightful twist on a classic margarita: the Watermelon from The Social Den HK 45ml of tequila 60ml of Watermelon-Makrut 10ml of Shaoxing wine 1 drop of sesame soy sauce 1 drop of spring onion solution fooBar aims to support the worldwide cocktail community by sharing bartenders' creative concoctions & innovative recipes. Submit yours for an opportunity to be featured on our channels here: https://forms.gle/PjDunJWdgnEt7QnS9 fooBar,9,1617,0,0,FB Organic
2024-03-17,"It's St. Patrick's Day and we know just the way to celebrate! We've teamed up with 2023 #SpiritedAwards Regional Honoree for ""Best International Bar Team - Europe"" BAR 1661 to bring y'all a special #stpaddysday cocktail, The Belfast Coffee ⁠ ⁠ You can learn more about past Spirited Awards winners & honorees here: https://fooBar.org/events/spirited-awards/",9,2727,0,0,FB Organic
2024-03-18,"Still searching for the right hotel for your time at #fooBar2024? Take a look at The Roosevelt New Orleans Waldorf Astoria Hotel, one of our partner hotels for fooBar! ⁠ ⁠ Open since 1893 and once home to Louisiana’s legendary governor, Huey P. Long, The Roosevelt New Orleans Waldorf Astoria Hotel allows you to explore the French Quarter one block from the doors! Take in city views from the rooftop pool and discover authentic New Orleans flavors at the hotel restaurants. ⁠ Event attendees are invited to secure their stay early, as event reservations for this hotel close on June 20th, 2024. Learn more about our hotel blocks here: https://fooBar.org/events-book-hotel/",0,1352,0,0,FB Organic
2024-03-20,"We're counting down the days until we can see your smiling faces at #fooBar2024! If you haven't already, be sure to book your stay with any of our incredible partner hotels! Tickets for fooBar go on sale on World Cocktail Day, May 13th, 2024 Learn more about our hotel blocks here: https://fooBar.org/events-book-hotel/",7,3046,2,2,FB Organic
2024-03-25,"Still searching for the right hotel for your time at #fooBar2024? Take a look at Maison de la Luz, one of our partner hotels for fooBar! ⁠ ⁠ A place for reverie and proper Southern swoon, Maison de la Luz finds beauty in the curious and defines luxury as moving through the world with grace. With 67 resplendent guest rooms & suites, private sanctuaries, and bespoke concierge service, Maison de la Luz is a lighthouse for the senses! ⁠ Event attendees are invited to secure their stay early, as event reservations for this hotel close on June 20th, 2024. Learn more about our hotel blocks here: https://fooBar.org/events-book-hotel/",3,1418,0,3,FB Organic
2024-03-26,"Celebrate #WomensHistoryMonth with the women of the fooBar Cocktail Apprentice Program Leadership! In their feature editorial, these CAP leaders reflect on dismantling barriers within the hospitality sector and celebrating the contributions of women in bartending. ⁠ ⁠ Want to celebrate with us? We've got the first look at their signature cocktail, ""Paving the Way"" 1.5 Mezcal (not too smokey) 0.5 oz. Ancho Reyes Chili Liqueur 1.5 oz Freshly Juiced Ripe Pineapple 0.25 oz. Lime Syrup 2 - 3 dashes The Bitter Bottle Roasted Dandelion Root Bitters Garnished with an Ancho Chili Salt Rim and a fresh dandelion ⁠ Find our full interview with Cris, Juyoung, Kaleena, and Alexis here: https://fooBar.org/in-depth/evolving-inclusion-in-the-hospitality-industry/",6,1627,0,1,FB Organic
2024-03-28,Is it time to take care of a little spring cleaning? We've got just the inspo to get you all ready to toss those old love letters! Check out the Fool Me Once from Causwells and Elmer Mejicanos 1.5oz Blanco tequila .5oz select aperitif 1oz passion fruit syrup .5oz lemon 1oz egg white 2oz seltzer water Garnish with 3 pieces of edible rice paper (love letter) & lightly dust the top with corn ash (burnt corn masa). fooBar aims to support the worldwide cocktail community by sharing bartenders' creative concoctions & innovative recipes. Submit yours for an opportunity to be featured on our channels here: https://forms.gle/PjDunJWdgnEt7QnS9 fooBar,5,1421,0,0,FB Organic
2024-04-01,"Still searching for the right hotel for your time at #fooBar2024? Take a look at the Courtyard New Orleans French Quarter/Iberville, one of our partner hotels for fooBar! ⁠ ⁠ Ideally located near celebrated attractions in New Orleans, the Courtyard Marriott New Orleans French Quarter/Iberville offers 4-star rooms and suites, a restaurant and bar, and a fitness center. ⁠ Event attendees are invited to secure their stay early, as event reservations for this hotel close on June 21st, 2024. Learn more about our hotel blocks here: https://fooBar.org/events-book-hotel/",1,1385,0,0,FB Organic
2024-04-03,"Spring is in full swing, everyone! With the days getting longer and temperatures creeping up, why not grab a refreshing cocktail to keep spirits high?! Check out this Grand Canyon Crusher recipe from The Grand Canyon Brewing Company 1.5oz rum 3/4oz passion fruit liqueur 1/4oz blackberry liqueur 1/2oz Rich Simple (2:1) 1/2oz lemon juice Garnish with frosted blackberries, dehydrated lemon, and a slap of mint fooBar aims to support the worldwide cocktail community by sharing bartenders' creative concoctions & innovative recipes. Submit yours for an opportunity to be featured on our channels here: https://forms.gle/PjDunJWdgnEt7QnS9 fooBar",10,1742,0,0,FB Organic
2024-04-05,Ahoy! Hendrick's Expedition Cocktail is back! We're delighted to join forces once more with Hendrick's Gin to present this extraordinary program. Embark on a unique and innovative educational experience where progressive journeys could lead you to the Hendrick’s Gin Palace! Stay tuned for an event coming to a city near you: https://www.eventbrite.com/e/hendricks-expedition-cocktail-austin-tickets-853098870687?aff=oddtdtcreator #HendricksExpeditionCocktail,11,3240,0,5,FB Organic
2024-04-08,"Still searching for the right hotel for your time at #fooBar2024? Take a look at the Magnolia Hotel, one of our partner hotels for fooBar! ⁠ ⁠ Just steps away from the French Quarter’s world-renowned nightlife and distinguished architecture, find yourself strolling Bourbon Street as the sounds of famed jazz clubs and the scents of Cajun cuisine and local cocktails tempt the senses. ⁠ Event attendees are invited to secure their stay early, as event reservations for this hotel close on June 20th, 2024. Learn more about our hotel blocks here: https://fooBar.org/events-book-hotel/",3,1511,0,0,FB Organic
2024-04-09,"This is for all the classic cocktail lovers out there Celebrate National Gin & Tonic Day with us & our new friends, Welton Room Check out their recipe for a delectable New World Gin & Tonic below 2 oz Gin .75 oz house-made Chinchona Tonic .5 oz Lime Juice 1.5 oz Egg White a few dashes of Angostura Bitters Garnish with rose petals fooBar aims to support the worldwide cocktail community by sharing bartenders' creative concoctions & innovative recipes. Submit yours for an opportunity to be featured on our channels here: https://forms.gle/PjDunJWdgnEt7QnS9 fooBar #ginandtonic #nationalginandtonicday",8,1566,0,0,FB Organic
2024-04-12,"As fooBar gets closer, we can't help but look back on last year's #SpiritedAwards! Join us in raising a glass to the 2023 Helen David Lifetime Achievement Award Winner, Desmond Payne, MBE This award recognizes the achievement of an individual who has made significant contributions and lasting impact in the hospitality industry throughout their career! Keep an eye on our channels because we'll announce the #2024SpiritedAwards Regional Top 10 Honorees on April 18th⁠! You can learn more about one of the industry’s most sought-after awards here: https://fooBar.org/events/spirited-awards/⁠⁠ ⁠ Special thanks to Forbes, our 2024 Spirited Awards Official Media Partner.",5,1122,0,0,FB Organic
2024-04-15,"Still searching for the right hotel for your time at #fooBar2024? Take a look at the Hyatt Centric French Quarter New Orleans, one of our partner hotels for fooBar! ⁠ ⁠ Start your New Orleans journey at Hyatt Centric French Quarter New Orleans, the upscale hotel in the heart of the action in the vibrant French Quarter. With classic architecture, creative cuisine, and the lively Bourbon Street scene, you’ll find that the fun never ends! ⁠ Event attendees are invited to secure their stay early, as event reservations for this hotel close on June 22nd, 2024. Learn more about our hotel blocks here: https://fooBar.org/events-book-hotel/",1,1547,0,1,FB Organic
2024-04-18,"Drumroll, please... The 18th Annual Spirited Awards® Regional Top 10 Honorees are here! ⁠ ⁠ fooBar’s 2024 Spirited Awards® Regional Top 10 Honorees recognize the following categories in 8 global regions:⁠ ⁠ Best U.S. Bar Team presented by @williamgrantusa Best International Bar Team presented by @fooBar Best U.S. Cocktail Bar presented by @delmaguey Best International Cocktail Bar presented by @patrontequila Best U.S. Hotel Bar presented by @GreyGoose Best International Hotel Bar presented by @fordsgin Best U.S. Restaurant Bar presented by @fooBar Best International Restaurant Bar presented by @ginmare Best New U.S. Cocktail Bar presented by @DiageoBarAcademy Best New International Cocktail Bar presented by @DiageoBarAcademy ⁠ Find the full list of honorees and more on one of the industry’s most sought-after awards here: https://fooBar.org/industrynews/tales-of-the-cocktail-foundation-announces-spirited-awards-2024-regional-top-10-honorees/ Special thanks to Forbes, our 2024 Spirited Awards Official Media Partner! #SpiritedAwards2024 #SpiritedAwards fooBar fooBar fooBar",14,2253,0,13,FB Organic
2024-04-20,This spring might be for the girls! Grab your She Wolves and party like it's 2005 with this stunning Rosehips Don't Lie from Lady Jane 1oz Vokda 1oz Rosehip Grenadine .5oz Heirloom “Alchermes” .75 oz Lime Juice 2d Sirene Galangal Bitters 1oz Sparkling Rosé Shake and fine strain over Hoshizaki ice in a goblet Garnish with 3 skewered cranberries & mint bouquet fooBar aims to support the worldwide cocktail community by sharing bartenders' creative concoctions & innovative recipes. Submit yours for an opportunity to be featured on our channels here: https://forms.gle/PjDunJWdgnEt7QnS9 fooBar,4,1721,0,0,FB Organic
2024-04-23,"Drumroll, please! The moment we've all been waiting for is here – the winners of the Good, Clean Fun Espresso Martini Competition have been crowned! After a whirlwind of speedy shakes and pristine pours, eight finalists emerged victorious - earning the coveted title of Espresso Martini Champions! Get ready to raise your glasses and cheer for our incredible winners as they prepare to jet off to the Absolut Akademi in Sweden for the experience of a lifetime! Photography: Atlas Media + Humar Miranda #GoodCleanFun",17,3134,0,0,FB Organic
2024-04-26,"On behalf of fooBar Foundation and Bombay Sapphire, we're excited to highlight this year's Most Imaginative Bartender – Elise Hanson, Bar Manager at Bar Raval in Toronto! She's bringing innovation to the bar scene with her project, Higher Harvests, turning local bar and restaurant rooftops into lush gardens to promote sustainability. Elise received a $20,000 grant to fund her initiative! Learn more about her initiative here: https://fooBar.org/behind-bar/tales-of-the-cocktail-foundation-and-bombay-sapphire-announce-the-2024-most-imaginative-bartender-elise-hanson/ Cheers to creativity and a brighter future! #MIB2024",18,3409,3,1,FB Organic
2024-04-27,"Still searching for the right hotel for your time at #fooBar2024? Take a look at the Four Seasons Hotel, one of our partner hotels for fooBar! ⁠ ⁠ Unlocking the authentic New Orleans, Four Seasons invites you to their landmark tower – a heritage icon with a central downtown location on the banks of the Mississippi River. ⁠ Event attendees are invited to secure their stay early, as event reservations for this hotel close on June 20th, 2024. Learn more about our hotel blocks here: https://fooBar.org/events-book-hotel/",2,1430,0,1,FB Organic
2024-04-29,"Still searching for the right hotel for your time at #fooBar2024? Take a look at the Holiday Inn Chateau LeMoyne, one of our partner hotels for fooBar! ⁠ ⁠ The French Quarter hotel, only a 10-minute walk to Jackson Square and Bourbon Street, makes this the ideal hotel for exploring New Orleans by walking or streetcar. Make reservations today to enjoy the charm and culture of this historic New Orleans hotel. ⁠ Event attendees are invited to secure their stay early, as event reservations for this hotel close on June 20th, 2024. Learn more about our hotel blocks here: https://fooBar.org/events-book-hotel/",1,1510,0,0,FB Organic
2024-04-30,"Are y'all ready?! Tickets for #fooBar2024 go on sale in TWO WEEKS! We cannot wait to see each and every one of you at fooBar! Be sure to keep an eye out over the coming weeks because we're gearing up to announce additional details, programs, events, and more! Tickets go on sale on World Cocktail Day, May 13th, 2024",2,1099,0,0,FB Organic
2024-05-01,"Introducing the 2024 CAP Red Coats! The Cocktail Apprentice Program (CAP) is an exclusive mentorship program for up-and-coming bartenders to learn alongside some of the biggest names in the business during #fooBar2024. The CAP Red Coat class includes 40 new apprentices who are selected to join the Cocktail Apprentice Program each year to learn the ropes and make the cocktails featured at fooBar You can learn more about the #CAP2024 class here: https://fooBar.org/industrynews/tales-of-the-cocktail-foundation-fooBar-announces-the-2024-cocktail-apprentice-program-cap-class/ Special thanks to our media partner, Pre Shift, an industry newsletter from Milk Punch and Eater #CAPRedCoat2024 fooBar fooBar",18,4302,1,4,FB Organic
2024-05-06,"In celebration of #AAPIHeritageMonth, we want to highlight incredible creations from AAPI-owned bars, restaraunts, and creators throughout May! Check out this House of Geisha recipe from the Monkey Bar team at Welton Room 1 1/2oz vodka 3/4oz Junmai Sake 3/4oz freshly squeezed lime juice 1/2oz simple syrup muddled cucumbers fooBar aims to support the worldwide cocktail community by sharing bartenders' creative concoctions & innovative recipes. Submit yours for an opportunity to be featured on our channels here: https://forms.gle/PjDunJWdgnEt7QnS9 fooBar",3,2432,0,0,FB Organic
2024-05-08,"We're celebrating #AAPIHeritageMonth with Caer Maiko Ferguson! In her feature editorial, Caer details her work creating spaces for Asian people, culture, and flavors in front of (and behind) the bar. ⁠ ⁠ Want to celebrate with us? We've got the first look at Caer's signature cocktail, the ""Crazy Rich Lychee Martini"" 1.25oz Gin 1.25oz Daijoubu Lychee Cordial* .25oz Pisco *You can find the full specs on how to make the Daijoubu Lychee Cordial & how to serve this cocktail in Caer's editorial!* ⁠ Find our full interview with Caer Maiko here: https://fooBar.org/people/celebrating-asian-pacific-american-heritage-month-unapologetically-normal/",3,2064,0,0,FB Organic
2024-05-10,"Tickets to the world's leading cocktail conference go on sale in THREE days! ⁠ ⁠ We are so excited to see you all at #fooBar2024! Whether you're joining us for a day, an evening, or the whole week, the time to secure your tickets is right around the corner ⁠ ⁠ fooBar fooBar",22,1167,3,0,FB Organic
2024-05-14,"Introducing the 2024 CAP Grey Coats! The Cocktail Apprentice Program (CAP) is an exclusive mentorship program for up-and-coming bartenders to learn alongside some of the biggest names in the business during #fooBar2024. The CAP Grey Coat class includes 20 apprentices selected to be the behind-the-scenes fooBar mentors and leaders! You can learn more about the #CAP2024 class here: https://fooBar.org/industrynews/tales-of-the-cocktail-foundation-fooBar-announces-the-2024-cocktail-apprentice-program-cap-class/ Special thanks to our media partner, Pre Shift, an industry newsletter from Punch and Eater fooBar fooBar",18,4507,0,4,FB Organic
2024-05-17,We're all for cocktails that would impress the likes of Daisy Buchanan! Check out this Beautiful Fool recipe from the bar team at The Gatsby Hawaii 1.5oz Pau Vodka 0.5oz Fids St. Gin 0.5oz salted sumac lychee syrup 0.75oz Blanco Spanish Vermouth 0.25oz lemon juice 2 dashes orange bitters Garnish with candied lychee & sprinkled sumac fooBar aims to support the worldwide cocktail community by sharing bartenders' creative concoctions & innovative recipes. Submit yours for an opportunity to be featured on our channels: https://forms.gle/PjDunJWdgnEt7QnS9 fooBar,12,2256,0,0,FB Organic
2024-05-20,"Still deciding the best ticket type for your #fooBar2024 experience? Why not check out our Seminar & Tasting Week Pass! This discounted package is the best way to experience fooBar with access to Seminars, Wellness Workshops, and Tasting Rooms, including all brand education, turn-key bars, and experiential tastings You can learn more about the fooBar ticket packages here: https://fooBar.org/tickets/",7,2339,1,7,FB Organic
2024-05-21,"Introducing the 2024 CAP Black Coats! The Cocktail Apprentice Program (CAP) is an exclusive mentorship program for up-and-coming bartenders to learn alongside some of the biggest names in the business during #fooBar2024. The CAP Black Coat class includes 4 Cocktail Apprentices who assist fooBar with their detail-oriented work to both support and manage the CAP Grey Coat and Red Coat classes! You can learn more about the #CAP2024 class here: https://fooBar.org/industrynews/tales-of-the-cocktail-foundation-fooBar-announces-the-2024-cocktail-apprentice-program-cap-class/ Special thanks to our media partner, Pre Shift, an industry newsletter from Milk Punch and Eater fooBar fooBar",4,2092,0,0,FB Organic
2024-05-23,"Founded in 2002, #fooBar has grown from an annual walking tour of historic New Orleans cocktail bars into the world’s premier cocktail festival. With hundreds of opportunities developed specifically for bartenders, distillers, bar and spirits professionals, and other cocktail enthusiasts, fooBar would not be possible without the support of our volunteers. Please consider volunteering your time to make the most of your trip to New Orleans and support the conference - all volunteers who serve more than 10 hours will earn a free Tasting Week Pass! You can learn more about volunteer opportunities for #fooBar2024 here: https://fooBar.org/get-involved/volunteer/ fooBar fooBar",4,2296,0,5,FB Organic
2024-05-28,"Introducing the 2024 CAP White Coats! The Cocktail Apprentice Program (CAP) is an exclusive mentorship program for up-and-coming bartenders to learn alongside some of the biggest names in the business during #fooBar2024. The CAP White Coat class includes 5 - 6 experienced Cocktail Apprentices responsible for managing and directing the entire Cocktail Apprentice Program during fooBar! You can learn more about the #CAP2024 class here: https://fooBar.org/industrynews/tales-of-the-cocktail-foundation-fooBar-announces-the-2024-cocktail-apprentice-program-cap-class/ Special thanks to our media partner, Pre Shift, an industry newsletter from Milk Punch and Eater",4,1741,0,1,FB Organic
2024-05-29,"Cheers to the 18th Annual Spirited Awards Top 10 Nominees! ⁠ The 2024 Spirited Awards celebrate global excellence in the drinks industry and recognize professionals, organizations, and establishments shaping the cocktail community. The Top 10 Nominees award categories include: ⁠ ⁠ U.S. Bartender of the Year presented by @pernodricardusa International Bartender of the Year presented by @fooBar Best U.S. Bar Mentor presented by @jamesonwhiskey Best International Bar Mentor presented by @fooBar Best U.S. Brand Ambassador presented by @fooBar Best International Brand Ambassador presented by @fooBar Best U.S. Bar Team presented by @williamgrantusa Best International Bar Team presented by @fooBar Best U.S. Cocktail Bar presented by @delmaguey Best International Cocktail Bar presented by @patrontequila Best U.S. Hotel Bar presented by @GreyGoose Best International Hotel Bar presented by @fordsgin Best U.S. Restaurant Bar presented by @fooBar Best International Restaurant Bar presented by @ginmare Best New U.S. Cocktail Bar presented by @DiageoBarAcademy Best New International Cocktail Bar presented by @DiageoBarAcademy World’s Best Cocktail Menu presented by @DiageoBarAcademy World’s Best Spirits Selection presented by @fooBar Best New Spirit or Cocktail Ingredient presented by @fooBar Best Cocktail & Spirits Writing presented by @fooBar Best Cocktail & Spirits Publication presented by @fooBar Best Broadcast, Podcast, or Online Video Series presented by @fooBar Best New Cocktail or Bartending Book presented by @fooBar Best New Book on Drinks Culture, History, or Spirits presented by @fooBar ⁠ You can find the full list of nominees here:⁠ https://fooBar.org/industrynews/tales-of-the-cocktail-foundation-announces-top-10-nominees-for-the-2024-spirited-awards/ ⁠ Special thanks to Forbes, our 2024 Spirited Awards Official Media Partner.⁠ ⁠ #SpiritedAwards2024 #SpiritedAwards #2024SATop10 fooBar fooBar #fooBar2024 fooBar",7,3737,3,13,FB Organic
2024-06-01,"Happy Pride Month, everyone! As we kick off this special month, we celebrate the beautiful diversity within our community! This is a time to honor the courage, resilience, and strength of our LGBTQIA+ peers, and to reaffirm our commitment to creating a world that celebrates and embraces our differences. We cannot wait to celebrate with you all at #fooBar2024! #pride #pridemonth fooBar fooBar",6,946,2,0,FB Organic
2024-06-06,"#PrideMonth is in full swing and we have just the cocktail recipe to celebrate with! Check out this Don't Ask, Don't Tell from The Modern, submitted by Collin Azevedo 1.5 Oz Empress Gin .5 Oz Velvet Falernum .75 Oz Sesame Orgeat .75 Oz Lemon Juice Garnish with a lemon peel and your favorite #pride flag fooBar aims to support the worldwide cocktail community by sharing bartenders' creative concoctions & innovative recipes. Submit yours for an opportunity to be featured on our channels here: https://forms.gle/PjDunJWdgnEt7QnS9 fooBar",11,4274,1,0,FB Organic
2024-06-10,"We are so excited to announce our #CAP2024 White Coat Advisor: Cris Dehlavi! A Cocktail Apprentice since 2010, Cris became a Black Coat in 2013 and the first female White Coat in 2015. In 2016, she was inducted into the Dame Hall of Fame (now known as Tales Catalyst) and continued evolving the #CocktailApprenticeProgram with her fellow white coats, mentoring new classes every year. Among her many achievements, Cris has completed the highly respected Bar 5-Day program, WSET Level 3 in Spirits, Level One Sommelier, and most recently received her General Certificate in Distillation. To read more about our #CAP2024 class, click here: https://fooBar.org/industrynews/tales-of-the-cocktail-foundation-fooBar-announces-the-2024-cocktail-apprentice-program-cap-class/",28,3414,3,0,FB Organic
2024-06-11,"From day to night, fooBar® has you covered! All attendees are invited to join in the fun at any of our By Invitation Events, hosted by our amazing sponsors at iconic New Orleans venues! Brands also host exclusive events that are invitation-only and only allow a lucky few in. Be sure to RSVP to any of our incredible events ahead of fooBar to secure your spot through our Conference Agenda: https://fooBar.org/by-invitation-events/ We can't wait to show you all what unforgettable moments #fooBar2024 has in store!",7,2015,1,9,FB Organic
2024-06-13,"Learn the latest tricks of the trade and grow in your career at #fooBar2024 Seminars! Aimed at educating people in the drinks industry, our 2024 seminars’ themes of Business, Culture, and Beyond the Bar offer relevant content applicable to today’s bartenders, managers, and owners. ⁠ fooBar strives to bring innovative, inclusive, and stimulating educational programming to the annual conference. Learn more about the fooBar seminars here: https://fooBar.org/seminars/",4,1340,0,1,FB Organic
2024-06-14,"Raise a glass to New Orleans' cocktail heritage with fooBar®'s exclusive Cocktail Tours! From the storied streets of Bourbon Street to the hidden gems of the Big Gay Bar Tour, each excursion offers a tantalizing glimpse into the city's libation legacy. Don't just drink -- dive into history! ⁠ ⁠ Special thanks to NOLA.com, the Official Media Partner of #fooBar2024 Cocktail Tours! ⁠ To learn more about our 2024 Cocktail Tours, click here: https://fooBar.org/new-orleans-cocktail-tours/ fooBar fooBar",2,1413,0,0,FB Organic
2024-06-17,"Your 2024 Spirited Awards Top 4 Finalists are here! ⁠ The Top 4 Finalists award categories include:⁠ ⁠ U.S. Bartender of the Year presented by @pernodricardusa International Bartender of the Year presented by @bodegaslustau Best U.S. Bar Mentor presented by @jamesonwhiskey Best International Bar Mentor presented by @fooBar Best U.S. Brand Ambassador presented by @fooBar Best International Brand Ambassador presented by @fooBar Best U.S. Bar Team presented by @williamgrantusa Best International Bar Team presented by @fooBar Best U.S. Cocktail Bar presented by @delmaguey Best International Cocktail Bar presented by @patrontequila Best U.S. Hotel Bar presented by @GreyGoose Best International Hotel Bar presented by @fordsgin Best U.S. Restaurant Bar presented by @fooBar Best International Restaurant Bar presented by @ginmare Best New U.S. Cocktail Bar presented by @DiageoBarAcademy Best New International Cocktail Bar presented by @DiageoBarAcademy World’s Best Cocktail Menu presented by @DiageoBarAcademy World’s Best Spirits Selection presented by @fooBar Best New Spirit or Cocktail Ingredient presented by @fooBar Best Cocktail & Spirits Writing presented by @fooBar Best Cocktail & Spirits Publication presented by @fooBar Best Broadcast, Podcast, or Online Video Series presented by @fooBar Best New Cocktail or Bartending Book presented by @fooBar Best New Book on Drinks Culture, History, or Spirits presented by @fooBar ⁠ Learn more about this year’s finalists here: https://fooBar.org/industrynews/tales-of-the-cocktail-foundation-announces-2024-spirited-awards-top-four-finalists/ ⁠ Special thanks to Forbes, our 2024 Spirited Awards Official Media Partner.",12,4362,0,31,FB Organic
2024-06-19,"We're celebrating this #Juneteenth with Keyatta Mincey-Parker! In her feature editorial, Keyatta details the importance of acknowledge the hospitality industry's past shortcomings while also honoring the stories, cultures, and people behind each drink. ⁠ Want to celebrate with us? We've got the first look at Keyatta's signature cocktail, the Afternoon In The Garden 2oz Amaro Georgiano 3oz Prosecco 2oz Montaine Honeysuckle Sparkling Water Garnish with dehydrated citrus or fresh herbs ⁠ Read our full interview with Keyatta here: https://fooBar.org/people/celebrating-heritage-through-hospitality-building-stronger-communities-in-the-cocktail-industry/",3,1100,0,0,FB Organic
2024-06-20,"Experience the perfect blend of taste and knowledge at the Bookstore & Bitters Market! Sample enticing bitters brands and peruse through a curated collection of the latest cocktail books. ⁠ Dive into the world of mixology, uncover hidden gems, and join in ""Shots of Inspiration"" sessions for enlightening conversations with fellow cocktail enthusiasts.⁠ Learn more about the #fooBar2024 Bookstore & Bitters Market here: https://fooBar.org/fooBar-conference-agenda/ fooBar fooBar",3,653,0,1,FB Organic
2024-06-20,"Experience the perfect blend of taste and knowledge at the Bookstore & Bitters Market, presented by Octavia Books! Sample enticing bitters brands and peruse through a curated collection of the latest cocktail books. ⁠ Dive into the world of mixology, uncover hidden gems, and join in ""Shots of Inspiration"" sessions for enlightening conversations with fellow cocktail enthusiasts.⁠ Learn more about the #fooBar2024 Bookstore & Bitters Market here: https://fooBar.org/fooBar-conference-agenda/ fooBar fooBar",2,777,0,0,FB Organic
2024-06-21,Need a refreshing cocktail to help you beat the heat this summer? We have just the thing! Check out this Rush recipe from Taylor Lax (@the.cocktail.bandit on Instagram)! .5oz Cold Brew Coffee Liqueur .75oz Kin Whiskey Banana Liqueur 1.25oz Amontillado Sherry Lustau 3oz Coconut Sparkling Water Non-Dairy Cream Garnish with Grated Cinnamon fooBar aims to support the worldwide cocktail community by sharing bartenders' creative concoctions & innovative recipes. Submit yours for an opportunity to be featured on our channels here: https://forms.gle/PjDunJWdgnEt7QnS9 fooBar,3,1774,0,0,FB Organic
2024-06-23,"Beyond the Bar® is more than a program—it's a movement. With exciting events like Day of Service, Networking Nook, and the 2024 Grant Recipient Showcase, our Beyond the Bar programming at fooBar offers a platform to tackle the pressing issues facing our industry. ⁠ Join our global community as we delve into vital topics like mental health, diversity, and sustainability to help shape the future of the drinks industry! You can register for the #fooBar2024 Day of Service here: https://forms.gle/UWfMSKN6nzz3bFZe9 ⁠ Special thanks to The Spill, the Official Media Partner of our Beyond the Bar® programming! ⁠ ⁠ fooBar",3,1253,0,0,FB Organic
2024-06-24,"Join Espolòn Tequila to celebrate 25 years of championing unapologetic originality! Revel in the raw energy and revolutionary spirit at Noche Neón, the fiesta to end all fiestas. Expect vibrant musical guests, bold celebrations, dazzling visuals inspired by street art, and excellent cocktails. Let’s raise a glass to Espolòn! RSVP here: https://camparitakestales2024.splashthat.com./ #CampariTakesTales2024 #fooBar2024",10,1955,0,5,FB Organic
2024-06-25,"Announcing the 2024 Spirited Awards Helen David Lifetime Achievement Award, Tales Visionary Award, Timeless U.S. Award, and Timeless International Award Winners! ⁠ These awards recognize an International and U.S.-based bar or individual that has contributed to the history of cocktails and/or spirits and is respected as an institution that has inspired the culture and growth of other bar professionals and/or establishments. We are proud to announce the following winners: ⁠ ⁠ Helen David Lifetime Achievement Award winner Hidetsugu Ueno Tales Visionary Award winner Colin Asare-Appiah Timeless U.S. Award winner The Buena Vista Timeless International Award winner Cafe Pacifico Join us in celebrating these industry icons at the 18th Annual Spirited Awards! You can grab your tickets here: ⁠https://www.ticketmaster.com/event/1B0060B7028B978C?did=fillmorenola24sa ⁠ Special thanks to Forbes, our 2024 #SpiritedAwards Official Media Partner.",11,1771,0,0,FB Organic
2024-06-26,"Congratulations to the 2024 Tales Catalyst Honorees: Becky Paskin, International Catalyst Honoree, and Keyatta Mincey Parker, U.S. Catalyst Honoree! ⁠ ⁠ Join us as we celebrate the 2024 Tales Catalyst Honorees on Tuesday, July 23rd! This celebration will honor these leaders who have made unique and lasting contributions to accessibility and intersectionality within the global spirits industry. ⁠ ⁠ Special thanks to our Tales Catalyst presenting sponsor Diageo Bar Academy and the Tales Catalyst Media Partners Beverage Media Group and SevenFifty Daily! ⁠ Learn more about this event and purchase your tickets here: https://fooBar.org/industrynews/tales-of-the-cocktail-foundation-announces-tales-catalyst-honorees/⁠ ⁠ #2024TalesCatalyst #TalesCatalyst fooBar #fooBar2024 fooBar",7,971,0,0,FB Organic
2024-06-27,"Cheers to 300 Years! Join Rémy Martin to celebrate their 300th Anniversary with specialty cocktails crafted by legends from Harry’s Bar, Accomplice, Allegory, and Turning Tables! Arrive before midnight for an exclusive surprise and stay for captivating performances throughout the night. Wednesday, July 24th – 11pm-2am The Chicory, 611 Fulton Street #remymartin300",13,994,1,0,FB Organic
2024-06-28,"We're celebrating #PrideMonth with Daddy Long Legs! In their feature editorial, they explore the intersections of being a Black, Queer, and Non-Binary bartender navigating predominately white spaces throughout their career. ⁠ Want to celebrate with us? We've got the first look at Daddy Long Legs' signature cocktail, The Lady Who Appears to be a Gentleman ⁠ 1.25 oz Goat Cheese & Honey Vodka 0.75 oz Strawberry Tomato Cordial 0.75 oz Ten-to-One Caribbean Rum 0.5 oz Martini and Rossi Dry Vermouth 0.25 oz lemon juice ⁠ Read our full interview with Daddy Long Legs here: https://fooBar.org/people/celebrating-pride-month-say-it-louder-for-the-people-in-the-back/",7,989,0,0,FB Organic
2024-06-29,"Celebrate the spirit of innovation at Meet the Distillers, where attendees and partners come together to explore the artistry behind spirits! ⁠ With over 30 distillers from around the globe, this event promises attendees the chance to sample a wide array of spirits while engaging with passionate creators. This year, we're excited to offer two sessions on Thursday, ensuring attendees have ample time to explore and discover new favorites! ⁠ Don't miss this opportunity to indulge your senses and connect with fellow spirits enthusiasts!",4,903,0,0,FB Organic
2024-06-30,"Elevate your fooBar experience with captivating Seminars at the renowned Ritz-Carlton, New Orleans! ⁠⁠ Attendees gain valuable insights into issues, trends, and innovations within the bar industry while sponsors enjoy prominent logo placement on the fooBar agenda and signage. ⁠ Join us at any of our incredible seminars as we aim to redefine the boundaries of spirits education! ⁠⁠ fooBar fooBar",2,751,0,0,FB Organic
2024-07-01,"Experience #fooBar2024 with Brown-Forman! We cannot wait for you all to experience: 1 Industry Night by Fords Gin: Enjoy global drink specials from around the globe, guest chef family meals, and epic beats from Miami’s finest 2 House of Herradura: Celebrate 150 years of Casa Herradura and the 50th anniversary of Reposado 3 A Spectacle for the Senses by Woodford Reserve: Discover the 200+ flavors of Woodford Reserve through cocktails from top bar talent Join us for unforgettable nights and amazing experiences! Keep an eye out for these RSVP links coming soon fooBar #BrownForman",7,1538,0,0,FB Organic
2024-07-03,"The New Orleans Spirits Competition, presented by fooBar Foundation, will honor the top spirits of the year and bring wider recognition to the best of the distilled spirits community. Who decides which products are the most outstanding? Some of the most respected and talented spirits industry leaders in the world! This year's judges include Dale DeGroff, Jeff “Beachbum” Berry, Clay Risen, Emma Janzen, Paul Clarke, Anu Apte, Bridget Albert, Martin Cate, Lisa Roper Wicker, Steve Beal, and many more. Check out the full list of incredible judges and join them in judging the top spirits in each category on July 22nd and 23rd at The Ritz Carlton: https://www.nolaspiritscomp.com/copy-of-judges-23 Special thanks to Imbibe, the Official Media Partner of the New Orleans Spirits Competition!",3,1195,0,3,FB Organic
2024-07-04,"Want to join fooBar in our pledge to support local bar sustainability? All event attendees are invited to join Edrington, fooBar Foundation, New Orleans Water Collaborative, and Green Light in a Day of Service on July 21, 2024! Volunteers will have the opportunity to learn about fooBar Foundation's sustainability initiatives, the history & intersection of water and justice in New Orleans, and paint rain barrels that will then go to bars and restaurants in the city! The deadline to sign up is July 10th - secure your spot here: https://forms.gle/xbwwChdbVY474M9n9 Special thanks to Edrington Americas, the official sponsor of #fooBar2024 Day of Service!",4,2239,0,0,FB Organic
2024-07-05,"At fooBar®, we believe in celebrating not just spirits, but also the rich culture of New Orleans. Join us for Spirited Dining events, where sponsors and local restaurants come together to create a gastronomic journey like no other. From innovative cocktail pairings to tantalizing signature drinks, it's a feast for the senses! Special thanks to Wine Enthusiast, the official Media Partner for #fooBar2024 Spirited Dining!",7,1593,0,0,FB Organic
2024-07-06,Are y'all ready for one of the most anticipated nights of the year?? The William Grant and Sons Portfolio Party at fooBar is coming up soon! (#iykyk) This year it's a Bombonera explosion of surprises and delights – curious to know more? Join us at the Orpheum Theater on July 23rd: https://urldefense.com/v3/__https:/www.eventbrite.com/e/la-bombonera-presented-by-william-grant-sons-at-tales-of-the-cocktail-tickets-927367490127?aff=oddtdtcreator__;!!N96JrnIq8IfO5w!gwijN5yIOxeZq4yTj0aoSUzAl81lB-2tf5D8rKvBNYDZ_YkwnHYPONKysrhHPREGiA0iG3Cn0RmnfdwoBMPjptY_aBC-K4GFqWo$ #fooBar2024 fooBar fooBar,12,2052,1,6,FB Organic
2024-07-07,"Get ready to mix it up at fooBar® with Guest Shifts! Experience unique collaborations between guest bartenders, local New Orleans venues, and brands. Let's shake things up together! ⁠⁠ fooBar fooBar",11,1787,0,0,FB Organic
2024-07-08,"Wanting to create your own fooBar agenda, RSVP to fooBar events, and stay in the know about all things fooBar 2024? There's an app for that! ⁠ ⁠ Our fooBar 2024 Whova App is now live! Download the Whova - Event & Conference App from the Google Play or Apple App Store to use the app — keep in mind that you must be a ticket holder who has completed registration to use the app. ⁠ All registered attendees can download the fooBar Whova App now: https://whova.com/portal/tales_202407/?source=text_link ⁠ fooBar #fooBar2024",1,1618,0,5,FB Organic
2024-07-09,"What do you get when you ask two top bars to curate an immersive experience that blends their two bar concepts together? Well, we can’t wait to show you in July! La Gran Familia Café is back for its second year at fooBar! ⁠ ⁠ Get excited because this year’s collaborators are ready to bring it You can learn more about this event here: https://www.bacardilgfevents.com/ ⁠ fooBar #fooBar2024",3,1520,0,6,FB Organic
2024-07-10,"Don't miss the New Orleans Spirits Competition championship rounds on July 22nd and 23rd at fooBar®! Taste the top six spirits along with the judges as part of a live audience while panels of experts determine which brands are worthy of being deemed Spirits of the Year. Then join us on Thursday, July 25th, to learn who won the top awards, sample some of the medal-winning spirits, and chat with the New Orleans Spirits Competition judges, founders, and many of the distillers who make the winning products! Learn more and purchase your tickets here: https://fooBar.org/tickets/ Special thanks to Imbibe, the Official Media Partner of the New Orleans Spirits Competition!",2,1490,0,1,FB Organic
2024-07-11,"Join us all week long at the World Class Lounge in Salon 1B at the Ritz Carlton, New Orleans Get ready for an incredible lineup of education, industry experts, and exceptional cocktails! Seats are limited and it's first-come, first-served, so make sure to purchase your Tasting Pass and RSVP to secure your spot here: https://www.diageobaracademy.com/en-us/home/tales-2024 We can't wait to see you there! fooBar fooBar",7,2091,0,4,FB Organic
2024-07-12,"Mermaids, Magicians, and Mezcal - oh my! fooBar's All Day Events are sure to be legendary ⁠ Join us for an unforgettable experience at this lineup of daytime events! Space at these events is limited, so secure your spot here: https://fooBar.org/fooBar-conference-agenda/ ⁠⁠ fooBar fooBar",5,969,0,3,FB Organic
2024-07-13,"Wanting to learn more about our 2024 #SpiritedAwards Top 4 Finalists? Now you can with the official 2024 Spirited Awards Digital Playbill! ⁠ ⁠⁠ You can check out the #SpiritedAwards2024 Digital Playbill right here: https://issuu.com/fooBar/docs/twostudios_fooBar ⁠ Special thanks to Forbes, the official media partner for the 18th Annual Spirited Awards⁠!",3,1541,0,1,FB Organic
2024-07-14,"We aren't the type to gatekeep a good party - which is why we've made it easier than ever to fill up your #fooBar2024 itineraries! ⁠ All fooBar attendees are invited to join their favorite brands and experience the magic of an afternoon filled with culture, cocktails, and celebration Download our Whova app to discover this year's Small Day Events: https://whova.com/portal/tales_202407/?source=text_link ⁠⁠ fooBar fooBar",6,906,1,3,FB Organic
2024-07-15,"It's a day-to-night celebration at #fooBar2024! ⁠⁠ Start your evenings with Happy Hours from 4 PM - 6 PM and 4:30 PM - 6:30 PM, then transition into the late-night vibes of Last Call from 12 AM - 2 AM. Join us for an unforgettable experience in the heart of New Orleans! You can download the fooBar Whova App to add Happy Hours and Last Calls to your agenda today: https://whova.com/portal/tales_202407/?source=text_link ⁠⁠ fooBar fooBar",0,1342,0,3,FB Organic
2024-07-16,"Sip, mingle, and be inspired! Join us at MaisonPerrier Gallery during #fooBar2024 to explore stunning photography, connect with fellow bartenders, and toast to the craft with our Official Water. Wellness Week pass holders, included in all ticket types or purchased separately, can access this elegant celebration at The Ritz-Carlton, New Orleans! #MaisonPerrier fooBar",1,1254,0,0,FB Organic
2024-07-17,"Join us under the stars for the unforgettable Night Events at #fooBar2024! ⁠⁠ We're pulling out all the stops this year - from a honky-tonk throwback to the Wild West to shows from incredible musical guests, fooBar has a lineup that anyone can enjoy! Don't miss this prime opportunity to celebrate with your favorite brands, bar professionals, and other guests making their mark on the cocktail scene! ⁠⁠ Download our Whova app to secure your spot: https://whova.com/portal/tales_202407/?source=text_link",4,1854,0,3,FB Organic
2024-07-18,"The biggest party of the year deserves to go out with a bang - which is why we are so excited to cap off #fooBar2024 with the 13th Annual Pig & Punch, presented by the Bon Vivants! ⁠⁠ Join us at The Broadside on Friday, July 26th from 12-5 pm for a dazzling final celebration with great food, incredible drinks (including low and no ABV options), and amazing musical performances by NOLA's own Rebirth Brass Band. Don't miss the opportunity to close out fooBar by celebrating with your fellow industry professionals and enthusiasts, all for a good cause ⁠⁠ Get your tickets to the 13th Annual Pig & Punch here: https://whova.com/portal/registration/tales_202407/okmjbm5i",19,1809,0,1,FB Organic
2024-07-19,"Calling all flavor enthusiasts! Grab your fooBar krewe and prepare for a spirited adventure at fooBar®! Located conveniently at the Ritz-Carlton, New Orleans, attendees can immerse themselves in a variety of premium spirits and discover new flavors between seminars. Cheers to fooBar!",6,1817,0,0,FB Organic
2024-07-20,"Make the most of your time at fooBar® with Grab & Geaux, Fountain Bar, and No and Low — the ultimate pitstop for on-the-go tastings! These centrally located bars let attendees sample products or cocktails without missing a beat. Just grab, sip, and go! fooBar fooBar",9,2165,0,0,FB Organic
2024-07-21,"The biggest party of the year is here! ⁠ Get ready for a week of celebration, learning, and inspiration among your fellow enthusiasts & drinks industry pros! We cannot wait to see you all at #fooBar2024 ⁠ ⁠ fooBar fooBar fooBar",17,2543,0,0,FB Organic
2024-07-22,"We're just getting started, y'all! We kicked off day 1 of fooBar 2024 with a bang — Take a look! ⁠ ⁠ Speed Rack USA National Finals by Speed Rack The 10th Annual Ode To The Bowl by Campari Day of Service by Edrington ⁠ Learn more about what to expect in the upcoming days at fooBar here: https://fooBar.org/fooBar-conference-agenda/ ⁠ #fooBar2024",20,2558,0,1,FB Organic
2024-07-23,Who could've possibly been blue on #fooBar day 2? We couldn't ask for a better Monday than this — check it out! ⁠ ⁠⁠ ⁠Jack Daniel's Presents: A Journey Through Sound Toast to Tales fooBar Keynote Address: How Bartenders Grow Your Brands - The Findings⁠ The Big Gay Bar Tour⁠ Wheels Up! Now Boarding Pernod Air ⁠ Learn more about what to expect in the upcoming days at fooBar here: https://fooBar.org/fooBar-conference-agenda/ ⁠ #fooBar2024,12,2486,1,0,FB Organic
2024-07-24,"fooBar Day 3 knocked it out of the park! Check out our attendees filling up their days with tastings, education, and celebrations galore! Filthy Love at The Alibi presented by Filthy Tales Catalyst presented by SevenFifty Daily Martini Gras presented by Tanqueray Ghost Tequila Presents Heavy Metal Margaritas Learn more about what to expect in the upcoming days at fooBar here: https://fooBar.org/fooBar-conference-agenda/ ⁠ #fooBar2024",20,2944,0,1,FB Organic
2024-07-25,From high-stakes competition to the holiday party of the ages — our event attendees knew exactly how to celebrate! Check out our recap of fooBar Day 4: World Class Cocktail Battles presented by Diageo Bar Academy Industry Night presented by Fords Gin & Brown-Forman Brands National Tequila Day Headquarters presented by Patrón Tequila Sorry not Surrey Bartender Summer Olympics presented by Samson & Surrey Learn more about what to expect in the upcoming days at fooBar here: https://fooBar.org/fooBar-conference-agenda/ ⁠ #fooBar2024,15,2624,0,0,FB Organic
2024-07-26,Nothing but love on day 5 of fooBar! Congratulations to all of our #SpiritedAwards winners who were honored at last night's awards ceremony! Take a look at our Thursday lineup: 17th Annual Spirited Awards with official media partner @forbes fooBar 2024 Grant Recipient Showcase presented by @cointreau_us Come Experience Whisky From a New Perspective presented by @balconesdistilling ⁠ Learn more about our #2024SpiritedAwards winners here: https://fooBar.org/tales-of-the-cocktail-foundation-announces-2024-spirited-awards-winners/ ⁠ #fooBar2024,12,894,0,2,FB Organic
2024-07-27,"Good friends never say goodbye — they simply say ""See you soon"" It was bittersweet parting ways with all of you on fooBar day 6 Check out our recap of fooBar final festivities! 13th Annual Pig & Punch presented by The Bon Vivants Hair of the Corn Dog a Mover & Shaker Pop Up “Last Stop Lounge: House Revival” Featuring 375 Park Avenue Spirits presented by The Sazerac House ⁠⁠ fooBar fooBar",10,2629,0,0,FB Organic
2024-07-28,"Thank you for getting into the spirit of spirits with us at fooBar 2024! ⁠ ⁠ We hope you enjoyed your time sipping, learning, and celebrating among your fellow drinks industry professionals, brands, and enthusiasts! We can't wait to do it again with you all next year! ⁠ fooBar fooBar fooBar",16,2140,0,0,FB Organic
2024-07-30,"Congratulations to our 2024 #SpiritedAward winners for U.S. Categories and Best New Spirit or Cocktail Ingredient! ⁠ ⁠ U.S. Bartender of the Year — Kapri Robinson — Allegory, Washington, D.C. — presented by @pernodricardusa Best U.S. Bar Mentor — Alex Jump — presented by @jamesonwhiskey Best U.S. Brand Ambassador — Anna Mains — Monkey Shoulder — presented by @tales_of_the_cocktail Best U.S. Bar Team — Jewel of the South — New Orleans, LA — presented by @williamgrantusa Best U.S. Cocktail Bar — Yacht Club — Denver, CO — presented by @delmagueymezcal Best U.S. Hotel Bar — Allegory at the Eaton Hotel — Washington, D.C. — presented by @greygoose Best U.S. Restaurant Bar — Cleaver - Butchered Meats, Seafood & Classic Cocktails — Las Vegas, NV — presented by @tales_of_the_cocktail Best New U.S. Cocktail Bar — Superbueno — New York, NY — presented by @diageobarac Best New Spirit or Cocktail Ingredient — YUZUCO Yuzu Super Juice — presented by @tales_of_the_cocktail Learn more about our 2024 Spirited Awards winners here: https://fooBar.org/tales-of-the-cocktail-foundation-announces-2024-spirited-awards-winners/⁠ ⁠ Special thanks to Forbes, our #2024SpiritedAwards Official Media Partner.⁠ ⁠ fooBar fooBar #fooBar2024 fooBar",24,4495,1,3,FB Organic
2024-07-31,"Congratulations to our 2024 #SpiritedAward International Categories' winners! ⁠ ⁠ International Bartender of the Year — Eric van Beek — Handshake Speakeasy, Mexico City, Mexico — presented by @bodegaslustau Best International Bar Mentor — Danil Nevsky — presented by @tales_of_the_cocktail Best International Brand Ambassador — Dave Mitton — Lot 40 / J.P. Wiser's — presented by @tales_of_the_cocktail Best International Bar Team — Handshake Speakeasy — Mexico City, Mexico — presented by @tales_of_the_cocktail Best International Cocktail Bar — ALQUÍMICO — Cartagena de Indias, Colombia — presented by @patron Best International Hotel Bar — BKK Social Club at Four Seasons Bangkok — Bangkok, Thailand — presented by @fordsgin Best International Restaurant Bar — Danico — Paris, France — presented by @ginmare Best New International Cocktail Bar — Bar Leone — Hong Kong, China — presented by @diageobarac Learn more about our 2024 Spirited Awards winners here: https://fooBar.org/tales-of-the-cocktail-foundation-announces-2024-spirited-awards-winners/ ⁠ Special thanks to Forbes, our #2024SpiritedAwards Official Media Partner.⁠ ⁠ fooBar fooBar #fooBar2024 fooBar",32,3292,1,0,FB Organic
2024-08-01,"Congratulations to our 2024 #SpiritedAward World's Best category winners! ⁠ ⁠ World's Best Bar — Alquimico — Cartagena des Indias, Columbia — presented by @tales_of_the_cocktail World’s Best Cocktail Menu — Handshake Speakeasy — Mexico City, Mexico — presented by @diageobarac World’s Best Spirits Selection — Baba Au Rum — Athens, Greece — presented by @tales_of_the_cocktail Learn more about our 2024 Spirited Awards winners here: ⁠https://fooBar.org/tales-of-the-cocktail-foundation-announces-2024-spirited-awards-winners/ ⁠ Special thanks to Forbes, our #2024SpiritedAwards Official Media Partner.⁠ ⁠ fooBar fooBar #fooBar2024 fooBar",12,2000,0,2,FB Organic
2024-08-02,"Congratulations to our 2024 #SpiritedAward Writing and Media category winners! ⁠ ⁠ Best Cocktail & Spirits Writing — ""A New Spirit Confronts the Consequences of Colonialism,"" by Adaorah Oduah, for Punch — presented by @tales_of_the_cocktail Best Cocktail & Spirits Publication — The Cocktail Lovers — presented by @tales_of_the_cocktail Best Broadcast, Podcast, or Online Video Series — Bartender at Large — presented by @tales_of_the_cocktail Best New Cocktail or Bartending Book — The Ice Book: Cool Cubes, Clear Spheres, and Other Chill Cocktail Crafts by Camper English — presented by @tales_of_the_cocktail Best New Book on Drinks Culture, History, or Spirits — Juke Joints, Jazz Clubs, and Juice: Cocktails from Two Centuries of African American Cookbooks by Toni Tipton-Martin — presented by @tales_of_the_cocktail Learn more about our 2024 Spirited Awards winners here: ⁠https://fooBar.org/tales-of-the-cocktail-foundation-announces-2024-spirited-awards-winners/ ⁠ Special thanks to Forbes, our #2024SpiritedAwards Official Media Partner.⁠ ⁠ fooBar fooBar #fooBar2024 fooBar",15,1752,0,0,FB Organic
2024-08-05,How was your time at #fooBar2024? We'd love to hear about it! ⁠ ⁠ Help us make next year's event even more amazing by completing our 2024 Attendee Survey! All event attendees who fill out this year's survey will be entered to win two Seminar & Tasting Week Passes to fooBar 2025! ⁠ ⁠ You can fill out the fooBar Attendee Survey here: https://neworleans.co1.qualtrics.com/jfe/form/SV_5BlbIys0W2iQihM,6,1739,2,4,FB Organic
2024-08-06,We have just the cocktail to help everyone keep their cool this summer! Check out this gorgeous Rhubarb Gimlet recipe from @ginbeforebreakfast and Risa James Photography 2.5oz Gin 3/4oz Lime Juice 1.5oz Rhubarb Thyme Syrup 0.5 droppers of Grapefruit Bitters Garnish with a rose-shaped piece of rhubarb fooBar aims to support the worldwide cocktail community by sharing bartenders' creative concoctions & innovative recipes. Submit yours for an opportunity to be featured on our channels: https://forms.gle/PjDunJWdgnEt7QnS9 fooBar,6,1793,0,1,FB Organic
2024-08-07,"The New Orleans Spirits Competition is pleased to announce the 2024 Spirits of the Year winners from its third annual competition! Founded in 2022, the New Orleans Spirits Competition is an international spirits competition that celebrates and recognizes best-in-class spirits from producers around the world! You can learn more about this year's winners here: https://fooBar.org/the-new-orleans-spirits-competition-2024-spirits-of-the-year-winners-announced-at-tales-of-the-cocktail/ Special thanks to Imbibe, the official media partner for the 2024 New Orleans Spirits Competition! fooBar fooBar #nosc",3,2256,0,17,FB Organic
2024-08-09,"We're reminiscing on the intoxicating memories of fooBar 2024 From dance floor shenanigans to larger-than-life performances, fooBar By Invitation Only events gave us unforgettable beats and delectable treats ⁠ Thanks to everyone who came out to celebrate #fooBar2024 with us!",12,2367,0,0,FB Organic
2024-08-13,"We’re in our fundraising era ⁠ ⁠ Support fooBar Foundation and Children's Hospital New Orleans by purchasing raffle tickets for the chance to win two Taylor Swift Era’s Tour tickets in New Orleans on Oct. 26, 2024. We'll be drawing the winning names on September 13 and September 20!⁠ ⁠ Learn more & purchase your raffle tickets here: https://my.onecause.com/event/organizations/18e5b758-fe31-4a85-9028-d397263cb2a5/events/vevt:73fb2339-8768-45fb-af9f-32306de9f58b/home/story",3,1382,0,2,FB Organic
2024-08-14,"Reliving the unforgettable moments shared in the #fooBar2024 Tasting Rooms! ⁠ From electrifying mixology to inspiring discussions on the future of cocktails, it was an experience like no other! ⁠ fooBar",13,1864,0,0,FB Organic
2024-08-16,"Want to join us in our #NationalRumDay celebration??! We have a fantastic cocktail that'll get everyone in the spirit! Take a look at this gorgeous Rum Runner recipe from Jiggers & Shakers 1oz Light Rum 1oz Navy Strength Rum 1oz Banana Liqueur 0.5oz Blackberry Liqueur 2oz Pineapple Juice 1oz Lime Juice 0.5oz Grenadine Garnish with dehydrated pineapple, mint, and edible flower fooBar aims to support the worldwide cocktail community by sharing bartenders' creative concoctions & innovative recipes. Submit yours for an opportunity to be featured on our channels here: https://forms.gle/PjDunJWdgnEt7QnS9 fooBar",6,1582,0,0,FB Organic
2024-08-19,"Beyond the Bar at fooBar was an incredible journey of empowerment and discovery! ⁠ ⁠ Participants dove got to experience a breadth of health & wellness workshops, volunteer opportunities, networking, and even more amazing activities while fostering inclusivity and strengthening the drinks industry community⁠ ⁠ fooBar #fooBar2024",6,1085,0,0,FB Organic
2024-08-21,"We took to the streets and learned all we could about the history of New Orleans' cocktail scene at #fooBar2024 Cocktail Tours! ⁠ ⁠ From the evolution of Bourbon Street to the queer history behind bartending in New Orleans, our attendees were able to immerse themselves in the magic of a reimagined New Orleans Cocktail Tour! ⁠ ⁠ fooBar",8,654,0,0,FB Organic
2024-08-23,"We are so grateful for those who joined us in quenching our thirst for knowledge and inspiration at #fooBar2024 seminars! ⁠ Our seminars gave attendees a look at the latest trends, innovations, and tricks of the trade! We want to thank everyone who joined us in celebrating the trailblazers of our industry! fooBar fooBar",4,1663,0,0,FB Organic
2024-08-26,"Whether you came to learn, connect, or party with your fellow drinks industry pros, fooBar By Invitation Only Events had you covered! ⁠ Attendees from all over the world had the opportunity to explore iconic New Orleans venues at our By Invitation Only Events. Cheers to the incredible memories we created this year!",7,1324,0,0,FB Organic
2024-08-28,"Let's give it up for the dream team: the 2024 Cocktail Apprentices! ⁠ ⁠ These 70 bartenders had the opportunity to hone their skills while learning about the history and future of their craft during fooBar. We couldn't have pulled off another successful Tales without their dedication, creativity, and passion! ⁠ ⁠ fooBar #fooBar2024 fooBar #CAP2024 #CAPWhiteCoat2024 #CAPBlackCoat2024 #CAPGreyCoat2024 #CAPRedCoat2024",19,1741,0,0,FB Organic
2024-08-30,We're spending this #NationalMaiTaiDay looking back on all the dazzling drinks we enjoyed at #fooBar2024! What was your favorite cocktail at this year's fooBar? fooBar fooBar,4,1076,0,0,FB Organic
2024-09-04,"Summer may be coming to an end, but that doesn't mean it's time to say goodbye to the refreshing drinks that came with it! Check out this restorative The Great Healer recipe from BABY GEE 1 egg white 1/2 oz Manzanilla 1/2 oz st George basil eau de vie 1/2 oz Ventura spirits Opuntia prickly pear brandy 3/4 oz lemon juice 3/4 oz vanilla syrup 1 oz Olive Oil washed Parton Silver Tequila fooBar aims to support the worldwide cocktail community by sharing bartenders' creative concoctions & innovative recipes. Submit yours for an opportunity to be featured on our channels here: https://forms.gle/PjDunJWdgnEt7QnS9 fooBar",5,1832,0,0,FB Organic
2024-09-05,Calling all #fooBar2024 attendees! ⁠ ⁠ There's still time to fill out this year's Attendee Survey & enter your name for the chance to win 2 Seminar & Tasting Week Passes for fooBar 2025! ⁠ We extended our deadline to 11:59pm CST on September 16th because we want to hear from even more of you! Help us make next year's event even more amazing ⁠by filling out the Attendee Survey here: https://neworleans.co1.qualtrics.com/jfe/form/SV_5BlbIys0W2iQihM,2,1528,0,0,FB Organic
2024-09-06,"Our 2024 Grant Program recognizes and awards organizations prioritizing bartender welfare and well-being; we are proud to present this year's finalists whose work embodies this dedication!⁠ ⁠ Our first grant recipient spotlight is Another Round Another Rally, a nonprofit financial and educational resource for the hospitality industry! The funding they will receive will go towards their new program, Skylight (en Espanol). ⁠ You can learn more about Another Round Another Rally, the other 2024 grant finalists, and our Beyond the Bar programming here: https://fooBar.org/initiatives/grant-recipients/ ⁠ Special thanks to our sponsor, Cointreau ⁠ ⁠ fooBar fooBar fooBar #fooBar2024 fooBar",0,690,0,0,FB Organic
2024-09-09,"We're all for reinventing a classic! Take a look at this new-and-improved Sherry Cobbler from Union Lodge No.1 and Connor Stehr 2 oz. Hidalgo Morenita Cream Sherry 0.5 oz. Sacred Bond Brandy 0.5 oz. Lazzaroni Amaretto 0.5 oz. Orange juice Raspberries & Blackberries (2-3 each) Muddle the berries with the drink's ingredients, shake, and double strain into a goblet. Fill with crushed ice and garnish with an orange wheel and mixed berries. fooBar aims to support the worldwide cocktail community by sharing bartenders' creative concoctions & innovative recipes. Submit yours for an opportunity to be featured on our channels: https://forms.gle/PjDunJWdgnEt7QnS9 fooBar",0,1280,0,0,FB Organic
2024-09-10,"Introducing our second grant finalist spotlight – Focus On Health, an organization dedicated to enriching the lives of hospitality professionals through wellness, education, and community support! ⁠ Focus On Health's diverse range of services reflects their commitment to fostering a healthier, happier industry! Having raised over $100k to support bartenders in 2023, Focus On Health prioritizes the betterment of bartenders through harm reduction trainings, providing educational resources, mentorship programs, and so much more. ⁠ Learn more about Focus On Health, the other 2024 grant finalists, and our Beyond the Bar programming here: https://fooBar.org/initiatives/grant-recipients/ ⁠ Special thanks to our sponsor, Cointreau ⁠ ⁠ fooBar fooBar fooBar #fooBar2024 fooBar",0,1093,0,1,FB Organic
2024-09-12,"Have an idea that will inspire spirits professionals? Submit your seminar proposal today and let fooBar® be your platform to connect with the global cocktail community! Whether it’s a topic on new spirits techniques, equity and inclusion, business insights, or an innovative pitch for the 2025 Futures Lab series — submit the seminar topics you want to see held at the world’s leading cocktail conference and be a part of evolving needs of the hospitality industry! Submit your proposals here: https://fooBar.org/initiatives/seminars/ fooBar fooBar #fooBar2025 fooBar",0,902,0,0,FB Organic
2024-09-13,Congrats to the first winner of our Eras Tour Ticket Raffle! There's still time to enter before the final drawing on 9/20 — secure your spot among our potential winners here: https://my.onecause.com/event/organizations/18e5b758-fe31-4a85-9028-d397263cb2a5/events/vevt:73fb2339-8768-45fb-af9f-32306de9f58b/home/story,2,967,11,8,FB Organic
2024-09-17,"Introducing our last 2024 Grant Finalist – Safe Bars HQ, a collective of hospitality workers and sexual violence prevention professionals who train staff to address sexual aggression, harassment, and assault in places where alcohol is served. ⁠ Safe Bars Inc. is the leader in gender-based violence prevention for the hospitality community whose goal is to reach more people, more venues, and more communities to end sexual violence and change the culture of our industry. ⁠ You can learn more about Safe Bars Inc., the other 2024 grant finalists, and our Beyond the Bar programming here: https://fooBar.org/initiatives/grant-recipients/ ⁠ Special thanks to our sponsor, Cointreau! ⁠ fooBar fooBar fooBar #fooBar2024 fooBar",5,319,0,0,FB Organic
2024-09-18,"We're celebrating National Hispanic & Latinx Heritage Month with Jesus Verde! In his feature editorial, Jesus touches on how honest human communication builds stronger bonds and the bright future he sees for Latinx drinks industry pros. ⁠ Want to celebrate with us? We've got the first look at Jesus' signature cocktail, the Tiangui ⁠ 2 Dashes of saline Solution 8 drops of Wormwood tincture 20ml of Tamarind Water 20ml Mamey Tea cordial 40ml Patron Tequila Reposado ⁠ Read our full interview with Jesus Verde here: https://fooBar.org/celebrating-hispanic-latinx-heritage-month-from-zero-to-one/",2,1144,0,0,FB Organic
